:020000040800F2
:100000002083012079030008EB450008F540000833
:10001000E945000839290008FD4C000800000000EF
:10002000000000000000000000000000B90200080D
:10003000E52900080000000015030008F148000849
:100040009303000893030008930300089303000838
:100050009303000893030008930300089303000828
:100060009303000893030008930300089303000818
:100070009303000893030008930300089303000808
:1000800093030008930300089303000893030008F8
:1000900093030008930300089303000893030008E8
:1000A00093030008930300089303000893030008D8
:1000B00093030008930300089303000893030008C8
:1000C00093030008930300089303000893030008B8
:1000D00093030008930300089303000893030008A8
:1000E000A12A000893030008930300089303000863
:1000F0009303000893030008930300089303000888
:100100009303000893030008930300089303000877
:100110009303000893030008B14900089303000803
:100120009303000893030008930300083D29000887
:100130009303000893030008930300089303000847
:100140009303000893030008930300089303000837
:10015000930300089303000893030008F14C000880
:100160009303000893030008930300089303000817
:1001700093030008930300089303000800000000A5
:10018000930300089303000800F002F800F084F8DD
:100190000AA090E8000C82448344AAF10107DA45E2
:1001A00001D100F079F8AFF2090EBAE80F0013F0B0
:1001B000010F18BFFB1A43F00103184798FD030015
:1001C000D8FD03000A444FF0000C10F8013B13F077
:1001D000070408BF10F8014B1D1108BF10F8015BA0
:1001E000641E05D010F8016B641E01F8016BF9D193
:1001F00013F0080F1EBF10F8014BAD1C0C1B09D1EA
:100200006D1E58BF01F801CBFAD505E014F8016B5B
:1002100001F8016B6D1EF9D59142D6D370470000ED
:10022000103A24BF78C878C1FAD8520724BF30C822
:1002300030C144BF04680C607047000000230024F4
:1002400000250026103A28BF78C1FBD8520728BFE6
:1002500030C148BF0B607047642900F04D8273299C
:1002600000F0E186002070471FB53AF0C1FD9DE81F
:10027000030000F011FE01F013FA04000020002139
:100280003AF0D6F9401C6060002000213AF0E6F90F
:10029000E0601FBD10B510BD01F062FC1146FFF714
:1002A000E3FF2CF017FA01F0B5FE03B4FFF7F2FFFD
:1002B00003BC01F0E5FE00002C4B19680868B0E8AB
:1002C000F04F80F30988BFF36F8F4FF0000080F389
:1002D000118870470000000008480068006880F33B
:1002E00008884FF0000080F3148862B661B6BFF34F
:1002F0004F8FBFF36F8F00DF00BF00BF08ED00E03E
:10030000DFF80C00016841F470010160704700BF24
:1003100088ED00E0EFF30980BFF36F8F134B1A688D
:100320001EF0100F08BF20ED108A20E9F04F10607A
:1003300009B44FF0500080F31188BFF34F8FBFF323
:100340006F8F39F01BFA4FF0000080F3118809BC61
:1003500019680868B0E8F04F1EF0100F08BFB0EC45
:10036000108A80F30988BFF36F8F70471400002054
:10037000EFF30580704700000948804709480047AF
:10038000FEE7FEE7FEE7FEE7FEE7FEE7FEE7FEE745
:10039000FEE7FEE704480549054A064B70470000A2
:1003A000A149000889010008205F01202083012065
:1003B000207F0120207F012070B5064600F050FD0F
:1003C000056806F10B0020F00704B4429CBF002032
:1003D00070BD2B466A68BAB11068A04210D304F110
:1003E000080188423CBF5068586007D35168101913
:1003F00041601168091B016058601460101D70BDD8
:1004000013465268002AE7D12146284600F030FD05
:100410000028DED170BD70B50446051F00F020FD38
:100420000068002C14BF446870BD002C18BFAC429B
:100430003CBF20466468F8D301680A18AA4218BF76
:10044000456003D12A6805461144016028684119B6
:10045000A1421CBF6C6070BD61686960216808447E
:10046000286070BD70B50D460646041F00F0F8FC0C
:10047000D0F800C0C5B1E6B105F10B0020F00703CC
:10048000AB423CBF002070BD2068984238BFDCF80A
:10049000042013D3C11A08292FD3E01840F8041BF5
:1004A0002360FFF7B8FF28E03046FFF7B4FF0020D5
:1004B00070BD2846BDE87040FFF77EBF002A18BF18
:1004C000A2423CBF94465268F8D30119914216D11A
:1004D00011680844984212D3C11A08293CBF206011
:1004E000506808D35168E0184160216812681144CF
:1004F000C91A01602360CCF80400201D70BD181FCC
:10050000FFF75AFF050007D021680A1F211D00F0E0
:10051000F9FB201DFFF77FFF284670BD53EA020C50
:1005200000F069802DE9F04B4FF00006002B1FBF53
:10053000B3FA83F503FA05F424FA05F65E4012BF18
:100540001643B2FA82F502FA05F4C5F120051EBF82
:1005500022FA05FC44EA0C04203556EA044C4FEA22
:10056000144418BF641C4FF000084FF0000990427B
:1005700071EB030C39D3002919BFB1FA81F701FAE5
:1005800007F6B0FA80F700FA07F6C7F120071EBF9A
:1005900020FA07FC46EA0C062037B6FBF4FCA7EB72
:1005A0000507103F07F01F0BCBF120060CFA0BFBE1
:1005B0002CFA06F644BFB3460026202FA4BF5E46A1
:1005C0004FF0000B5BEA060C08BF4FF0010B19EB74
:1005D0000B09ABFB027C48EB0608C01B06FB02CCF8
:1005E0000BFB03CC71EB0C01C1E70B460246414605
:1005F0004846BDE8F08B13B54FF000004FF0000106
:10060000AFF30080BDE81C40704710B54C1084EA81
:10061000530404D54042C1F1000138BF491E1B42BA
:1006200004D55242C3F1000338BF5B1EFFF776FFCB
:1006300014F0804F04D04042C1F1000138BF491E80
:1006400014F0004F04D05242C3F1000338BF5B1EC8
:1006500010BD10B5044600F0FBFB0068005DC0064D
:1006600002D504F1200010BD204610BD0FB47CB5AA
:100670000C0009AA009001D02044401E084B7B4486
:1006800069460190089800F09CFC05461CB10020CA
:10069000694600F0A9FC28467CBC5DF814FB00000C
:1006A0007109000070B50C460546012A05D028786E
:1006B000800600D5EA69002302E0012305E05B1C07
:1006C000934202D2E05C0028F9D1A869E618C01A6A
:1006D000A861286A184428622846AFF3008004E025
:1006E000D5E9012114F8010B9047B442F8D328460C
:1006F000AFF3008070BD00002DE9F04106460024F4
:1007000010687529314616A510D0AFF30080002877
:1007100002DA404213A507E031688A0701D512A525
:1007200002E0490704D511A5012401E0AFF30080E0
:1007300000210A2206F1240709E0B0FBF2FCB0FB1D
:10074000F2F302FB1C00303078541846491C002894
:10075000F3D123462A463046BDE8F04100F0D2BB33
:10076000000000002D0000002B0000002000000011
:100770002DE9F05F894604464FF0000ADFF824B106
:10078000FB44C0F820A02046E168884700287DD0BF
:10079000252806D0D4E901219047206A401C206218
:1007A000F1E700255F462046E16888472028064695
:1007B00007DB312E05D2B81910F8200C08B105431B
:1007C000F1E7A80701D525F00405C4F81CA000270F
:1007D000C4F818A02A2E09D0304604F012FC38B311
:1007E00004EB8708303EC8F8186019E059F8041B7C
:1007F000204604EB87029161E1688847012F064695
:1008000018D1E069002820DA25F020051DE0D8F88D
:10081000180000EB800006EB40003038C8F81800E4
:100820002046E1688847064604F0EBFB0028EED13D
:10083000012F0AD02E2E08D12046E16888477F1C60
:100840000646022F45F02005C4DBA069002803DA24
:10085000404245F00105A061E80701D025F01005F0
:10086000A6B1A6F14100192802D8203645F400654A
:100870004A463146204625604D46FFF7EDFC60B103
:10088000012807D0ED1D25F0070000E007E000F18A
:10089000080978E705F1040975E730467AE7206A28
:1008A000BDE8F09FC0ED03000FB400B58DB010A9F6
:1008B000099000910B904FF0FF300A9000200C90AF
:1008C000064878440690064878446A4607900F998F
:1008D00009A800F03DFE0DB05DF814FBAB0C000064
:1008E000C30C00002DE9FF5F1D464FF0FF3B914612
:1008F0004FF000085F46D5E90146A96901987F1CC1
:100900008847296A824688470028F6D1BAF1FF3F16
:100910000CD0002E24F4C06419DD600614D5BAF1A1
:100920002B0F09D0BAF12D0F0ED103E0584604B0B9
:10093000BDE8F09F44F48064A96901987F1C884752
:10094000761E8246002E02DDBAF1300F03D0B9F1D7
:10095000000F26D032E0A969761E01987F1C44F46E
:1009600000748847002E824605DDBAF1780F06D064
:10097000BAF1580F03D0B9F1000F10D01EE0B9F151
:10098000000F02D0B9F1100F18D1A969761E019895
:100990007F1C24F4007488478246102002E008205F
:1009A00000E00A20814609E0A96908FB0908761ED3
:1009B00001987F1C44F4007488478246002E05DDB0
:1009C0004946504600F033FB0028EDDAE96901980A
:1009D0008847A00502D46FF00100A8E7E00725D101
:1009E000600613D5600502D5C8F1000000E040465E
:1009F00029680A1D2A600968220501D5087015E0DA
:100A0000220701D5088011E008600FE02868011D69
:100A100029600068210502D580F8008006E02107E2
:100A200002D5A0F8008001E0C0F8008038467EE7DB
:100A30002DE9FF5F4FF0000899461446464691693C
:100A4000D2E901A7DDF838B001988847054659EA90
:100A50000B0005D009E0A1690198761C884705467E
:100A6000216A284688470028F5D1681C03D05FEA30
:100A7000CA7005D015E04FF0FF3004B0BDE8F09F1C
:100A80002068011D2160D0F800800AE05FEACA708A
:100A900001D108F8015BA169761C01987F1E884787
:100AA0000546002F1ADD681C18D0B9F1000F0DD0D3
:100AB000E81705EBD060421120F01F0059F8221012
:100AC0002A1A012090400142E0D107E0BBF1000F5B
:100AD000DCD12846216A88470028D7D0E1690198EF
:100AE0008847BBF1000F07D1002E05DD5FEACA7011
:100AF00002D1002188F80010A068B84203DDBBF1E4
:100B0000000F03D017B16FF00100B6E73046B4E72D
:100B1000401ECAB210F8011F8A4202D00029F9D142
:100B20000020704730B505460B462A4613F8014BA6
:100B300012F8010B08B1A042F8D01CB1002802D075
:100B40006D1CF1E7284630BD40EA0103024630B58E
:100B50009B0710D14FF0013400E008C208C91D1BEB
:100B60009D4315EAC41FF8D013F0FF0102F8011BE2
:100B70000DD01B0AF8E711F8013B002B02F8013BEE
:100B800005D011F8013B002B02F8013BF3D130BD39
:100B90000022CBB210F8011B994200D1421E00295D
:100BA000F8D11046704710B5431C02E010F8011B45
:100BB00071B18107FAD14FF0013202C88C1A8C430F
:100BC00014EAC211F9D0C01A0A0603D0C01E10BD23
:100BD000C01A10BD0A0401D0801E10BD0902FCD04D
:100BE000401E10BD40EA010370B59B072ED14FF0A7
:100BF0000136042A2AD308C810C99D1B9D43121F21
:100C000015EAC61517D0D8B2E1B2401A50EA05610C
:100C100010D198B2A1B2401A50EA05410AD123F08E
:100C20007F4024F07F41401A50EA052102D1180E7E
:100C3000A0EB146070BDA342DBD018BA21BA884281
:100C400001D9012070BD4FF0FF3070BD0AB90020FE
:100C500070BD10F8013B11F8014B63B1A3420AD1FA
:100C6000521E08D010F8013B11F8014B1BB1A342F2
:100C700001D1521EEDD1181B70BD032A40F2308005
:100C800010F0030C00F0158011F8013BBCF1020FCD
:100C9000624498BF11F801CB00F8013B38BF11F84E
:100CA000013BA2F1040298BF00F801CB38BF00F865
:100CB000013B11F0030300F02580083AC0F00880E2
:100CC00051F8043B083A51F804CBA0E80810F5E7C6
:100CD000121D5CBF51F8043B40F8043BAFF30080A9
:100CE000D20724BF11F8013B11F801CB48BF11F81E
:100CF000012B24BF00F8013B00F801CB48BF00F8EE
:100D0000012B704710B5203AC0F00B80B1E81850A5
:100D1000203AA0E81850B1E81850A0E81850BFF4E5
:100D2000F5AF5FEA027C24BFB1E81850A0E8185084
:100D300044BF18C918C0BDE810405FEA827C24BFD8
:100D400051F8043B40F8043B08BF7047D20728BF66
:100D500031F8023B48BF11F8012B28BF20F8023BB5
:100D600048BF00F8012B704702F0FF0343EA03225B
:100D700042EA024200F070BC4FF0000200B5134698
:100D800094469646203922BFA0E80C50A0E80C50AB
:100D9000B1F12001BFF4F7AF090728BFA0E80C505C
:100DA00048BF0CC05DF804EB890028BF40F8042B55
:100DB00008BF704748BF20F8022B11F0804F18BFC2
:100DC00000F8012B704700004FF0013C50F8042B55
:100DD00051F8043B9A4221D1A2EB0C03934313EA4E
:100DE000CC1317D150F8042B51F8043B9A4215D17B
:100DF000A2EB0C03934313EACC130BD150F8042B52
:100E000051F8043B9A4209D1A2EB0C03934313EA35
:100E1000CC13DBD04FF00000704700BFD01A01BAEE
:100E2000B1FA81F101F0180122FA01F0CB40C1F1D1
:100E30002001DBB2C0B2C01A2CFA01F3D11A9143DF
:100E400011EAC311E6D17047704770477047000040
:100E500010B500F025FC001D10BD00BFD5970300A4
:100E600000487047C45E0120704770477047704764
:100E700038B504460A4600206946AFF300800028D2
:100E800008BF38BD02460099204600F011FC012041
:100E900038BD012000F05CBEF8B5AFF30080054618
:100EA00000200C46102000BF0646A819A0420DD90C
:100EB000324669460020AFF30080070008BF00F00B
:100EC00047FE0098A04218BF0546C419FFF7C8FFA7
:100ED00005600746F01D20F007004619284600F07F
:100EE0000AF8B44208BFF8BDA21B31463868BDE815
:100EF000F84000F0DDBB00210160C0E9011070473F
:100F0000102070472DE9F0470D4699469246044659
:100F100000F124080168880604D5E06921F0100179
:100F2000216000E00120A84201DD471B00E000270E
:100F3000A1697A1902EB0900081AA0612078C0069D
:100F400002D42046AFF30080002608E0D4E9012156
:100F50001AF806009047206A401C761C20624E4515
:100F6000F4DB2078C0060AD52046AFF3008006E007
:100F7000D4E9012130209047206A401C2062381EAD
:100F8000A7F10107F4DC07E0D4E9012118F8050016
:100F90009047206A401C2062281EA5F10105F3DC61
:100FA0002046AFF300802078000602D50220BDE87D
:100FB000F0870120FBE7000001694A1C0261087804
:100FC000704700B58FB0CDE9013100210591054989
:100FD0007944CDE9031011466846FFF7C9FB0FB00D
:100FE00000BD0000E5FFFFFF0A6802F8010B0A6080
:100FF0007047D1E900239A4202D2531C0B60107053
:10100000704710B5436913B1AFF3008001E0FFF7FB
:1010100049FB012010BD127800F124010A70002262
:101020004A700122EDE711684FF0FF32E9E73A28F4
:1010300000D2303820F02002412A01D3A2F137003B
:10104000884201D34FF0FF30704700002DE9FF4F79
:1010500006468BB00878FF2806D0491C2D2805D0FD
:1010600000244FF0000908E000200CE00124F8E71C
:1010700009EB8903491C00EB43090878FF28F7D1E5
:1010800014B1C9F100008146107800252C46AA460B
:1010900029462D2801D02B2804D1521C2D2813D0ED
:1010A000002082468B461078FF280FD04FF0000CAE
:1010B0000A21521CA5FB017804FB018105FB0C11E0
:1010C000C5194BEB0104EEE70120EAE700210846D1
:1010D0004FF00000BAF1000F02D000EB8000400892
:1010E000C0F38157012F01DD4FF0FF370E9955EA0C
:1010F000040009EB01080BD04FF0020918F5FA7F44
:1011000016DA4FEACA70002F706008DD012007E090
:101110004FEACA70C6E900B00FB0BDE8F08F0020FA
:10112000306000F0C1FAC0F800901821084616E0BF
:10113000B8F5FA7F18DD002F02DAF748784401E0AD
:10114000F6487844D0E90010C6E9001040EACA70B9
:10115000706000F0A9FAC0F80090142108460FB0A2
:10116000BDE8F04F39F04EBE002108464FF00000B8
:10117000B8F10001099002DAC7F1000200E03A4636
:1011800001DAC8F1000106A800F070FC06AB93E894
:10119000070003AB83E8070044F23E005BEA04016A
:1011A0000090584604D144F21E012C465D46009141
:1011B000210C0904014306D10099240444EA154492
:1011C0002D041039009104F07F41014306D10099AC
:1011D000240244EA15642D020839009104F070419C
:1011E000014306D10099240144EA15742D01091F19
:1011F000009104F04041014306D10099A40044EA63
:101200009574AD00891E009104F00041084304D19B
:1012100000986D196441401E00904FF001033A465A
:101220006846B8F1000FCDE9014503A902DD01F0E0
:10123000ECF901E001F0BFF9BAF1000F04460D46E8
:1012400001D084F00044002108464FF000000999C5
:1012500040F2FF77484010F00C0F07D124F0004017
:10126000284303D0C4F30A50B84212D100F01CFA4C
:10127000C0F80090C4F30A50B8420AD1A848784494
:10128000D0E90010C6E9001004F000410843706086
:1012900042E7C6E900543FE72DE9FF4F1F464FF0F4
:1012A000000A4FF0FF38454691B0D7E90146CDF826
:1012B0003CA000F0F5F9C0680168405C1090B96985
:1012C00012986D1C8847396A814688470028F6D1F4
:1012D000B9F1FF3F0AD0002E24F4D06411DDB9F13A
:1012E0002B0F08D0B9F12D0F0BD102E0404615B0FD
:1012F00013E744F48064B96912986D1C8847761E20
:101300008146600504A901D52D2000E02B20002E88
:1013100001F1010B0DF130088DF810003FDDB9F13E
:10132000690F08D0B9F1490F05D0B9F16E0F02D09D
:10133000B9F14E0F1CD13B4601A8009580E8500240
:10134000DDE912126FF0020039F0C3FDC11CCED1ED
:101350000EE0B96912986D1C884781461398761E75
:1013600044F4007405600F98401C002E0F9016DDA9
:10137000B9F1300FEDD0B9F1780F02D0B9F1580FB3
:101380000DD10F9801280AD13B46CDE90054DDE983
:101390001212001F029639F09AFDC11CA7D11099B4
:1013A00089453ED144F0800406E01399681CAAF1F7
:1013B000010A44F400740860B9696D1C1298761E25
:1013C000884730288146F0D02BE01099894505D117
:1013D000200603D4761E44F0800418E0484603F04B
:1013E00010FE08B3761E0DF123018B4544F4007402
:1013F00008D2A9F130000BF8010B200607D5AAF19D
:10140000010003E0200602D40AF101008246A00593
:1014100002D51399681C0860B96912986D1C884739
:101420008146002ED1DC53E0002E51DDB9F1650F6D
:1014300002D0B9F1450F4BD1A00549D5B9696D1C52
:101440001298761E24F440748847002E81460CDDE5
:101450002B2804D0B9F12D0F07D144F48074B96959
:1014600012986D1C8847761E8146E00501D52D2116
:1014700000E02B2108F8011BCDF8008021E0761E4A
:101480000DF13901884544F400740CD2A9F1300003
:1014900010F0FF0088F8000002D10099884509D9B2
:1014A00008F1010806E0E00501D51E4801E042F21E
:1014B0000F708246B96912986D1C8847814613984F
:1014C0000560002E04DD484603F09BFD0028D6D1C0
:1014D000F96912988847FF2053468BF8000088F876
:1014E000000000200A900B9004AA0CA90AA8FFF79C
:1014F000ADFDA00502D46FF00100F8E614F0240F52
:1015000012D0E0071CD13868DDE90A12031D3B60E8
:101510000068C0E9001213E05CEE03004EEE030029
:1015200012ED0300F1D8FFFF0AA9684603F010FD91
:10153000E00705D13868009A011D39600068026033
:101540002846D4E6026811441378016018467047B3
:10155000D1600549794451610449794411620021FF
:101560001161114600F0C8B8EDFFFFFF87010000D0
:10157000426842B1016811F8013B23B1521EC0E933
:101580000012184670470121C160881E70474268EA
:101590005AB1C368016843B983688B4205D0491EBC
:1015A000521CC0E90012002070474FF0FF30704716
:1015B0000FB4002300B589B00CA900910B99CB6042
:1015C000214B7B440693214B7B44079304236FF00C
:1015D0000042CDE901321E4A7A446B460892024627
:1015E000002039F072FC09B05DF814FB70B50646B6
:1015F0004FF0FF3015460C46324686B00091CDE9DB
:10160000010169460020049004A8FFF7D1FF0246BB
:101610000498211825B108B1084600E0204628604A
:10162000049800280DD0002A02DD0098884208D0D6
:101630003246081B69460094CDE9010404A8FFF76F
:10164000B7FF06B070BD0000ABFFFFFFC3FFFFFF99
:10165000090100004FF000020429C0F0128010F0D0
:10166000030C3FF48BABCCF1040CBCF1020F18BFA0
:1016700000F8012BA8BF20F8022BA1EB0C01FFF70B
:101680007DBB5FEAC17C24BF00F8012B00F8012B71
:1016900048BF00F8012B704700487047BC5E01202E
:1016A00000487047DC5E012000487047BC5E0120A6
:1016B000034640688C46002818BF88423CBF03465A
:1016C0004068F8D318681844884207D00CF103002A
:1016D00020F00700001D411A521A0146081D0A6039
:1016E000FEF799BE10B50446FFF7B2FB0068005D37
:1016F00000F0010010BD00002DE9F34F4FF0000A8B
:101700000C4656468DB001200C9001F10C000B9058
:1017100062690B9801219047051E2DD0252D2CD0F4
:10172000216A8847C0B162690B9801219047216AFC
:1017300088470028F7D16269411E0B98904700E066
:10174000761CA1690D988847216A88470028F7D13F
:10175000E1690D988847DBE7A1690D988847A842A1
:10176000074601D1761CD3E7E1690D9888477F1CB5
:1017700002D1BAF1000F6FD06CE162690B980027BB
:101780003D46394690472A2804D162690B980121C9
:1017900090470125DFF8D08262690B9801219047BC
:1017A000A0F130010A290AD24745E5DC07EB8701A1
:1017B00000EB4107303FDFD445F01005ECE7E906C8
:1017C00001D46FF000476C280AD04C2814D0682848
:1017D00015D06A280DD074281CD07A281AD01DE0A4
:1017E00062690B98012190476C2802D045F00405EE
:1017F00014E045F002050DE045F020050AE06269BD
:101800000B9801219047682802D045F0080505E0B3
:1018100045F4006562690B9801219047C4E90157BE
:1018200065283DD019DC58287AD00CDC452837D003
:1018300004DC252826D041289ED131E046282FD02F
:10184000472899D12CE05B2877D0612828D06328DD
:101850007CD0642823D15AE0F7E06F2848D008DC18
:1018600066281DD067281BD0692821D06E2816D184
:1018700027E0702845D0732868D0752847D078288D
:101880000DD14DE0A1690D988847252805463FF404
:1018900069AFE1690D9888476D1C3FF46AAFD9E0E4
:1018A0000D9923466A466FF0010039F00EFBC6E041
:1018B00045F0400023464FF000026060A80736D490
:1018C0003EE0E8077FF447AF2068011D2160006813
:1018D000290501D506701BE7290701D5068017E702
:1018E000A90703D5F117C0E9006111E706600FE70A
:1018F00045F0400023464FF008026060A80716D468
:101900001EE040F60E0125EA0100606016E045F099
:10191000400023464FF00A026060A80707D40FE09A
:1019200045F040006060A80708D5234610220D99B5
:101930006FF00100AFF3008081E007E01022234642
:101940000D996FF00100FEF7CDFF78E04FF0000930
:1019500063284F46C8464B46CB4602D05B2807D08B
:1019600039E02079C00601D40120A060012732E0CF
:101970006269D4F80CB00B98012190475E2807D11A
:101980004FF0010949466269D4F80CB00B989047B2
:10199000216939B900210A4603AB43F82120491CCB
:1019A0000829FADBD8B3216949B308F10108626953
:1019B0000B98012190475D28F4D1B9F1000F09D0AF
:1019C000002003A951F82020D24341F82020401CD8
:1019D0000828F7DB03AB2069002820794FEA407024
:1019E0001ED05B462246CDF80080CDE901970D99C7
:1019F00000286FF0010020DAAFF300801FE0C1176C
:101A000003AA00EBD1614B1121F01F0102EB83020D
:101A1000411A13680120884003431360C7E719E0A7
:101A20000D99224600286FF00100009702DAAFF30B
:101A3000008004E0FEF7FCFF01E0AFF30080002827
:101A40000ADA401C06D10C9820B14FF0FF300FB0DD
:101A5000BDE8F08F5046FAE7E90701D10AF1010A23
:101A6000064400200C9053E6CCCCCC0C2DE9F0477A
:101A7000814616468AB0354878440DC88DE80D0079
:101A800032487844801C03AC0DC884E80D0041F650
:101A90009B300844372190FBF1F290FBF1F5A5F162
:101AA000800501FB12041B3C02D56442012000E0CA
:101AB0000020DFF898A080460027FA44AAF1BE0A69
:101AC0000EE0E0070AD03246684607EB47010123E3
:101AD0000AEB810100F084FD8DE8070064107F1C93
:101AE000002CEED1194F7F44AE3F19E0E80715D026
:101AF00007EB04100DF1180A90E80E008AE80E00BA
:101B0000C068F04201D1981908903246012306A915
:101B100003A800F065FD03AB83E807006D10641CAB
:101B2000002DE3D14FF0010332466946B8F1000FB2
:101B300003A802D000F02AFD01E000F051FDC9E940
:101B40000001C9F808200AB0BDE8F08758DB03009F
:101B500010B500F06DFABDE8104000F064BA7047AF
:101B60007546FFF799FDAE4605006946534620F0DD
:101B70000700854618B020B5FEF70CFCBDE82040F4
:101B80004FF000064FF000074FF000084FF0000B39
:101B900021F00701AC46ACE8C009ACE8C009ACE8EC
:101BA000C009ACE8C0098D46704710B5FFF77CFD51
:101BB000006810BD10B50446FFF776FD046010BD47
:101BC0002DE9FF4F1F464FF03C0987B04FF0004210
:101BD000DDE9141001F10108DDF858A002EA4050D7
:101BE0000390002005908346054604460490B96999
:101BF000461E08988847AAF1010A0290BAF1000F20
:101C00003BDD02982E2815D01021FFF710FA00288E
:101C10002EDB4FF0010B0599014317D0B9F1000FEE
:101C20000BDB4A46C11700F031FA05430C43A9F11A
:101C3000040905E0012004900BE008B145F001051E
:101C400001200590049820B9361D02E0049800B1E7
:101C5000361FB969089808F101088847BBF1000FE1
:101C6000AAF1010A0290C9D00999C1F80080C5E71C
:101C70000298702808D0502806D0F969089888473B
:101C8000BBF1000F14D04FE0002002900120BBF107
:101C9000000F049009D0B969089808F10108884735
:101CA000AAF10109B9F1000F07DCF9690898884722
:101CB0006FF001000BB0BDE8F08F2B2804D02D2869
:101CC0000CD14FF0FF300490B969089808F1010871
:101CD0008847A9F10109B9F1000FE6DD411CE4D004
:101CE0000A21FFF7A4F90028DFDB029908F10108B7
:101CF00001EB810100EB41000290B9690898884727
:101D00000A21FFF794F9099AA9F10109B9F1000F25
:101D1000C2F8008001DD0028E7DAF96908988847F1
:101D20000499029800FB016655EA040004D004F00F
:101D30004041090002D006E0039898E0A40044EA7C
:101D40009574AD00B61E04F00041080002D16D1973
:101D50006441761E159810F0240F03D04FF00B0944
:101D60005C4803E04FF028096FF07D00824656453D
:101D700007DAAAEB06018944B9F1410F01DD4FF002
:101D8000410901200021A9F1010200F07FF902467A
:101D900028400B462140084301D0012100E00021EA
:101DA000501E029143F1FF3128402140084301D0E9
:101DB000012000E000200299834651EA0B014FD038
:101DC000002108464FF00000039900F4400039B1AB
:101DD00000EB80004FF4400100EBD07001EA60009E
:101DE0008015012802DD4FF0FF3000E013D0401CC9
:101DF00036D0029860B3BBF1000F0CD14A460120E7
:101E0000002100F043F928402140084301D001207F
:101E100000E00020E0B101204A46002100F036F940
:101E2000034640190A4661412D1A8C4111D3B9F17C
:101E3000400F09DD159810F0240F02D0AAF13406E6
:101E400003E0AAF1170600E0761C00254FF00044DD
:101E500006E05B1E42F1FF3220EA030521EA02049C
:101E6000CAF10100B04206DA1B4903980843019009
:101E7000002000900EE0039AC4F3D321E80A0A433D
:101E8000164940EA44500A433146CDE9000268460B
:101E900003F067F8159810F0240F0BD01598C007C1
:101EA00015D13868DDE90012031D3B600068C0E908
:101EB00000120CE002A8694603F04AF81598C00722
:101EC00005D13868029A011D3960006802604046F9
:101ED000F0E6000002FCFFFF0000F07F0000F03F92
:101EE0002DE9FF4F92461D4685B04FF00041DDE9D8
:101EF000124BDDE914727F1E01EA4B50414940F05C
:101F0000FF4940EA0108002122F0200049280491FD
:101F100002D04E2828D04CE03BA0012607C88DE80F
:101F20000700A9690698641C88477F1E014606D4ED
:101F30001DF8060018B121F0200181420BD0E9699B
:101F400006988847032E34D0082E32D06FF0010057
:101F500009B0BDE8F08F761C032E01D0082EE0D129
:101F6000601CCAF80000DCE7A9690698641C884771
:101F70007F1E2AD420F02000412826D1A969069886
:101F8000641C88477F1E20D420F020004E281CD1DE
:101F9000A9690698641C88477F1E48F4002849F404
:101FA0008009CAF8004001D4282806D0E9690698BB
:101FB00088475FEACB7012D022E0A9690698641CBA
:101FC00088477F1E01D4002803DAE969069888470C
:101FD000BCE72928F1D1641CCAF80040E9E71BF0EE
:101FE000240F07D028680499031D2B600068C0E9FE
:101FF000001805E02868021D2A600068C0F80090FB
:102000002046A5E70000F07F494E46494E49545905
:102010000000000010B50446AFF300802046BDE884
:102020001040FEF742B9002801D000F029B87047EF
:1020300010B5012805D0002103A000F03AF80120D6
:1020400010BD09A1F8E7000053494752544D454DD2
:102050003A204F7574206F662068656170206D6549
:102060006D6F7279000000003A2048656170206D44
:10207000656D6F727920636F72727570746564003C
:1020800001491820ABBEFEE726000200B2F1200392
:102090000AD5C2F1200301FA02F120FA03F300FA93
:1020A00002F041EA0301704700FA03F14FF000002B
:1020B000704770B505460C460A2000E06D1C00F024
:1020C00011F835B128780028F8D102E0641C00F03E
:1020D00009F814B120780028F8D1BDE870400A2032
:1020E000AFF3008008B569468DF800000320ABBE51
:1020F00008BD20F07F4C80EA030023F07F47ACEB63
:10210000070303F57C5300F0004003F1FF032DE9C2
:1021100080494FEA154B09B44FEA144325EA0B4EA8
:1021200024EA03480FF2042606EB132749083E78F9
:102130005FEA320203FB0667C7F5000707FB06F6F6
:102140004FEA54374FEAD64606F1020607FB066C03
:10215000CCF1005C4FEA1C472CEA074C07FB06F465
:102160000CFB06F504EB15464FEA961634BF00202B
:102170004FF000404FEAD13706FB07FC4FEA1C4CFA
:102180000CFB0BF7D21B03FB0CF761EB07010CFBFD
:102190000EF7B0EB074072EB17420CFB08F734BFA9
:1021A000A2EB0742B2EB074261EB17414FEA0C4446
:1021B0004FEA910706FB07FC4FEA1C4C0CFB0BF7A0
:1021C000B0EBC74072EB573203FB0CF734BFA2EB06
:1021D000C742B2EBC74261EB57310CFB0EF7B0EBD5
:1021E000C70072EB57720CFB08F734BFA2EBC702B3
:1021F000B2EBC70261EB5771039F4FEA816141EA7D
:10220000921104EBCC044FEAD1374FEA826206FB0D
:1022100007FC42EA90124FEA80604FEA1C4C0CFB2C
:102220000BF7D21B03FB0CF761EB07010CFB0EF75E
:10223000B0EB074072EB17420CFB08F734BFA2EB80
:102240000742B2EB074261EB17414FEA8C554FEA68
:10225000910704EB9C2406FB07FC4FEA1C4C0CFB8B
:102260000BF7B0EBC74072EB573203FB0CF734BFF0
:10227000A2EBC742B2EBC74261EB57310CFB0EF742
:10228000B0EBC70072EB57720CFB08F734BFA2EB40
:10229000C702B2EBC70261EB577115EB4C254FEA51
:1022A000816141EA92114FEA82624FEAD13742EAF4
:1022B000901206FB07FC44F100044FEA80604FEAED
:1022C0001C4C0CFB0BF7D21B03FB0CF761EB07015B
:1022D0000CFB0EF7B0EB074072EB17420CFB08F754
:1022E00034BFA2EB0742B2EB074261EB174115EB9B
:1022F0001C154FEA813141EA92414FEA823242EAAB
:1023000090424FEA80304FEA0C7644F1000448EAEC
:1023100003434EEA0B484FF0000EB2EB080C71EB92
:10232000030724BF624639464EEB0E0E4FF0000BFA
:102330000018524149414BEB0B0BB2EB080C71EB0F
:1023400003077BF1000B24BF624639464EEB0E0EAD
:102350004FF0000B0018524149414BEB0B0BB2EB15
:10236000080C71EB03077BF1000B24BF6246394672
:102370004EEB0E0E51EA020718BF46F0010616EBAF
:102380000E7655F1000254F1000103D5BDE8890134
:10239000BDE80088BDE88901BDE80048B619524192
:1023A00041EB0101A3F10103704780807F7E7D7CBA
:1023B0007B7A7978777676757473727171706F6ED7
:1023C0006E6D6C6C6B6A6A69686867666665646482
:1023D000636362616160605F5F5E5E5D5D5C5C5B0C
:1023E0005B5A5A595958585757565655555554547B
:1023F000535352525251515050504F4F4F4E4E4DD9
:102400004D4D4C4C4C4B4B4B4A4A4A494949484824
:102410004847474747464646454545444444444364
:1024200043434342424242414141000046EA06469C
:10243000A3F570534FEA164646EA42564FEAD222B7
:1024400042EA415210B54FEAD121A3F1010300F055
:102450002FF820F0004000F1020C00F0004701EBE3
:1024600000501146BCF5006F40EA070000D210BDD5
:10247000BAF1000F0AD01CB503B44FF004004FF0BE
:1024800004014FF000000FBCBDE810404FF0000108
:10249000BBF1010FB9BF04484FF0FF3103480021E1
:1024A00040EA070010BD00BFFFFFEF7F0000F07F94
:1024B000002B9C4630D477002BD01CB54FEA370751
:1024C00003B44FF010004FF01001BAF1000F06D026
:1024D000BCF1000FDCBF40F0080040F008014FF0F5
:1024E00000000FBCBDE810400BF1010BBBF1010F68
:1024F00008BF5FEA170722BF12F1010211F10101C3
:102500004FF0004143F1000300F0004043EA0000B7
:102510007047F9D35708D0E746EA064613F1400F53
:102520004FEA16461FDD13F1200FDFBF16430A46A0
:10253000002120335B42BED0C3F1200746EA0646A5
:1025400002FA07F74FEA164646EA0706C3F12007E4
:1025500022FA03F201FA07F721FA03F14FF0000320
:1025600042EA0702A7E746EA020646EA06464FEABB
:10257000164646EA0106BCBF46EA0646360C4FF050
:1025800000034FF000024FF0000194E72DE9804C6A
:102590009A46934670B491E8380007C831EA400C77
:1025A00048BF34EA430C03D5FFF7A3FDFFF780FFD4
:1025B000F0BCBDE8008C2DE9804C9A46934670B47F
:1025C00091E8380007C831EA400C48BF34EA430CB0
:1025D00003D5FFF78EFDFFF729FFF0BCBDE8008CA7
:1025E0002DE9804C9A46934670B491E8380007C8AC
:1025F00010F0804F08BF13F0804F03D100F01AF89D
:10260000FFF756FFF0BCBDE8008C2DE9804C9A46E0
:10261000934670B491E8380007C810F0804F08BFA7
:1026200013F0804F03D100F005F8FFF7FFFEF0BC78
:10263000BDE8008C20F07F4780EA030023F07F4C48
:1026400007EB0C03A3F57C5300F00040A3F1FE035D
:1026500092F0000F00F0B38095F0000F00F077804B
:102660002DE901494FEA11404FEA144621EA00489A
:1026700000FB06FC24EA064708FB06F607FB08F801
:1026800000FB07F718EB06484CEB164C4FEA124BD1
:1026900018EB07484FEA15464CEB174022EA0B4E61
:1026A0000BFB06FC25EA06470EFB06F607FB0EFEB3
:1026B0000BFB07F71EEB064E4CEB164C4FF00006DB
:1026C0001EEB074E4CEB174B18EB0B0840F10000CC
:1026D00018EB0E0B58EB000840F100008F1A4FF07A
:1026E00000013CBFC943661B14BFB5EB040C0021BD
:1026F0003CBFC943F61B4FEA17444EEA8E0E27EA49
:1027000004454FEA1C4704FB07622CEA074C05FB13
:1027100007F70CFB05F604FB0CFC16EB074642EB37
:10272000174216EB0C4642EB1C421BEB060658EB1D
:102730000202414146EA9E0601D5BDE80189B6196B
:10274000524141EB0101A3F10103BDE801894FEAC8
:1027500014454FEA114724EA054621EA074C05FBD8
:1027600007F406FB07F70CFB06F105FB0CFC11EB6D
:10277000074144EB17444FEA124711EB0C4144EB7D
:102780001C4422EA074C05FB07F206FB07F70CFB8B
:1027900006F605FB0CFC16EB074642EB174216EB60
:1027A0000C4642EB1C456A1854F1000148BF7047C3
:1027B000B619524141EB0101A3F10103704795F0B5
:1027C000000F37D04FEA11424FEA144721EA024680
:1027D00024EA074C02FB07F106FB07F70CFB06F4A3
:1027E00002FB0CFC14EB074441EB17414FEA154781
:1027F00014EB0C4441EB1C4125EA074C02FB07F5A6
:1028000006FB07F70CFB06F602FB0CFC16EB074673
:1028100045EB174516EB0C4645EB1C42121951F1DE
:10282000000148BF7047B619524141EB0101A3F1C5
:10283000010370474FEA14454FEA114724EA054661
:1028400021EA074C05FB07F106FB07F70CFB06F234
:102850004FF0000605FB0CFC12EB074241EB174161
:1028600012EB0C4251EB1C4148BF7047921841EBF0
:102870000101A3F1010370470A460146014801F036
:102880001FBC000008DC00202DE9F05F054617465C
:1028900089460846FEF787F900F0FF0A2846FEF74A
:1028A00082F9C2B2B9F1000F10D0DFF8808029465A
:1028B0001F48D8F80C40C8F8104001F001FC00F0A7
:1028C00051FB06460025DFF86CB027E02946184882
:1028D00001F0F6FB15E000BFD8F8100084421AD0D2
:1028E0001BF80400641CE11704EB51516FF30A015B
:1028F000641A19F80510814206D16D1CEDB25545D8
:1029000009D10120BDE8F09F99F80010814201D162
:10291000012500E000250A2036F034FE00F022FBFD
:10292000801BB842D8D30020ECE700005001002003
:1029300008DC002008D40020FEE70000134810B592
:102940000168C1F3C06100291ED04FF000618160B1
:102950000F49CA788258C97822F0010242500D48C6
:102960008168C1F3C0110029FAD10B4A402191615D
:10297000416821F00201416016F0D0FB002803D02D
:10298000BDE8104016F0BCBB10BD00000064024062
:10299000E8AF030800300140000002402DE9F0419B
:1029A0000F4C06460027D4E90301884214D00025C5
:1029B00040F2FF3800F088F87055D4E903018842EE
:1029C00004D1701947700120BDE8F0816D1C4545A8
:1029D000F0DB86F8FF73F6E737700020F4E70000BD
:1029E00050010020704700002DE9F04700273E46C7
:1029F0000CF0B8FA01222149214801F02AFB4FF4DA
:102A00007A7036F0BFFD1D4C40F6B838641E40F2B7
:102A10004C4542F2107A4FF0010929E0284636F081
:102A2000B1FD164800221146401CFFF72DFF284635
:102A300036F0A8FD1148424612A11730FFF724FFD7
:102A40000028EBD10D48424610A14C30FFF71CFF87
:102A5000012800D10127094852460CA12930FFF76F
:102A600013FF012800D1012617B10EB184F80090A0
:102A700020780028DED0BDE8F0870000510100205A
:102A800008DC002072656164790000004F4B000093
:102A900010B5FFF7A9FFBDE81040002036F098BD43
:102AA00004480168090404D54FF40041016001F0B5
:102AB000B3BB7047143C014002480178491C0170C7
:102AC0007047000000000020084AFF20D2E90313ED
:102AD000994209D00648405C491CCB1701EB53537F
:102AE0006FF30A03C91AD16070470000500100203B
:102AF00008D40020084AFF20D2E90113994209D0E6
:102B00000648405C491CCB1701EB536323F07F035D
:102B1000C91A5160704700003801002068D10020B8
:102B20002DE9F04F474CC1B020780028FCD04FF47D
:102B30008071684607F00EFFDFF80C91002541F226
:102B4000883A4FF4FA674FF47A7B00BF00F00AFA34
:102B5000A0603C4852463DA15B30FFF795FE00283F
:102B600053D038483A463BA18230FFF78DFE98B1EA
:102B700034483A4637A19130FFF786FE60B14FF4F2
:102B8000FA5235A16846FFF77FFE28B100F0EAF956
:102B9000064640F6B83833E0584636F0F3FC29488C
:102BA0000321801CFFF768FE642036F0EBFC25480B
:102BB0000D219E30FFF760FE27E000BFD4E903102F
:102BC00081421AD0411A01F50061CA1701EB525235
:102BD0006FF30A02891A64290FDD00F2FF70C11732
:102BE00000EB51516FF30A01401A494619F80020D1
:102BF0007D2A10D0085C0A280DD00A2036F0C2FCCD
:102C000000F0B0F9811B4145D8D36D1C022D9DDB2E
:102C100041B0BDE8F08F584636F0B4FC09480321B6
:102C2000801CFFF729FE642036F0ACFC05480D211E
:102C30009E30FFF721FE002302221946606937F01B
:102C400093FAE5E75001002008D40020434F4E4E90
:102C5000454354004F4B00004854545000000000BE
:102C600040F6B83036F08EFC0021012035F0F8FD3A
:102C70000128F9D0FFF754FF064C0120214635F01A
:102C8000EFFDFFF74DFF0021012035F0E9FD0128A0
:102C9000F9D0F2E7C02709002DE9F0410446876D1D
:102CA00000F060F9064694F835000025022806D0A9
:102CB0008020606584F834500120BDE8F0812068F0
:102CC000016821F0160101602068416921F080014E
:102CD0004161206C08B9A06C20B12068016821F026
:102CE000080101602068016821F0010101600CE029
:102CF00000F038F9801B052807D9202060650320E3
:102D000084F8350084F83450D7E720680068C0079D
:102D1000EED194F85C103F208840B860012084F820
:102D2000350084F834500020C7E790F835100229A8
:102D300003D08021416501207047052180F83510BE
:102D40000068016821F00101016000207047000067
:102D500070B5044600F006F90546601C02D0044830
:102D60000078044400F0FEF8401BA042FAD370BD86
:102D7000040000202DE9F84FDFF8BCA10022012556
:102D800003264FF00F090AF1040BAAF1040E00BF4D
:102D90000B6805FA02F42340A34270D10F7907F0C3
:102DA0000307012F01D0022F16D187684FEA42088E
:102DB00006FA08FC27EA0C07D1F80CC00CFA08FC4C
:102DC0004CEA070CC0F808C04768A7430C79C4F365
:102DD000001494403C4344600C79E443A4070AD0B7
:102DE000C4684FEA420C06FA0CF7BC438F6807FA36
:102DF0000CF72743C7600C7904F00304022C12D1AE
:102E0000D40800EB840CDCF820405707FF0E09FAC9
:102E100007F824EA0804D1F8108008FA07F848EA0D
:102E20000408CCF8208004684FEA420C06FA0CF73C
:102E3000BC430F7907F0030707FA0CF72743076035
:102E40004C6814F4403F70D03C4C276847F48047EE
:102E50002760246822F0030704F480440094384C6F
:102E600007EB040CDCF8084897074FEA177809FAD3
:102E700008F7BC43334FB84202D1002724E054E0A6
:102E8000314FB84201D101271EE0304FB84201D185
:102E9000022719E02E4FB84201D1032714E02D4F2D
:102EA000B84201D104270FE02B4FB84201D10527CA
:102EB0000AE02A4FB84201D1062705E0284FB84260
:102EC00001D1072700E0082707FA08F72743CCF8C5
:102ED0000878DAF800405746D1F804C09C435FEA0E
:102EE000CC2C00D51C433C60DBF800405F46D1F899
:102EF00004C09C435FEA8C2C00D51C433C60DEF888
:102F000000407746D1F804C09C435FEA8C3C00D572
:102F10001C433C60084F083F3C68D1F804C09C4308
:102F20005FEACC3C00D51C433C60521C102AFFF4E5
:102F30002FAFBDE8F88F0000083C01404438024044
:102F4000003001400000024000040240000802403E
:102F5000000C024000100240001402400018024021
:102F6000001C0240014880687047000004000020F7
:102F70000248816802781144816070470400002093
:102F80000B4810B5016841F400710160016841F41B
:102F900080610160016841F480710160032000F0EC
:102FA0009FF80F2000F006F800F050F8002010BD48
:102FB000003C024030B505461F4887B00024016838
:102FC00041F010010160006806A900F010000090B7
:102FD00001A800F0DBF90498A8B100F0F7F940006F
:102FE0001649174AB0FBF1F11648491E026040F23B
:102FF000E732C0E90324C0E90114846100F05CFDFC
:10300000040003D015E000F0E1F9E9E70D4800F015
:10301000BDFD04000DD1362000F034F8102D07D28C
:1030200000222946362000F03BF80748056000E002
:10303000012407B0204630BD4038024040420F0016
:10304000001000404CBE0020080000200C4882B058
:10305000016841F480410160006800F48040009004
:103060000748001F016841F080510160006800229C
:1030700000F0805000900F21901E02B000F010B8B8
:1030800044380240002809DB00F01F020121914072
:103090004009800000F1E020C0F8001170470000F6
:1030A000F0B40E4B1B680C46C3F30223C3F10705B3
:1030B000042D00D90425191D072901D2002300E0A1
:1030C000DB1E012606FA05F1491E214099409E406B
:1030D000761E16403143F0BC01F011BE0CED00E04D
:1030E000064900F0070208684FF6FF03184040EA5F
:1030F0000220034A10430860704700000CED00E016
:103100000000FA05034908B501200862024800687A
:10311000009008BD00000E42007000402DE9F84309
:10312000054600684FF00109C1074FF0000601D1C4
:10313000400727D5DFF80C81C8F86860FFF712FF59
:103140000746414C05E000BFFFF70CFFC01B0228FB
:1031500057D820680001F7D468688101287A41EACD
:103160000070394984310860C8F86890FFF7FAFEAA
:10317000074604E0FFF7F6FEC01B022841D820688E
:103180000001F7D52878800752D52F4840300168D4
:1031900041F08051016000682C4C00F0805000909C
:1031A000206840F480702060FFF7DCFE074604E0F2
:1031B000FFF7D8FEC01B022823D82068C005F7D52A
:1031C000214C7034206810F4407020D0A98901F49B
:1031D000407181421BD020681D4920F44070C1F825
:1031E00000900E6020602068C00710D0FFF7BAFE84
:1031F000064641F2883707E0FFF7B4FE801BB8426D
:1032000002D90320BDE8F88320688007F4D5E96877
:103210000D48C1F301220830032A0BD0016821F4C4
:10322000F81101602068A989C1F30B0108432060EF
:103230000020E7E70268074B22F4F81219400A431E
:103240000260EFE700004742003802400070004093
:10325000400E4742FFFCFF0F2DE9F0470E460500E8
:1032600065D0DFF81481D8F80000F7B200F007004D
:10327000B04207D288F80070D8F8000000F00700CC
:10328000B04254D128683D4C810712D5400703D580
:10329000206840F4E05020602878000703D52068BB
:1032A00040F4604020602068A96820F0F0000843E6
:1032B00020602878C0072DD0304968680839012877
:1032C00012D0022813D0032811D0096889070029D9
:1032D0002DDA216821F0030101432160FFF742FE4E
:1032E000814641F2883A0EE009688903EFE70968F0
:1032F0008901ECE7FFF736FEA0EB0901514502D941
:103300000320BDE8F0872068696800F00C00B0EB8E
:10331000810FEFD1D8F80010404601F00701B1420B
:1033200007D90770006800F00700B04201D0012003
:10333000E7E72878400705D52068E96820F4E050E1
:10334000084320602878000706D52068296920F402
:10335000604040EAC100206000F058F82168084A47
:10336000C1F30311515CC840064908600648006873
:10337000FFF720FE0020C4E7003C0240083802406E
:103380000EAF030810000020080000200F2202608A
:103390000C4A136803F003034360136803F0F0035F
:1033A0008360136803F4E053C36012684FF4E05382
:1033B00003EAD20202610448006800F007000860D6
:1033C0007047000008380240003C024004480549AC
:1033D00000680968044AC1F38221515CC840704703
:1033E00010000020083802401EAF030804480549B9
:1033F00000680968044AC1F34231515CC840704713
:1034000010000020083802401EAF0308154810B510
:10341000006810F00C02144813D04110042A0FD099
:10342000082A0ED10F4C241F2268236802F03F02A5
:103430005B0207D52068C0F38810A0FB010106E0FD
:10344000084610BD2168C1F38811A1FB00010023CB
:10345000FDF764F82168C1F30141491C4900B0FB44
:10346000F1F010BD083802400024F4002DE9F84FB7
:1034700004006ED02078DFF84C93C007A9F1040552
:103480004AD009F104000168C1F38101012908D083
:103490000068C0F3810002280AD1D9F80000400278
:1034A00006D52868800337D560680028E1D033E06E
:1034B0006068B0F5803F10D0B0F5A02F286810D01C
:1034C00020F480302860286820F48020286060681C
:1034D000A8B1FFF747FD06460DE0286840F48030AC
:1034E000F4E740F480202860F7E700BFFFF73AFDDB
:1034F000801B642873D828688003F7D50CE0FFF799
:1035000031FD064605E000BFFFF72CFD801B642857
:10351000F0D828688003F7D42078DFF8AC828007E1
:103520004FF0000A3ED5A748001D016811F00C0FAE
:1035300008D00068C0F3810002280BD1D9F8000040
:10354000400207D42868800716D5E068012800D11A
:1035500012E033E1E068B8B10120C8F80000FFF7DD
:1035600001FD064605E000BFFFF7FCFC801B0228BA
:10357000C0D828688007F7D52868216920F0F800AE
:1035800040EAC10028600DE0C8F800A0FFF7EAFC9F
:10359000064604E0FFF7E6FC801B02281FD82868D7
:1035A0008007F7D42078000722D5864F87486169C5
:1035B000703771B101210160FFF7D4FC064604E0C9
:1035C000FFF7D0FC801B022809D838688007F7D5A0
:1035D0000EE0C0F800A0FFF7C5FC064605E082E05B
:1035E000FFF7C0FC801B02287DD838688007F7D41D
:1035F0002078400768D5DFF8CCB100270BF13C0BF1
:10360000DBF80000C0000BD4DBF8001041F0805163
:10361000CBF80010DBF80000012700F0805000908C
:103620006B4E3068C00510D4306840F48070306054
:10363000FFF798FC009005E0FFF794FC0099401A12
:10364000022850D83068C005F6D55E4EA0686C36AA
:1036500001280FD00528306810D020F0010030601C
:10366000306820F004003060A068B8B1FFF77AFC41
:1036700000900FE0306840F00100F4E740F00400F3
:103680003060F7E7FFF76EFC0099411A41F288308D
:10369000814266D830688007F4D50EE0FFF762FCFF
:1036A000009007E0FFF75EFC0099411A41F2883074
:1036B000814256D830688007F4D42FB1DBF800106F
:1036C00021F08051CBF80010A069C8B33D49091D15
:1036D0000968C1F3810102294AD00228504607D067
:1036E000C8F8600000E03CE0FFF73CFC04463BE02B
:1036F0004746C8F86000FFF735FC064605E000BF06
:10370000FFF730FC801B02282BD828688001F7D4F3
:10371000D4E907010843A16A2E4A490802EB014196
:10372000626A41EA8211084394F82C1040EA016170
:10373000C9F8001001203866FFF714FC044606E0C3
:103740003EE000BFFFF70EFC001B022809D82868E6
:103750008001F7D534E000BFFFF704FC001B02280E
:1037600002D90320BDE8F88F28688001F4D427E04F
:103770000128F7D0D9F80000E26900F480019142F5
:103780001CD1226A00F03F01914217D147F6C07167
:10379000626A0140B1EB821F10D1A26A4FF0FF3381
:1037A00000F4403103EB5202B1EB024F06D194F822
:1037B0002C1000F07060B0EB016F01D00120D1E758
:1037C0000020CFE70438024000004742800E474205
:1037D000007000400000FFFF0068503050F82100EA
:1037E00070470068503040F82120704710B50068DD
:1037F0000B4641680D480140080CD870C1F3042401
:103800005C7001F03F049C70C1F34231197052B9F1
:1038100000F002FFD870587800F0FEFE58709878DB
:1038200000F0FAFE9870002010BD00003FFFFF007E
:1038300010B50B460168896A596001680969C1F3CE
:103840000E019960006801680D480140C1F3054010
:103850001870C1F306245C7001F07F049C70890D20
:10386000D97052B900F0D8FE1870587800F0D4FE24
:103870005870987800F0D0FE9870002010BD0000BD
:103880007F7F7F0010B5040002D0607F10B106E09A
:10389000012010BD00202077204600F041F80220D2
:1038A00060772068C168C943C90632D5CA21416220
:1038B000216853204862204600F0C2FE20BB2068E9
:1038C0008168164A114081602168886862681043E7
:1038D000D4E904231A43104388602168E068086132
:1038E00020680169228941EA02410161204600F015
:1038F000CBFE48B921680A6C22F480220A64216850
:103900000A6CA3691A430A642268FF21516208B154
:1039100010BD00200121617710BD0000BFFF8FFFA7
:103920007047000070B50446007F0B46012819D08F
:103930000126267702206077B2B19878D97840EADC
:10394000014558781978000240EA41300543216862
:10395000CA204862216853204862204600F070FE69
:10396000D0B122E0022070BD5878C10603D500F026
:10397000EF000A305870D87800F057FE02045878EB
:1039800000F053FE42EA0022987800F04EFE024317
:10399000187842EA4035DAE7074805402068456074
:1039A000204600F071FE00B966772268FF2151625F
:1039B0000021217770BD00003FFFFF002DE9F0419D
:1039C0000446007F0D46012823D04FF0010884F8FB
:1039D0001C80022060772068002780684FEA4060E2
:1039E000D2B1002800DBEF70A878297840EA0146C0
:1039F0006878E978000240EA815006432168CA20CD
:103A00004862216853204862204600F019FEB8B190
:103A10002CE00220BDE8F081002800DBEF70287860
:103A200000F003FE0204687800F0FFFD42EA002285
:103A3000A87800F0FAFD0243E87842EA8056DDE714
:103A40000D480640206806602068816821F48021C6
:103A50008160D5E90301084321688A6810438860C2
:103A6000204600F011FE08B984F81D802268FF216D
:103A700051622777CEE700007F7F7F0070B5044654
:103A80000B482168C860FFF76DFA05464FF47A7657
:103A900007E000BFFFF766FA401BB04201D90320E0
:103AA00070BD2068C0688006F4D5002070BD00009D
:103AB0005F7F01007047704710B5040003D094F891
:103AC0003D0010B107E0012010BD002084F83C004B
:103AD000204600F01EF8022084F83D00211D2068D9
:103AE00000F06CFF012084F8460084F83E0084F862
:103AF0003F0084F8400084F8410084F8420084F8D4
:103B0000430084F8440084F8450084F83D00002018
:103B100010BD704790F83D10012901D00120704779
:103B2000022180F83D1000681149884214D0B0F19C
:103B3000804F11D00F4988420ED00F4988420BD0D8
:103B40000E49884208D00E49884205D00D49884266
:103B500002D00D49884204D1816801F0070106298D
:103B600003D0016841F001010160002070470000AE
:103B7000000001400004004000080040000C00402C
:103B800000040140004001400018004090F83D1042
:103B9000012901D001207047022180F83D10016801
:103BA000CA6842F00102CA6000681149884214D014
:103BB000B0F1804F11D00F4988420ED00E49884293
:103BC0000BD00E49884208D00D49884205D00D49D6
:103BD000884202D00C49884204D1816801F0070173
:103BE000062903D0016841F00101016000207047FF
:103BF000000001400004004000080040000C0040AC
:103C000000040140004001400018004070472DE9C9
:103C1000F04104460068C66805694FF00007A9072F
:103C200013D5B10711D5F91E016101202077206855
:103C300080698007204602D0FFF7E8FF04E000F02B
:103C40007EF8204600F07CF82777680716D57007C5
:103C500014D521686FF004000861022020772068E5
:103C6000806910F4407F204602D0FFF7CFFF04E0C8
:103C700000F065F8204600F063F82777280715D58F
:103C8000300713D521686FF0080008610420207701
:103C90002068C0698007204602D0FFF7B7FF04E024
:103CA00000F04DF8204600F04BF82777E80616D5CF
:103CB000F00614D521686FF0100008610820207705
:103CC0002068C06910F4407F204602D0FFF79EFFB5
:103CD00004E000F034F8204600F032F82777E807D7
:103CE00008D0F00706D021686FF001000861204677
:103CF00000F028F8280608D5300606D521686FF0B0
:103D0000800008612046FFF7D5FE680608D57006DA
:103D100006D521686FF040000861204600F022F8C7
:103D2000A8060AD5B00608D521686FF02000086102
:103D30002046BDE8F041FFF7BEBEBDE8F081704708
:103D40007047000010B500680549884206D1FFF7AA
:103D50000FF9BDE81040012027F05EBF10BD000044
:103D6000001000407047704770470000F8B50168C8
:103D700004460868CA684B6910F00F0F4FF0000541
:103D800059D003F0010602F49077374365D0C1079C
:103D900005D0D10503D5616C41F001016164410793
:103DA00005D5D90703D0616C41F002016164810738
:103DB00005D5D90703D0616C41F0040161640107A6
:103DC00007D502F02001314303D0616C41F00801B6
:103DD0006164616C00293AD0800604D5900602D552
:103DE000204600F081FE20684069616CC0F38010BD
:103DF000090700D460B3204600F04FFE20684069F8
:103E0000400621D52068143050E8001F21F0400101
:103E100040E80012002AF5D1E06BA8B172490165B3
:103E2000E06BFEF782FF002811D0E06B016D01B05E
:103E3000BDE8F040084783060FD593060DD5204610
:103E4000BDE8F84000F050BE2046FFF78DFFF8BDFA
:103E50002046FFF789FF6564F8BD266B2023012EFD
:103E60007ED1C6067CD5D6067AD50868486800900B
:103E700048694FF0020640064DD5E26B1068406875
:103E80004FF480770004000C3AD0A18D814237D9DD
:103E9000E085D069B8422DD020680C3050E8001F72
:103EA00021F4807140E80012002AF5D12068143016
:103EB00050E8001F21F0010140E80012002AF5D16E
:103EC0002068143050E8001F21F0400140E8001243
:103ED000002AF5D184F84230256320680C3050E880
:103EE000001F21F0100140E80012002AF5D1E06B1C
:103EF000FEF7D2FE6663A08DE18D401A81B206E026
:103F0000A18D8142A8D1D069B842A5D1666320466F
:103F1000FFF729FFF8BDA08DE18D401A81B2E08D39
:103F20000028F7D00029F5D020680C3050E8002F89
:103F300022F4907240E80027002FF5D12068143059
:103F400050E8002F22F0010240E80027002FF5D1B1
:103F500084F84230256320680C3050E8002F00E0E0
:103F600006E022F0100240E80023002BF3D1CDE759
:103F700005062BD5150629D594F841002128C9D16D
:103F8000A068B0F5805F01D12069B0B1206A411C02
:103F90002162216800784860E08C401E0004000C1B
:103FA000E084B7D12068C16821F08001C160206839
:103FB000C16841F04001C160F8BD206A0088C0F3CB
:103FC00008004860206A801C2062E5E74006F3D5BF
:103FD0005006F1D5CA68204622F04002CA6084F833
:103FE000413000F086F8F8BD8D4A000870B5040035
:103FF00004D094F84100002510B106E0012070BD06
:1040000084F84050204600F023F8242084F8410032
:104010002068C16821F40051C160204600F0C6FD4F
:104020002068016921F4904101612068416921F013
:104030002A0141612068C16841F40051C160656492
:10404000202084F8410084F842006563002070BDA0
:10405000704790F84230202B01D00220704721B1E8
:104060001AB10023036300F027BE0120704700004F
:1040700030B400680E49884217D10E4908694B7860
:104080000246401CC41700EB54546FF30A04001B93
:10409000CC68A04202D0084CA35408610549012213
:1040A00030BC491C0548FFF7D4BF30BC7047000046
:1040B000001401405001002008D4002008DC00203A
:1040C00090F84130202B01D00220704779B172B1B5
:1040D00001628284C28400214164212180F8411060
:1040E0000068C16841F08001C16000207047012074
:1040F00070477047FEE700002DE9F84FDFF8FC90AD
:1041000000224846DFF8F8C0D0E90261D9E9004052
:104110000B46341B61EB0001501EB4EB0C0C154632
:10412000174671F1000C5ED3DFF8D8804FF0000C19
:10413000B8EB04047CEB010C55D34C46D4E904C124
:10414000BCEB060661EB03012F4BF31A71F1000380
:1041500049D3DFF8B8C00023BCEB06068B4142D33D
:1041600000234FF00309EA4609EB430808F1010C6C
:1041700004EBCC0104EBC80CD1E90061DCE9008C54
:10418000B6EB080661EB0C015206DFF88480120ED4
:104190006D1C4FF0000CB8EB06067CEB010C01D255
:1041A00042F00102082D04D10AF80720002215462A
:1041B0007F1C5B1C202BD7DB9DF80110C943CBB2C1
:1041C0008DF801309DF80310C943CAB28DF8032061
:1041D0009DF80010994203D19DF80230934204D01B
:1041E0000C4A00211160BDE8F88F084600F0FEF986
:1041F0009DF8020000F0FAF90020F4E7E8D1002071
:1042000000127A0080969800E0673500C03B4703B3
:1042100040420F00380100202DE9F04131F056FEF8
:10422000254C264FD4E90423861A61EB03020023B0
:104230001D46BE1B934100D22560C4E90401204AFB
:10424000236802EBC3065B1CC6E900012360042B54
:1042500006D0442B02D1FFF74FFF2560BDE8F08167
:10426000D2E90260D2E900370146F31A60EB070099
:10427000144FDF1B70F10007F0D3DFF84CC00027AC
:10428000BCEB03038741E9D3D2E90402801B62EB54
:1042900001020E49411A72F10001DFD34FEAAC036B
:1042A0000021181A9141D9D3002000F09FF9002075
:1042B00000F09CF9D1E700003801002000E1F5058D
:1042C000E8D1002000127A008096980080841E00B9
:1042D00000B587B000F048F814216846FCF74CFDA3
:1042E0001448016841F008010160006800F008000E
:1042F000059010481430016841F480410160006865
:10430000694600F4804005904FF4004000904FF45F
:1043100044100190012002900748FEF72BFD002277
:1043200002212820FEF7BCFE2820FEF7ABFE07B0D6
:1043300000BD000030380240000C024070B5054658
:1043400008480C46D0E90110814202D14FF0FF30FD
:1043500070BDFEF7CFFB2870FEF7CCFB207000206D
:1043600070BD0000380100200D4808B5026800212A
:1043700042F00102026000684FF0804200F001004C
:1043800000900848C0E900214A1EC0E902120161FC
:104390008161FFF791FBBDE808400248FFF7BABB17
:1043A0004038024050DC0020044908B50A68024346
:1043B0000A6009680140009108BD000030380240E1
:1043C0002DE9F041D2E902431C43D2E904352B43E5
:1043D0001C4393691C43D3691C43936A1C431D4BC4
:1043E0005D5C46591C4F3E4026434651D56AD5B1C7
:1043F0005E5C00F11404176B56F804C03D432CF0CA
:10440000070C4CEA050C46F804C05C5C556B065979
:1044100026F0C0762E4306515D5C946B465926F417
:10442000C006264346515E5C00F10C055468745189
:104430005E5C2D1F146874515B5C051D146A5E5927
:104440006FF30F0626435E51526A00F007F8002012
:10445000BDE8F08106AF03081F80FCFF034B595CE9
:10446000435823F0606313434350704706AF03087B
:1044700030B5036A91FAA1F4B4FA84F4A5000F24CC
:10448000AC4091FAA1F1B1FA81F18900A3438A40CD
:104490001343036230BD30B5036891FAA1F4B4FA56
:1044A00084F465000324AC4091FAA1F1B1FA81F1E2
:1044B0004900A3438A401343036030BD30B583688D
:1044C00091FAA1F4B4FA84F465000324AC4091FAA3
:1044D000A1F1B1FA81F14900A3438A4013438360FB
:1044E00030BD10B503680122C3F380132BBBD1E9A3
:1044F00000231A43D1E9023423431A430B691A43B8
:104500004B691A438B691A43CB691A430B6A1A43E6
:1045100003684FF6BF74A3431A43026042684B69B5
:1045200022F0040242EA134242600A6AB2F5005FD6
:1045300002D1898C89B201610022C16921F4006134
:10454000C161104610BD000086B04FF4FA75194CD9
:1045500027F052FB6168411AA94209D3164B042186
:104560005A69914302F0040241EA02419961606094
:1045700000226946A06C35F0C9FC012813D106F071
:104580001DFA0146A06A1EF035FC02A9206B1EF040
:1045900031FC0199E06A1EF02DFC009834F04EFFCA
:1045A000019834F04BFF27F0FDFB052034F0EAFFC3
:1045B000CEE700007000002000040240094808B562
:1045C000016841F080010160016801F08001009103
:1045D000016841F001010160006800F001000090F5
:1045E00008BD000030380240FEE7FEE7084B10B57A
:1045F00099680A46491CCC1701EB546424F07F04E7
:10460000091B5C68A14202D0024CA054996010BD05
:104610003801002068D10020010901EB810100F080
:104620000F0000EB4100C0B27047002102E00A38E1
:10463000C0B2491C0A28FAD2090740EA1160704743
:104640002DE9F041044600680025C168490618D4E8
:10465000C16841F08001C160FEF784FC06464FF45A
:104660007A78042707E000BFFEF77CFC801B4045FA
:1046700001D9677701252068C068400601D4002D64
:10468000F2D02846BDE8F08170B5044600680025E8
:10469000C16821F08001C16020688068800606D46E
:1046A0002046FFF7EBF910B104206077012528467A
:1046B00070BD000010B504000BD051B100220648B7
:1046C000FFF7B6F8002221460348FFF78FF80020D5
:1046D00010BD4FF0FF3010BD98DC002070B598B0D1
:1046E00030216846FCF748FB00241194129413947F
:1046F00014210CA81494FCF73FFB3748159401686B
:1047000041F080510160006800F080501690FEF783
:10471000F9FC04200125009002956846FEF7A6FEEC
:104720000226002853D00820059500906846FEF721
:104730009DFE08B1FEF7C0F94FF400701196149079
:1047400011A8FEF7EBFC08B1FEF7B6F923480560A7
:1047500024482349C0E900147F218160FF21C0E97A
:104760000314FFF78FF808B1FEF7A6F901211D48E1
:10477000FFF732F843F2F226B04226D00C208DF833
:1047800030008DF831408DF832400F9400220CA992
:1047900014481094FFF712F908B1FEF78DF98DF85F
:1047A00054508DF855508DF856501A208DF85700FA
:1047B000002215A90B48FFF7B5F808B1FEF77CF900
:1047C000324601210748FFF70CF818B070BD4FF4CE
:1047D00080701196B3E70000403802403C0E47421B
:1047E0000028004098DC00202DE9F04786B0804684
:1047F0000EA80E4690E880061C4615461421684611
:10480000FCF7BAFA002005908DF800708DF8019041
:104810000390024604908DF802A069460C48FFF709
:10482000CDF84FF0FF3770B98DF817808DF815600F
:104830008DF816508DF81440002205A90448FFF7A2
:1048400071F8002800D0384606B0BDE8F0870000B7
:1048500098DC002030B589B00C460546142103A829
:10486000FCF78AFA0020089003AB08AA21462846E4
:1048700028F032FB18B14FF0FF3009B030BD9DF881
:104880000C009DF80E209DF80D108DE807009DF896
:1048900020309DF822209DF821109DF82300FFF77D
:1048A000A3FFEAE70949020A0A738A68C2F34002D1
:1048B000002AFAD008738868C0F340000028FAD0B4
:1048C0008868C0F3C0100028FAD17047003001405A
:1048D000064908738868C0F340000028FAD0886849
:1048E000C0F3C0100028FAD170470000003001402A
:1048F00010B54FF0E020006935F0A6FC012803D088
:10490000BDE8104035F044B910BD000030B593B09B
:1049100030216846FCF730FA14210CA8FCF72CFA79
:104920001D480025016841F080510160006800F0D9
:10493000805011901948016841F48041016000687D
:10494000022400F4804011900120009000040190A6
:104950008001CDE9064008AA0420A82182E81300BE
:104960000B906846FEF782FD08B1FEF7A5F80CA98A
:104970000F2081E831004FF4A0500F904FF4805089
:10498000109005210CA8FEF767FC002801D0FEF767
:1049900093F813B030BD0000403802400070004072
:1049A0000248016841F470010160704788ED00E041
:1049B0000148FFF72CB900004CBE0020F0B502689A
:1049C000274B284D284E294F294C4FF0804C9842B8
:1049D00009D0604507D0A84205D0B04203D0B84204
:1049E00001D0A04204D122F0700E4A6842EA0E02C1
:1049F00098421BD0604519D0A84217D0B04215D0BC
:104A0000B84213D0A04211D01A4DA8420ED01A4D70
:104A1000A8420BD0194DA84208D0194DA84205D084
:104A2000184DA84202D0184DA84203D122F4407577
:104A3000CA682A434D6922F080022A438D68C56204
:104A40000D688562984201D0A04201D109690163D5
:104A5000016841F004010160012141610260F0BD83
:104A6000000001400004004000080040000C00402D
:104A70000004014000400140004401400048014062
:104A800000180040001C00400020004010B5806B62
:104A90000021C185FFF768F910BD01680C3151E8AC
:104AA000002F22F4907241E80023002BF5D1016819
:104AB000143151E8002F22F0010241E80023002BBD
:104AC000F5D1016B012909D101680C3151E8002FA2
:104AD00022F0100241E80023002BF5D1202180F8BC
:104AE000421000210163704708B590F84210222956
:104AF00001D0022008BD82684FF480539A4201D150
:104B0000016921B1816A9A421BD04AB10AE0026868
:104B1000816A5268C2F308020A80816A891C08E02F
:104B2000026972B10268526802F07F020A70816AFB
:104B3000491C8162C18D491E0904090CC18503D03D
:104B40001BE002685268F1E70168CA6822F020029F
:104B5000CA600168CA6822F48072CA6001684A6942
:104B600022F001024A61202180F8421000214163B5
:104B7000026B012A03D0FFF77BFA002008BD016316
:104B800001680C3151E8002F22F0100241E80023A7
:104B9000002BF5D101680A68D20602D50A68496877
:104BA0000091818DFFF7DFF8E7E7000070B504465C
:104BB00000680169E26821F44051114301612169F3
:104BC000A068E26908436169114308432168CA6823
:104BD00049F20C639A430243CA6020684169A269A2
:104BE00021F440711143416131492068884202D06B
:104BF0003049884202D1FEF7F9FB01E0FEF7E6FBFF
:104C0000E2690023192164253226B2F5004F62685B
:104C100028D0A0FB0101930F9200FBF77FFC014617
:104C2000B0FBF5F06FF01802504301EB800006EB8B
:104C30000010B0FBF5F000F0F002B1FBF5F002EB74
:104C40000012B1FBF5F06FF01803584301EB800040
:104C500006EB0010B0FBF5F000F00F0021681044E7
:104C6000886070BDA0FB010192185B41FBF756FC08
:104C70000146B0FBF5F00201B1FBF5F06FF018034F
:104C8000584301EB800006EBC000B0FBF5F000F0EC
:104C9000F80002EB4002B1FBF5F0584301EB800055
:104CA00006EBC000B0FBF5F000F00700D6E700000F
:104CB000001001400014014081628285C2850021FC
:104CC0004164222180F84210016921B10168CA685B
:104CD00042F48072CA6001684A6942F001024A6186
:104CE0000068C16841F02001C160002070470000E9
:104CF0000148FFF73BB8000008DC0020FEE7090789
:104D0000090E002804DB00F1E02080F80014704751
:104D100000F00F0000F1E02080F8141D7047000043
:104D200030B52DED048B81B0B0EE408AF0EE608A94
:104D30006A4651EC180B0AF0B7FE00989FED329BC3
:104D40007E300090002821DC53EC192B51EC180B1D
:104D500035F088FD1AD0002140F608004FF0000021
:104D6000044651EC180B35F08FFC08EE100A40F6A3
:104D7000080004EA00014FF00000B5EEC08AF1EE31
:104D800010FA04BF0220FCF715FF2DE00098FF2861
:104D900030DB002108464FF0000000F4400553ECE2
:104DA000192B51EC180B35F003FF8CBF00240124A4
:104DB0000220FCF7FFFE9FED168A4DB1002C0CBFC0
:104DC0004FF400004FF48000A84218BF9FED118AF5
:104DD000042108464FF00000002C01BFB1EE480A44
:104DE00001B0BDEC048B30BDB0EE480A01B0BDECA3
:104DF000048B30BD51EC180B35F046FC01B000EED1
:104E0000100ABDEC048B30BD000000000000000063
:104E10000000807FFFFF7F7F30B540F2FF742DEDF3
:104E2000048BF0EE608A18EE901A85B0B0EE408ADE
:104E30009FED2B9B05468DED008B34EA115147D039
:104E400053EC192B51EC180B35F00CFD40D02A46D1
:104E500051EC180B36F00BF841EC180B18EE900AD9
:104E60008DED008B34EA10501CD053EC192B51EC13
:104E7000180B35F0F7FC2BD10220FCF79BFE00F05D
:104E800057F810EE901A18EE900A8DED020B8DED8A
:104E9000008B61F31E0003909DED020B05B0BDEC8D
:104EA000048B30BD0220FCF785FE00F031F810EED7
:104EB000901A18EE900A8DED020B8DED008B61F3C8
:104EC0001E0003909DED020B05B0BDEC048B30BDC0
:104ED00005B0B0EE480AF0EE680ABDEC048B30BDB8
:104EE000000000000000000000B583B09FED060B3D
:104EF0000A4601468DED000B6846FCF777FB9DEDF9
:104F0000000B03B000BD0000000000000000000026
:104F10009FED050B10B553EC102B51EC100B35F039
:104F200049FD41EC100B10BD0000000000000070B6
:104F30009FED050B10B553EC102B51EC100B35F019
:104F400039FD41EC100B10BD000000000000001006
:104F500010B5044691ED000BFFF7E2FE84ED000A68
:104F600010BD10B5044690ED000B0846FFF754FF46
:104F700084ED000B10BD70B5044600256FF02F06C0
:104F800008E02068411C2160007805EB850106EBF4
:104F9000410145182068007800F02CF80028F0D175
:104FA000284670BD70B514460D461BB9114615F064
:104FB000A1F8034603FB05F0142C0ED0E11F0329D2
:104FC0000AD8072C0DD0082C0DD0092C0DD00A2C96
:104FD0000DD0002100EB810070BD590801FB0500D8
:104FE00070BD0221F6E70421F4E71021F2E74FF447
:104FF0008071EFE73038092801D801207047002080
:10500000704730380A2801D20120704700207047CD
:105010002DE9FC5F9B460CAB8A468146DDE91160B9
:1050200093E81210DDE90F575FEA80784FF0300304
:105030001AD45EB15FEAC07808D000F00C0858EAD4
:105040000C0803D0761E01E00B55641CBC4204D250
:10505000202CF9D301E00B55641C5FEAC07803D023
:10506000B44201D2202CF6D35FEAC06825D55FEAAE
:1050700040580AD44CB1BC4201D0B44205D1641EA0
:1050800003D0102D03D1641E04E0102D02D0022D98
:105090000AD00EE0850603D4202C1ED2782506E027
:1050A000202C1AD2582502E0202C16D262250D554C
:1050B000641C202C11D20B55641C202C0DD2BCF189
:1050C000000F01D02D2306E0430701D52B2302E07A
:1050D000030702D520230B55641CCDE900BAC8464E
:1050E000154681468B46AA46800714D1274607E01D
:1050F0002A46DDE900316D1C2020C446E0477F1CB4
:10510000B742F5D307E02A466D1C641EDDE9003185
:105110001BF80400C047002CF5D15FEA897006D463
:1051200009E02A46DDE900316D1C2020C047A5EBCF
:105130000A00B042F5D32846BDE8FC9F2DE9F04FA8
:105140008FB099468B46DDE91818DDE91C63DDE96F
:105150001A4792468646002209B923F010035805E3
:1051600007AD00D5C9B1B1FBF4F004FB1010C0B21B
:105170000A2801D2303009E05FEA836C02D54FF093
:10518000410C01E04FF0610C60440A38B1FBF4F1CE
:10519000A854521C09B1202AE5D3CDF80880CDE9E6
:1051A0000563CDE90052CDE903474B4652465946C7
:1051B0007046FFF72DFF0FB0BDE8F08F2DE9FF4FD0
:1051C0008FB01CACDDE9239594E8030820AC94E88B
:1051D000C004002450EA010201D125F010056A053F
:1051E0000DF11C0802D550EA010217D032463B46A9
:1051F000FBF794F9D2B20A2A01D2303206E0AB06AC
:1052000001D5412300E061231A440A3A08F804203A
:10521000641C50EA010201D0202CE7D3CDE90084C0
:10522000CDF808B0CDE90595CDE9036A0FAF97E851
:105230000F00FFF7EDFE13B0BDE8F08F9A4200D2E9
:1052400088547047704770B50D46040011D08DB179
:1052500001F07BF800280BD06168006912F071FB47
:105260000646E16B28468847E1680844E06030461E
:1052700070BDFEE7FEE72DE9FF4114460E460546E8
:105280000A461F4621466846DDF8288011F018F9C5
:1052900000281AD0019861682268411A009808FB1A
:1052A0000151821A551831683844441A684611F081
:1052B000F5F8002107E0625C6B5C1A44FF2A00D914
:1052C000FF226254491C8142F5D3BDE8FF8110B52D
:1052D00002004FF000000CD04B1E194200D0FEE738
:1052E0000A44521E9A43B2F5004F02D20C2A01D949
:1052F000104610BD0C2010BD2DE9F04F064691B0B0
:10530000D6E90170804696F821B03568F0680F90B4
:10531000D6E906400E90D6E904A009900AA813F039
:10532000BFFC96F8220008B10020C9E0BAF1000FD6
:1053300005D0BBF1FD0F4FF0000066D28DE0BBF150
:10534000FD0F4FF0000017D21CE000260CE000BF5C
:1053500004EB460005EB46010088ADF804000AAAFC
:10536000019813F0EBF8761CBE42F1DB0F98054470
:105370000E98044409F1010081464045E5DB11B077
:10538000BDE8F08F81464045F9DA002613E000BF02
:1053900004EB46000088ADF804009DF8051011FBF1
:1053A0000BF0000A8DF8050005EB46010AAA0198EA
:1053B00013F0C4F8761CBE42EADB0F9805440E9841
:1053C000044409F10100DDE7002614E004EB460087
:1053D0000088ADF808009DF809101AF8060011FBC6
:1053E00000F0000A8DF8090005EB46010AAA0298B0
:1053F00013F0A4F8761CBE42E8DB0F980999054427
:105400000E988A44044409F1010081464045DBDBE3
:10541000B5E7002617E000BF04EB46000088ADF8B2
:1054200008009DF809101AF8060011FB00F101FBB5
:105430000BF1080C8DF8090005EB46010AAA029849
:1054400013F07CF8761CBE42E6DB0F980999054400
:105450000E988A44044409F1010081464045D8DB96
:105460008DE700201EE000BF04EB4900BAF1000FF9
:105470000088ADF8080027D09DF809201AF8090027
:1054800012FB00F101FB0BF15FEA11408DF80900FE
:1054900096F8222005EB49000AAB029903F0ACFC18
:1054A00009F101008146B842DEDBBAF1000F01D0FC
:1054B00009998A440F9805440E9804440398401CA7
:1054C00003904045CDDB5AE79DF8091011FB0BF026
:1054D000000ADBE72DE9F04F064695B0D6E90170EA
:1054E000804696F821B03568F0680E90D6E90640FF
:1054F0000C90D6E904900A9096F8220020B110A8EA
:1055000013F0E2FB0020D0E0B9F1000F05D0BBF1B1
:10551000FD0F4FF0000064D289E0BBF1FD0F4FF0AA
:10552000000019D21EE000BF4FF000094E460BE00C
:1055300004EB460005EB8901427814F8160013F0DD
:1055400010FA09F10109761CBE42F1DB0E98054400
:105550000C9804440AF1010082464045E4DB15B092
:10556000BDE8F08F82464045F9DA4FF000094E461B
:105570000FE000BF04EB4600417811FB0BF0020A7C
:1055800005EB890114F8160013F0EBF909F1010994
:10559000761CBE42EEDB0E9805440C9804440AF1DA
:1055A0000100DFE74FF0000A564610E004EB46002A
:1055B000417819F8060011FB00F0020A05EB8A0198
:1055C00014F8160013F0CDF90AF1010A761CBE4258
:1055D000ECDB0E980A9905440C98894404440BF1BD
:1055E000010083464045DDDBB9E700BF4FF0000A0C
:1055F000564612E004EB4600417819F8060011FB0C
:1056000000F000FB0BF0020C05EB8A0114F8160009
:1056100013F0A7F90AF1010A761CBE42EADB0E98E4
:105620000A9905440C98894404440598401C059047
:105630004045DBDB93E70020039028E014F81A10C4
:105640000298B9F1000F61F3174061F30F2061F385
:10565000070004EB4A012CD0039A4B7819F802108A
:1056600013FB01F101FB0BF15FEA114161F31F60D4
:105670000290039896F8222005EB800010AB029967
:1056800003F0EAFB0398401C03900AF101008246F4
:10569000B842D3DBB9F1000F01D00A9881440E98CB
:1056A00005440C9804440598401C05904045C2DB15
:1056B00055E74A7812FB0BF1090AD7E72DE9F04FBD
:1056C000054687B0D5E9016790F821B000680090E1
:1056D000E8680290D5E906400390D5E9049004906B
:1056E000686AC11700EB517121F00701A0EB010AB4
:1056F00095F8220008B1002029E1B9F1000F05D08A
:10570000BBF1FD0F4FF0000070D2E2E0BBF1FD0FE6
:105710004FF000002ED233E04FF0000845461FE066
:1057200008EB0A018B4600980AF073FAC0EB0020E0
:105730008DF8040004EB450001A9427814F8150027
:1057400013F02CF99DF8040059467F28009802D9DF
:105750002EF0BAFC01E005F029FA08F101086D1CF1
:10576000B542DDDB02990098084400900398044498
:1057700009F101008146B842CEDB07B0BDE8F08FE9
:105780008146B842F9DA4FF00008454623E000BFF1
:1057900008EB0A01019100980AF03BFAC0EB0020E7
:1057A0008DF8100004EB4500417811FB0BF0020A64
:1057B00014F8150004A913F0F1F89DF810007F28E3
:1057C000DDE9000102D92EF07FFC01E005F0EEF9E1
:1057D00008F101086D1CB542DADB00990298084413
:1057E00000900398044409F10100C9E735E000BFC7
:1057F0004FF00008454624E008EB0A0101910098AB
:105800000AF007FAC0EB00208DF8140004EB450005
:10581000417819F8050011FB00F0020A14F8150090
:1058200005A913F0BBF89DF814007F28DDE90001FD
:1058300002D92EF049FC01E005F0B8F908F10108A1
:105840006D1CB542D8DB029900980844009003987B
:105850000499044489440BF101008346B842C7DB34
:105860008BE700BF4FF00008454626E008EB0A0131
:10587000019100980AF0CDF9C0EB00208DF81400DA
:1058800004EB4500417819F8050011FB00F101FB1C
:105890000BF10A0C14F8150005A913F07FF89DF818
:1058A00014007F28DDE9000102D92EF00DFC01E093
:1058B00005F07CF908F101086D1CB542D6DB0299B0
:1058C0000098084400900398049904440698894479
:1058D000401C0690B842C5DB4FE70020059026E04B
:1058E00014F818100198B9F1000F61F3174061F333
:1058F0000F2061F3070004EB48012CD04B7819F816
:10590000081013FB01F101FB0BF1090C61F31F609F
:105910000190059895F8223000EB0A01DDE90002BC
:1059200003F008FB0598401C059008F10100804633
:10593000B042D5DBB9F1000F01D004998944009938
:10594000029808440090039804440698401C06906E
:10595000B842C2DB11E74A7812FB0BF1090AD5E71E
:105960002DE9F04F064691B0D6E90170804696F8D1
:1059700021B03568F0680F90D6E906400D90D6E961
:1059800004900B9096F8220008B10020C7E0B9F10E
:10599000000F05D0BBF1FD0F4FF0000063D288E08F
:1059A000BBF1FD0F4FF0000018D21DE04FF00009D1
:1059B0004E460BE004EB460005EB0901427814F873
:1059C000160012F0F9FF09F10109761CBE42F1DB65
:1059D0000F9805440D9804440AF1010082464045A1
:1059E000E4DB11B0BDE8F08F82464045F9DA4FF0B4
:1059F00000094E460FE000BF04EB4600417811FB62
:105A00000BF0020A05EB090114F8160012F0D4FF9E
:105A100009F10109761CBE42EEDB0F9805440D9892
:105A200004440AF10100DFE74FF0000A564610E097
:105A300004EB4600417819F8060011FB00F0020A59
:105A400005EB0A0114F8160012F0B6FF0AF1010A7C
:105A5000761CBE42ECDB0F980B9905440D988944E7
:105A600004440BF1010083464045DDDBB9E700BF8C
:105A70004FF0000A564612E004EB4600417819F850
:105A8000060011FB00F101FB0BF10A0C05EB0A010A
:105A900014F8160012F090FF0AF1010A761CBE42BB
:105AA000EADB0F980B9905440D9889440444049847
:105AB000401C04904045DBDB93E70020039020E08E
:105AC00014F81A100098B9F1000F61F3174061F350
:105AD0000F2061F3070026D0039A19F8022012FB69
:105AE0000BF1090A61F31F600090039896F82220D9
:105AF0002844009903F05FFA0398401C03900AF1D0
:105B000001008246B842DBDBB9F1000F01D00B98EF
:105B100081440F9805440D9804440498401C049057
:105B20004045CADB5DE76BF31F60DDE72DE9F04F11
:105B3000804687B0D8E90170814698F821B0D8F83E
:105B40000040D8F80C000290D8E906500190D8E93E
:105B500004A0039098F8220008B1002058E1BAF19F
:105B6000000F05D0BBF1FD0F4FF0000067D28CE0B5
:105B7000BBF1FD0F4FF000001AD21FE00026B04627
:105B80000EE000BF05EB480034F81610427815F817
:105B9000180012F06BFE24F8160008F10108761CBC
:105BA000BE42EFDB02980444019805440AF101006B
:105BB00082464845E2DB07B0BDE8F08F82464845A3
:105BC000F9DA0026B04610E005EB4800417811FBF9
:105BD0000BF0020A34F8161015F8180012F046FE01
:105BE00024F8160008F10108761CBE42ECDB02988E
:105BF0000444019805440AF10100DFE70026B0469D
:105C000013E000BF05EB480041781AF8060011FBCD
:105C100000F0020A34F8161015F8180012F026FEEB
:105C200024F8160008F10108761CBE42EADB02984F
:105C30000399044401988A4405440BF1010083460A
:105C40004845DBDBB7E70026B04614E005EB48002B
:105C500041781AF8060011FB00F101FB0BF10A0C68
:105C600034F8161015F8180012F000FE24F816008B
:105C700008F10108761CBE42E8DB02980444019852
:105C80000544039882440098401C00904845DADBA4
:105C900091E70026304600960494ABE015F810001A
:105CA00098F822104FEAD00E8008012927D0022947
:105CB00042D0032971D00429C4D1049931F8163097
:105CC000CEEBD321002901DCAEEBD3214FF6FF72DE
:105CD00002EAC122C3F3451CACEB0001002901DC40
:105CE000A0EB0C0102EB411082B203F01F01A1EB0B
:105CF0000E00002801DCAEEB0100104439E00499ED
:105D000031F816100EEBD1221F2A00D31F224FF6B6
:105D1000FF7303EAC222C1F3451318443F2800D39E
:105D20003F2001F01F0102EB4010714480B21F2997
:105D300000D31F2108441CE0049931F81610CEEB63
:105D4000D122002A00DC00224FF6FF7303EAC222B0
:105D5000C1F34513181A002800DC002002EB4010A4
:105D600082B201F01F01A1EB0E000028C5DC00206B
:105D7000C3E780B2BAF1000F28D01AF80620BBF1B1
:105D8000FD0F2DD2009905EB4101497812FB01F17D
:105D900001FB0BF10A0C23E0FFE7049931F8161020
:105DA000CB0A13FB0EF253094FF6FF7202EAC3222D
:105DB000C1F3451313FB00F0800902EB401001F022
:105DC0001F0212FB0EF100EB5110D2E70099BBF15C
:105DD000FD0F05EB41014A7802D212FB0BF10A0AD2
:105DE00034F8161012F08CFB24F816000098001DF1
:105DF000761C0090BE42FFF651AF0298BAF1000F38
:105E000004440198054401D003998A440598401C34
:105E100005904845FFF63DAFCDE600002DE9F04F77
:105E2000804687B0D8E90170814698F821B0D8F84B
:105E30000040D8F80C000290D8E906500190D8E94B
:105E400004A0039098F8220008B100206BE1BAF199
:105E5000000F05D0BBF1FD0F4FF0000076D2A2E09D
:105E6000BBF1FD0F4FF000001FD224E00026B0462A
:105E700013E000BF34F8160012F097FF014605EB5F
:105E80004800427815F8180012F020FD12F08DFF3E
:105E900024F8160008F10108761CBE42EADB0298DD
:105EA0000444019805440AF1010082464845DDDBBF
:105EB00007B0BDE8F08F82464845F9DA0026B046C3
:105EC00016E000BF34F8160012F06FFF014605EB34
:105ED0004800427812FB0BF0020A15F8180012F085
:105EE000F5FC12F062FF24F8160008F10108761C98
:105EF000BE42E7DB02980444019805440AF1010020
:105F0000D9E70026B04617E034F8160012F04DFF2E
:105F1000014605EB480042781AF8060012FB00F033
:105F2000020A15F8180012F0D1FC12F03EFF24F816
:105F3000160008F10108761CBE42E5DB02980399C1
:105F4000044401988A4405440BF101008346484506
:105F5000D7DBADE70026B0461BE000BF34F81600E3
:105F600012F023FF05EB48014A781AF8061012FBDD
:105F700001F101FB0BF10A0C15F818300146184627
:105F800012F0A4FC12F011FF24F8160008F1010829
:105F9000761CBE42E2DB02980399044401988A44CD
:105FA00005440098401C00904845D3DB80E7394603
:105FB0002046049418F0D4FC002630460096A4E055
:105FC00015F8100098F822104FEAD00E8008012929
:105FD00027D0022943D0032968D00429B9D10499D4
:105FE00031F81620CEEBD221002901DCAEEBD22114
:105FF0004FF6FF7303EAC123C2F3451CACEB00016B
:10600000002901DCA0EB0C0103EB411081B202F08E
:106010001F02A2EB0E00002801DCAEEB02000844D8
:106020003AE0049931F816100EEBD1221F2A00D362
:106030001F224FF6FF7303EAC222C1F3451318442F
:106040003F2800D33F2002EB401082B201F01F0135
:1060500001EB0E001F2800D31F2010441CE0049900
:1060600031F81610CEEBD122002A00DC00224FF6C8
:10607000FF7303EAC222C1F34513181A002800DC9B
:10608000002002EB401001F01F02A2EB0E0180B2D3
:10609000002900DC0021084480B2BAF1000F1ED0B4
:1060A000BBF1FD0F44D31AF8062022E0049931F821
:1060B0001610CB0A13FB0EF253094FF6FF7202EAD9
:1060C000C322C1F3451313FB00F0800902EB40101B
:1060D00001F01F0212FB0EF100EB5110DCE70099FA
:1060E000BBF1FD0F05EB41014A7802D212FB0BF127
:1060F0000A0A34F8161012F003FA12F056FE24F8C9
:1061000016000098001D761C0090BE42FFF658AFA6
:106110000298BAF1000F04440198054401D0039895
:1061200082440598401C05904845FFF640AFBFE605
:10613000009A1AF8061005EB4202527811FB02F1A0
:1061400001FB0BF10A0CD4E72DE9F34F064685B0AD
:10615000D6E90170804696F821B03568F068019064
:10616000D6E906400090D6E90490039096F8220004
:1061700008B10020CAE0B9F1000F05D0BBF1FD0F56
:106180004FF0000063D288E0BBF1FD0F4FF000003C
:1061900018D21DE04FF000094E460BE004EB46001C
:1061A00005EB0901427814F8160012F0BFFB0698BF
:1061B000761C8144BE42F1DB0198054400980444FA
:1061C0000AF1010082464045E4DB07B0BDE8F08FEC
:1061D00082464045F9DA4FF000094E460FE000BF15
:1061E00004EB4600417811FB0BF0020A05EB0901B4
:1061F00014F8160012F09AFB0698761C8144BE42F1
:10620000EEDB01980544009804440AF10100DFE741
:106210004FF0000A564610E004EB4600417819F8AA
:10622000060011FB00F0020A05EB0A0114F8160043
:1062300012F07CFB0698761C8244BE42ECDB01988F
:10624000039905440098894404440BF101008346F6
:106250004045DDDBB9E700BF4FF0000A564612E0CB
:1062600004EB4600417819F8060011FB00F000FB32
:106270000BF0020C05EB0A0114F8160012F056FBA5
:106280000699761C8A44BE42EADB019803990544CC
:106290000098894404440298401C02904045DBDB8E
:1062A00093E70020029023E014F81A00B9F1000FE0
:1062B00060F3070160F30F2160F3174104EB4A001C
:1062C00029D04378029819F8000013FB00F000FB76
:1062D0000BF0000C60F31F61029896F8222028440E
:1062E00002F098FE06990298084402900AF1010013
:1062F0008246B842D8DBB9F1000F01D00399894436
:1063000001980544009804440498401C01460490F8
:106310004045C6DB59E7427812FB0BF0000AD9E78B
:1063200008444A1E401E9043114200D0FEE77047C9
:1063300010B540201DF04CF9040005D0402200218A
:106340001DF079FA204610BDFEE72DE9FC410D460F
:1063500004002AD055B304F12400804622F01DFB2E
:10636000009008B307696168384611F0EAFA0646FA
:106370002946384662681DF0A3F904F130001DF08B
:106380004CF8019098B1042269461DF099F9204615
:1063900000990AF00BF9042201A91DF091F9214698
:1063A0003046626811F0DDFA07E0FEE7FEE740469E
:1063B000009922F0BCFA002000900098BDE8FC8112
:1063C0002DE9F0410F460121002504462E46C16308
:1063D00009E01A4923F0B2FC08B16D1C02E0E06B41
:1063E000401CE063761C57F8260010B101780029A4
:1063F000EFD1A06BA8421FD0206B002610B119F07E
:1064000097FE2663606B10B119F092FE6663280157
:106410001DF0DEF8206338B168001DF0D9F8606324
:1064200018B1216B11B102E0FEE7FEE700256A001A
:1064300000211DF000FAA563BDE8F0812476010873
:1064400070B5044690F85C10E26B8807606C04D469
:1064500020B1431C18D0401E6064A8B90AB1880757
:1064600012D5214619481DF07DF800F031F8216958
:1064700009B120468847616909B12046884720460E
:10648000BDE8704019F054BE21F0080084F85C00AB
:10649000D4E90C1500238D4200DD6B1A256C5B1BC3
:1064A0006363002A10D0830702D4A36B5B4263634B
:1064B00043105B1C63F3410084F85C00E36A606A8C
:1064C0006362E163C4E90B0270BD0000685D0120F6
:1064D00070B5174C012504F1B00084F8A8501CF0E9
:1064E00077FF0028D4F8AC0004D0A8B1BDE8704014
:1064F00025F0EEBC18B1BDE8704025F0D9BC94F889
:10650000AA00002807D000220A49104613F040F8DC
:10651000002084F8AA0070BD94F8AA000028FAD1DF
:1065200000220449104612F043FF84F8AA5070BDBF
:10653000B85C0120956600082DE9F047544D95F8A8
:10654000A90038B15FF0000085F8A9005048B030CC
:10655000814690E00120F7E7206D25F047FB94F895
:106560005C10C9071ED0606D25F040FB0146A06D90
:10657000421C1AD0884218D8091A94F85C0020F0FE
:10658000010084F85C00626B1144616395F8A91006
:1065900029B120F0040000BF84F85C0005E040F061
:1065A0000400F9E7616B0844606325F025FB206572
:1065B000002085F8A80094F85C00C10762D195F826
:1065C000A910C0F380028A425CD061F3820084F893
:1065D0005C0001071ED4616B002948DBC00609D4AA
:1065E000A16939B120468847616A01446162E16A64
:1065F0000844E062204629F02FF8E16809B12046FE
:10660000884794F85C0040F0080084F85C0020465D
:1066100028F00AFF606B002829DB216B8046884246
:1066200000DD6163216A2046676B88470646A06AE1
:10663000B0420DD0A662626812B131462068904720
:1066400095F8A800B0B9A2682AB131462046904713
:1066500095F8A80070B9606BB84202D14046C4F802
:106660003480216B884202DB2046FFF7E9FE95F873
:10667000A80038B148461CF0ABFE04007FF46CAFB4
:10668000BDE8F087214648461CF0B4FEF5E700005F
:10669000B85C01200020FFF74FBF00002DE9F04358
:1066A000C469ADB00546C16E266800220AA81AF07A
:1066B0006DFA01280AD1159800287DD00088C0F312
:1066C00007200E2806D0062876D103E001202DB041
:1066D000BDE8F08315985C3525AF01891FFA81F973
:1066E0002ECD87E82E0040680022010C491E83B29F
:1066F0000091114606A85B1E10F034F800252B46C9
:10670000092206A925A800950FF013FD04F1140035
:106710000FC887E80F0025AA06A921A80FF0D0FE10
:10672000002859D01D951E951F9520952068269903
:10673000808880B2401E1F902298401A401E2090F0
:106740001DA9206813F045FA26992498401A401C88
:106750001E902068691E406801EB104020901DA922
:10676000206813F036FA259921981E95401A401E8C
:106770001D951F901DA9206813F02BFA23992598C9
:10678000081A401C1D9020681DA9808880B2401EF8
:106790001F90206813F01DFA229926980A1A25994D
:1067A0002198411A304613F0BAFB06460799229801
:1067B000421A0699219800E02DE0411A159813F02D
:1067C000AEFB054621A80FF05AFE074621A80FF0A0
:1067D00065FE024600211CE00AA81AF077F90020A5
:1067E00075E700200DE000BF06EB800315F800C040
:1067F00093F803801CFB08FC4FEA1C2C83F803C0B1
:10680000401C9042F0DB2068806816FA80F64D4408
:10681000491CB942E5DB0AA81AF058F956E700000E
:1068200070B5154CE06B18F06FFE054680B204F0B1
:10683000CFF800281FD1A8B204F0B6F808B102685A
:1068400000E00EA20EA160691CF0D8FA0FA1A06AA8
:106850001CF0D0FA0DA1206B1CF0CCFA0BA1E06A61
:106860001CF0C8FA0C48002302220068BDE8704002
:10687000194633F079BC70BD700000203F00000065
:10688000436974793A2025730000000055706461F3
:1068900074696E672E2E2E000002002070B504462B
:1068A00040680D4608B1FFF7F9FF2268002A04D0BE
:1068B00029462046BDE87040104770BD70B50D6890
:1068C00006460C46286838B1296AC90204D52060FA
:1068D00021463046FFF7F2FF214630462560BDE8ED
:1068E0007040FFF7DBBF0FF093BB0FF0D8BB000089
:1068F0002DE9F04F064691B0D6E90170814696F831
:10690000210008903568F0680F90D6E906400E9097
:10691000D6E904B00A900BA812F0C2F996F822004A
:1069200008B10020DFE00898BBF1000F04D0FD287B
:106930004FF0000076D29FE0FD284FF0000021D2FA
:1069400026E000BF4FF0000814E000BF04EB880B06
:10695000DBF8000011F0B5FD60F307069BF80310AB
:10696000304661F30F2005EB48010BAA11F0E6FD5C
:1069700008F10108B845E9DB0F9805440E98044476
:106980000AF1010082464845DCDB11B0BDE8F08F1A
:1069900082464845F9DA002617E000BF04EB860B73
:1069A000DBF8000011F08DFD60F307089BF8031081
:1069B000089811FB00F0010A404661F30F2005EB37
:1069C00046010BAA11F0BAFD761CBE42E6DB0F9819
:1069D00005440E9804440AF10100D9E7002617E0A7
:1069E00004EB86010791086811F06BFD079960F3CD
:1069F00007084046CA781BF8061012FB01F1090A85
:106A000061F30F2005EB46010BAA11F097FD761CF0
:106A1000BE42E5DB0F980A9905440E988B44044466
:106A20000AF1010082464845D8DBAEE7002619E0AE
:106A300004EB86000790006811F043FD60F307083F
:106A40000798C1781BF8060011FB00F008990BAA03
:106A50004843010C404661F30F2005EB460111F05D
:106A60006DFD761CBE42E3DB0F980A9905440E9833
:106A70008B4404440AF1010082464845D6DB84E792
:106A8000002022E004EB8A000290006811F019FD5A
:106A9000414660F307010298BBF1000FC07860F334
:106AA0000F2124D01BF80A2010FB02F0089A504353
:106AB0005FEA104060F30F2196F8222005EB4A00B0
:106AC0000BAB02F099F90AF101008246B842D9DB1A
:106AD000BBF1000F01D00A998B440F9805440E9822
:106AE00004440398401C03904845C9DB4DE7089ACD
:106AF00010FB02F0000ADDE72DE9F04F064693B0E7
:106B0000D6E90170804696F821B03568F06811909A
:106B1000D6E906401090D6E904A00B900CA812F01C
:106B2000D3F896F8220008B10020C4E0BAF1000FB3
:106B300005D0BBF1FD0F4FF0000066D28DE0BBF138
:106B4000FD0F4FF0000018D21DE000260DE000BF41
:106B500005EB860A04EB8600DAF8001000680CAA40
:106B600011F0E4FDCAF80000761CBE42F0DB11987B
:106B700005441098044409F1010081464045E4DBD6
:106B800013B0BDE8F08F81464045F9DA002612E0E7
:106B900004EB86000068020E12FB0BF1090A05EBFC
:106BA000860A61F31F60DAF800100CAA11F0BEFD2E
:106BB000CAF80000761CBE42EADB11980544109822
:106BC000044409F10100DEE7002614E004EB86002E
:106BD0001AF806100068020E12FB01F1090A05EB13
:106BE000860B61F31F60DBF800100CAA11F09EFD0C
:106BF000CBF80000761CBE42E8DB11980B990544E7
:106C000010988A44044409F1010081464045DBDBC9
:106C1000B6E7002617E000BF04EB86001AF806105E
:106C20000068020E12FB01F101FB0BF1090C61F38C
:106C30001F6005EB8601079109680CAA11F076FD2B
:106C40000799761C0860BE42E6DB11980B99054453
:106C500010988A44044409F1010081464045D8DB7C
:106C60008EE7002019E000BF04EB8900BAF1000FA5
:106C7000016824D01AF809000B0E13FB00F202FB86
:106C80000BF2100C60F31F6196F8222005EB8900CF
:106C90000CAB02F0E1F809F101008146B842E3DBF8
:106CA000BAF1000F01D00B998A441198054410984D
:106CB00004440398401C03904045D2DB60E70A0E71
:106CC00012FB0BF0000ADDE72DE9F04F064695B008
:106CD000D6E90170804696F821B03468F0681290C9
:106CE000D6E906501190D6E904A00C900DA812F038
:106CF00000F896F8220008B10020A3E1BAF1000FD5
:106D000005D0BBF1FD0F4FF000007DD258E1BBF183
:106D1000FD0F4FF000004CD251E0002641E000BFD3
:106D200005EB86000068010EFD2906D3FF2161F303
:106D30001F6004EB8601086032E0022930D904EBC1
:106D4000860AC0F307429AF8023093420FD19AF8AC
:106D50000130C0F3072C634509D114F8263000F048
:106D6000FF0C634503D19AF803308B4218D012FB15
:106D700001F2120A62F31740C0F3072212FB01F27C
:106D8000120A62F30F20C2B212FB01F1090A61F389
:106D90000700DAF800100DAA11F00FFDCAF8000084
:106DA000761CBE42BCDB129804441198054409F1DC
:106DB000010081464045B0DB15B0BDE8F08F81464B
:106DC0004045F9DA002645E005EB86000068020E32
:106DD00012FB0BF1090AFD2906D3FF2161F31F60A5
:106DE00004EB8601086034E0022932D904EB860AFC
:106DF000C0F3074E9AF802C0F44511D19AF8013059
:106E0000C0F3072C634500E082E009D114F8263076
:106E100000F0FF0C634503D19AF80330934218D079
:106E20000EFB01F261F31F60120A62F31740C0F318
:106E300007224A43120A62F30F20C2B24A43110AE0
:106E400061F30700DAF800100DAA11F0B6FCCAF8D9
:106E50000000761CBE42B7DB12980444119805442A
:106E600009F10100ABE7002648E000BF05EB860012
:106E70001AF806100068020E12FB01F1090AFD293A
:106E800006D3FF2161F31F6004EB8601086034E044
:106E9000022932D904EB860BC0F3074E9BF802C0DF
:106EA000F4450FD19BF80130C0F3072C634509D19D
:106EB00014F8263000F0FF0C634503D19BF8033033
:106EC00093421AD061F31F601EFB01F2120A62F3B3
:106ED0001740C0F3072212FB01F2120A62F30F20DF
:106EE000C2B212FB01F1090A61F30700DBF80010DE
:106EF0000DAA11F062FCCBF80000761CBE42B5DB97
:106F000012980C99044411988A44054409F101002F
:106F100081464045A7DB4FE7002647E005EB8600AA
:106F20001AF806100068020E12FB01F303FB0BF3C4
:106F3000190CFD2905D3FF2161F31F6004EB8601C5
:106F400032E0022931D904EB8603089393F802C09A
:106F5000C0F3074EF4450FD1089BC0F3072C5B78B4
:106F6000634509D114F8263000F0FF0C634503D1C6
:106F7000089BDB78934218D00EFB01F261F31F608F
:106F8000120A62F31740C0F307224A43120A62F35F
:106F90000F20C2B24A43110A61F3070008990DAAF3
:106FA000096811F00AFC08990860761CBE42B5DB3E
:106FB00012980C99044411988A44054409F101007F
:106FC00081464045A8DBF7E600202DE005EB89006F
:106FD000BAF1000F016839D01AF809000B0E13FB43
:106FE00000F202FB0BF2100C60F31F61C1F30742C9
:106FF000080E12FB00F2120A62F31741C1F30722D6
:1070000012FB00F2120A62F30F21CAB212FB00F067
:10701000000A60F3070196F8222004EB89000DAB0B
:1070200002F05FF809F101008146B842CEDBBAF107
:10703000000F01D00C998A44129804441198054419
:107040000498401C04904045BEDBB5E60A0E12FBD6
:107050000BF0000AC8E72DE9F04F054689B0D5E9E5
:10706000016790F821B000680090E8680290D5E9C7
:1070700006400390D5E904900490686AC11700EBBC
:10708000517121F00701A0EB010A95F8220008B127
:1070900000201BE1B9F1000F05D0BBF1FD0F4FF04F
:1070A000000071D2E3E0BBF1FD0F4FF000002FD2E2
:1070B00034E0002522E004EB850BDBF8000011F042
:1070C00000FA05EB0A0104908946009808F0A1FD3A
:1070D000C0EB00208DF804009BF8032001A9049860
:1070E00011F05CFC9DF8040049467F28009802D905
:1070F0002CF0EAFF01E003F059FD6D1CB542DADB2C
:1071000000990298084400900398044408F1010093
:107110008046B842CDDB09B0BDE8F08F8046B8426A
:10712000F9DA002525E004EB85000590006811F0F0
:10713000C8F905EB0A0104908946009808F069FD3A
:10714000C0EB00208DF804000598C17811FB0BF00E
:10715000020A01A9049811F021FC9DF80400494697
:107160007F28009802D92CF0AFFF01E003F01EFD4C
:107170006D1CB542D7DB0299009808440090039833
:10718000044408F10100C9E735E0002527E004EBDD
:1071900085000690006811F094F905EB0A0105904E
:1071A0008B46009808F035FDC0EB00208DF80400F8
:1071B000069819F80510C07811FB00F0020A01A921
:1071C000059811F0EBFB9DF8040059467F280098C4
:1071D00002D92CF079FF01E003F0E8FC6D1CB54208
:1071E000D5DB029900980844009003980499044460
:1071F000894408F101008046B842C6DB8BE70025D0
:1072000029E004EB85000790006811F05AF905EBBE
:107210000A0101910690009808F0FBFCC0EB0020E9
:107220008DF81400079819F80510C07811FB00F0CC
:1072300000FB0BF0020C05A9069811F0AFFB9DF8BE
:1072400014007F28DDE9000102D92CF03DFF01E0A8
:1072500003F0ACFC6D1CB542D3DB029900980844E6
:107260000090039804990444894408F10100804681
:10727000B842C4DB4FE7002018E004EB8800B9F106
:10728000000F026826D019F80800130E13FB00F057
:1072900000FB0BF0000C60F31F6295F8223008EB46
:1072A0000A01009801F046FE08F101008046B04254
:1072B000E3DBB9F1000F01D00499894402990098E9
:1072C00008440090039804440198401C0190B8427F
:1072D000D1DB20E7110E11FB0BF0000ADBE7000009
:1072E0002DE9F04F06468FB0D6E90170804696F83A
:1072F00021B03568F0680D90D6E906400C90D6E9CB
:1073000004A0089096F8220008B10020B6E0BAF177
:10731000000F05D0BBF1FD0F4FF000005DD280E003
:10732000BBF1FD0F4FF0000016D21BE000260BE072
:1073300004EB860ADAF8000011F0C3F89AF803208B
:10734000A91911F039FB761CBE42F1DB0D980544FA
:107350000C98044409F1010081464045E6DB0FB07A
:10736000BDE8F08F81464045F9DA00260FE000BF06
:1073700004EB860ADAF8000011F0A3F89AF803206B
:1073800012FB0BF10A0AA91911F016FB761CBE427A
:10739000EEDB0D9805440C98044409F10100E1E787
:1073A000002610E004EB860BDBF8000011F089F8F2
:1073B0009BF803201AF8061012FB01F10A0AA9191A
:1073C00011F0FAFA761CBE42ECDB0D9808990544E0
:1073D0000C988A44044409F1010081464045DFDBF2
:1073E000BDE7002613E000BF04EB860106910868A4
:1073F00011F067F80699CA781AF8061012FB01F125
:1074000001FB0BF10A0CA91911F0D6FA761CBE4249
:10741000EADB0D98089905440C988A44044409F164
:10742000010081464045DCDB99E7002018E000BF01
:1074300004EB8900BAF1000F016823D01AF80900A3
:107440000B0E13FB00F000FB0BF0000C60F31F6150
:1074500096F8222005EB090001F0ADFD09F10100CD
:107460008146B842E4DBBAF1000F01D008998A44A2
:107470000D9805440C9804440298401C0290404525
:10748000D3DB6CE70A0E12FB0BF0000ADEE700000C
:107490002DE9F04F814693B0D9E90170824699F801
:1074A00021000E90D9F80040D9F80C000F90D9E9CE
:1074B00006500C90D9E904B00D9099F8220008B15B
:1074C000002067E10E98BBF1000F04D0FD284FF0BB
:1074D000000060D283E0FD284FF0000018D21DE0CC
:1074E0000026B0460CE000BF05EB080034F816108B
:1074F000C27811F083F824F8160008F10408761C0D
:10750000BE42F1DB0F9804440C98054409F10100D8
:1075100081465045E4DB13B0BDE8F08F814650450D
:10752000F9DA0026B0460FE005EB08000E99C278A4
:1075300012FB01F10A0A34F8161011F05FF824F872
:10754000160008F10408761CBE42EDDB0F980444D7
:107550000C98054409F10100E0E70026B04610E070
:1075600005EB08001BF80610C27812FB01F10A0AAD
:1075700034F8161011F042F824F8160008F1040847
:10758000761CBE42ECDB0F980D9904440C988B449A
:10759000054409F1010081465045DEDBBBE70026CA
:1075A000B04612E005EB08001BF80620C17811FB7D
:1075B00002F20E994A43120C34F8161011F01EF81C
:1075C00024F8160008F10408761CBE42EADB0F9886
:1075D00004440C9805440D98834409F10100814648
:1075E0005045DCDB97E7002603960694C4E000BF15
:1075F00099F8220001282FD0022864D003287DD0DA
:10760000042888D10698039AAB1830F816109A7897
:10761000C80AA0EBD200002802DCD008A0EBD120E1
:107620004FF6FF7202EAC02C5A78C1F34518A8EB56
:107630009200002801DCC8EB92000CEB401082B2F3
:10764000039801F01F012B5CA1EBD300002801DCA3
:10765000C1EBD300104424E0069803996A1830F86F
:1076600016009178C30A03EBD1011F2900D31F2113
:107670004FF6FF7303EAC1235278C0F3451101EBC3
:1076800092013F2900D33F2100F01F02039803EB32
:10769000411189B2285C02EBD0001F2800D31F20C3
:1076A00008440E9980B2BBF1000F52D01BF806209F
:1076B000FD2957D203992944C97812FB01F10E9A8A
:1076C00051430A0C4EE0069803996A1830F81600E8
:1076D0009178C30AA3EBD101002900DC00214FF609
:1076E000FF7303EAC1235278C0F34511A1EB920165
:1076F000002900DC002103EB411100E00AE000F06A
:107700001F02039889B2285CA2EBD0000028C7DCD6
:107710000020C5E7069830F816100398CA0A2844D6
:107720008378DB0812FB03F252094078D202C1F3DE
:107730004513800813FB00F0800902EB401001F0B4
:107740001F020399695CC90812FB01F100EB51109B
:10775000A7E7FD2903992944CA7803D20E9912FBA1
:1077600001F10A0A34F8161010F0CAFE24F81600C7
:107770000398001D761C0390BE42FFF639AF0F98A8
:10778000BBF1000F04440C98054401D00D998B44C3
:107790000598401C05905045FFF625AFBBE600005C
:1077A0002DE9F04F804687B0D8E90170814698F8FE
:1077B00021B0D8F80040D8F80C000290D8E9065063
:1077C0000190D8E904A0039098F8220008B10020A5
:1077D00082E1BAF1000F05D0BBF1FD0F4FF00000C0
:1077E00070D299E0BBF1FD0F4FF000001DD222E0F6
:1077F0000026B04611E000BF34F8160011F0D5FAAB
:10780000014605EB0800C27810F031FF11F0CDFA07
:1078100024F8160008F10408761CBE42ECDB02983E
:107820000444019805440AF1010082464845DFDB23
:1078300007B0BDE8F08F82464845F9DA0026B04629
:1078400014E000BF34F8160011F0AFFA014605EB62
:107850000800C37813FB0BF2120A10F008FF11F0B6
:10786000A4FA24F8160008F10408761CBE42E9DBED
:1078700002980444019805440AF10100DBE7002660
:10788000B04615E034F8160011F08FFA014605EB0A
:1078900008001AF80620C37813FB02F2120A10F04F
:1078A000E6FE11F082FA24F8160008F10408761CAE
:1078B000BE42E7DB02980399044401988A440544D8
:1078C0000BF1010083464845D9DBB1E70026B046FD
:1078D00018E000BF34F8160011F067FA014605EB16
:1078E00008001AF80620C37813FB02F202FB0BF221
:1078F000120C10F0BCFE11F058FA24F8160008F132
:107900000408761CBE42E5DB029803990444019802
:107910008A4405440098401C00904845D6DB87E720
:1079200039462046049417F01BF800260096C5E05F
:1079300098F8220001282FD0022853D0032876D0AF
:107940000428C2D1049830F816300098D90A2A18B1
:107950009078A1EBD001002902DCC008A0EBD32174
:107960004FF6FF7000EAC12C5278C3F34510A0EB2C
:107970009201002901DCC0EB92010CEB411082B2B4
:10798000009803F01F03295CA3EBD100002801DC61
:10799000C3EBD10010444BE0049830F81610009867
:1079A000CB0A2A18907803EBD0001F2800D31F20A1
:1079B0004FF6FF7303EAC0235278C1F3451000EB82
:1079C00092003F2800D33F2001F01F02009903EBF3
:1079D000401080B2695C02EBD1011F2900D31F2146
:1079E000084425E0049830F816100098CA0A284484
:1079F0008378A2EBD303002B00DC00234FF6FF7249
:107A000002EAC3224078C1F34513A3EB900000289B
:107A100000DC002002EB401082B2009801F01F0150
:107A2000285CA1EBD0000028B4DC0020B2E711E014
:107A300080B2BAF1000F2CD01AF80620BBF1FD0F6E
:107A400030D200992944C97812FB01F101FB0BF1F6
:107A50000A0C27E004980099294430F816008B7826
:107A6000C20ADB0812FB03F252094978D202C0F3C2
:107A70004513890813FB01F1890902EB411100F05C
:107A80001F020098285CC00812FB00F001EB5010A8
:107A9000CEE70099BBF1FD0F2944CA7802D212FB50
:107AA0000BF10A0A34F8161010F02AFD11F07DF9D6
:107AB00024F816000098001D761C0090BE42FFF6C8
:107AC00037AF0298BAF1000F04440198054401D081
:107AD00003998A440598401C05904845FFF620AF5D
:107AE000A6E600002DE9F34F064685B0D6E9017001
:107AF000804696F821B03568F0680190D6E90640D6
:107B00000090D6E90490039096F8220008B1002076
:107B1000BCE0B9F1000F05D0BBF1FD0F4FF0000044
:107B20005DD280E0BBF1FD0F4FF0000016D21BE0EC
:107B30004FF000094E4609E004EB860005EB090111
:107B4000C27810F0CDFD0699761C8944BE42F3DB65
:107B500001980544009804440AF10100824640451A
:107B6000E6DB07B0BDE8F08F82464045F9DA4FF01A
:107B700000094E460DE000BF04EB8600C27812FB00
:107B80000BF10A0A05EB090110F0AAFD0699761C13
:107B90008944BE42F0DB01980544009804440AF190
:107BA0000100E1E74FF0000A56460EE004EB8600C4
:107BB00019F80610C27812FB01F10A0A05EB0A0156
:107BC00010F08EFD0699761C8A44BE42EEDB0198C9
:107BD000039905440098894404440BF1010083464D
:107BE0004045DFDBBDE700BF4FF0000A564610E01E
:107BF00004EB860019F80610C27812FB01F101FBB4
:107C00000BF10A0C05EB0A0110F06AFD0699761CCF
:107C10008A44BE42ECDB01980399054400988944EC
:107C200004440298401C02904045DDDB99E70020A7
:107C300002901DE004EB8A00B9F1000F016829D021
:107C4000029A0B0E19F8020013FB00F000FB0BF078
:107C50005FEA104060F31F61029896F822202844E2
:107C600001F0D8F906990298084402900AF101003F
:107C70008246B842DEDBB9F1000F01D00399894496
:107C800001980544009804440498401C0490404521
:107C9000CDDB66E70A0E12FB0BF0000ADAE7000004
:107CA0002DE9F04F064693B0D6E90170804696F86C
:107CB00021B03568F0681290D6E906401190D6E9F7
:107CC00004A007900DA810F0FFFF96F8220008B15D
:107CD000002036E1BAF1000F05D0BBF1FD0F4FF0E7
:107CE000000073D2E9E0BBF1FD0F4FF000002FD28E
:107CF00034E0002624E000BF04EB86000068010E9B
:107D00001DD04FF47F42B2FBF1F1C0F307424A436A
:107D1000120A62F31740C0F307224A43120A62F3C1
:107D20000F20C2B24A43110A05EB860A61F307002D
:107D3000DAF800100DAA10F0F9FCCAF80000761C61
:107D4000BE42D9DB129805441198044409F10100A0
:107D500081464045CDDB13B0BDE8F08F81464045FC
:107D6000F9DA002629E000BF04EB86000068010E66
:107D700019D04FF47F42B2FBF1F2C0F307435343F3
:107D80001B0A63F31740C0F3072353431B0A63F333
:107D90000F20C3B253431A0A62F3070011FB0BF121
:107DA000090A61F31F6005EB860A0DAADAF80010D4
:107DB00010F0BCFCCAF80000761CBE42D4DB12985E
:107DC00005441198044409F10100C7E737E0002693
:107DD0002BE000BF04EB86000068010E1BD04FF4BF
:107DE0007F42B2FBF1F2C0F3074353431B0A63F334
:107DF0001740C0F3072353431B0A63F30F20C3B29A
:107E000053431A0A62F307001AF8062011FB02F125
:107E1000090A61F31F6005EB860B0DAADBF8001061
:107E200010F084FCCBF80000761CBE42D2DB129826
:107E30000799054411988A44044409F101008146D8
:107E40004045C4DB87E700262DE000BF04EB860039
:107E50000068020E1DD04FF47F41B1FBF2F1C0F378
:107E600007434B431B0A63F31740C0F307234B43FD
:107E70001B0A63F30F20C3B24B43190A61F30700D7
:107E80001AF8061012FB01F202FB0BF2110C61F35F
:107E90001F6005EB8601049109680DAA10F046FCED
:107EA0000499761C0860BE42D0DB129807990544FD
:107EB00011988A44044409F1010081464045C2DB1F
:107EC00049E700202FE000BF04EB89000168080E9D
:107ED00014D04FF47F42B2FBF0F2C1F30743534397
:107EE0001B0A63F31741C1F3072353431B0A63F3D0
:107EF0000F21CBB253431A0A62F30701BAF1000F04
:107F000023D01AF8092010FB02F000FB0BF0000C44
:107F100060F31F6196F8222005EB89000DAB00F09D
:107F20009BFF09F101008146B842CDDBBAF1000F99
:107F300001D007998A4412980544119804440B987B
:107F4000401C0B904045BCDB05E710FB0BF0000A22
:107F5000DEE700002DE9F04F064693B0D6E9017048
:107F6000804696F821B03568F0681290D6E9064050
:107F70001190D6E904A00C900DA810F0BAFE96F866
:107F8000220008B1002063E1BAF1000F05D0BBF177
:107F9000FD0F4FF000006ED202E1BBF1FD0F4FF07C
:107FA000000018D21DE000260DE000BF05EB860A98
:107FB00004EB8600DAF8001000680DAA10F0FDFB53
:107FC000CAF80000761CBE42F0DB129805441198F6
:107FD000044409F1010081464045E4DB13B0BDE8EB
:107FE000F08F81464045F9DA002639E004EB86003F
:107FF0000068020E14D04FF47F41B1FBF2F1C0F3E0
:1080000007434B431B0A63F31740C0F307234B435B
:108010001B0A63F30F20C3B24B43190A61F3070035
:1080200012FB0BF1090A61F31F60C0F307424A43D8
:10803000120A62F31740C0F307224A43120A62F39E
:108040000F20C2B24A43110A05EB860A61F307000A
:10805000DAF800100DAA10F0B0FBCAF80000761C88
:10806000BE42C3DB129805441198044409F1010093
:10807000B7E700263CE045E004EB86000068020E0E
:1080800014D04FF47F41B1FBF2F1C0F307434B43EF
:108090001B0A63F31740C0F307234B431B0A63F328
:1080A0000F20C3B24B43190A61F307001AF80610F8
:1080B00012FB01F1090A61F31F60C0F307424A4352
:1080C000120A62F31740C0F307224A43120A62F30E
:1080D0000F20C2B24A43110A05EB860B61F3070079
:1080E000DBF800100DAA10F068FBCBF80000761C3E
:1080F000BE42C1DB12980C99054411988A4404448D
:1081000009F1010081464045B3DB67E700263DE009
:1081100004EB86000068020E14D04FF47F41B1FBDF
:10812000F2F1C0F307434B431B0A63F31740C0F35C
:1081300007234B431B0A63F30F20C3B24B43190AB7
:1081400061F307001AF8061012FB01F101FB0BF1B5
:10815000090C61F31F60C0F307424A43120A62F33D
:108160001740C0F307224A43120A62F30F20C2B23B
:108170004A43110A61F3070005EB86010391096880
:108180000DAA10F01AFB0399761C0860BE42BFDBF3
:1081900012980C99054411988A44044409F101008D
:1081A00081464045B2DB19E7002043E004EB89003B
:1081B0000168080E14D04FF47F42B2FBF0F2C1F315
:1081C000074353431B0A63F31741C1F30723534388
:1081D0001B0A63F30F21CBB253431A0A62F3070160
:1081E000BAF1000F38D01AF8092010FB02F000FB9A
:1081F0000BF0000C60F31F61C1F30742080E12FB85
:1082000000F2120A62F31741C1F3072212FB00F2D7
:10821000120A62F30F21CAB212FB00F0000A60F3E7
:10822000070196F8222005EB89000DAB00F059FFFD
:1082300009F101008146B842B8DBBAF1000F01D064
:108240000C998A4412980544119804440698401CDD
:1082500006904045A8DBC1E610FB0BF0000AC9E719
:108260002DE9F04F814687B0D9E90170824699F82F
:1082700021000190D9F80040D9F80C000390D9E909
:1082800006500290D9E904B0059099F8220008B18F
:108290000020E4E10198BBF1000F04D0FD284FF06D
:1082A00000007DD2FDE0FD284FD3002237E0002101
:1082B0000B462DE0E81834F81190C678A6B3FF2ECF
:1082C00035D0C6F1FF0B86784FEAD9284FEAD60C95
:1082D00018FB0BF60CEB162E4678C9F3451C4FEA3B
:1082E00096081CFB0BF6007808EB16284FEAD00C1A
:1082F00009F01F0010FB0BF00CEB10204FEACE2C06
:108300000CEB4816304480B224F81100491C1B1DA8
:10831000B942CFDB0398521C0444029805445245ED
:10832000C5DB07B0BDE8F08FFFE74846ECE786788D
:1083300090F801C006F0F80636020CF0FC0C00784C
:1083400006EBCC0606EBD000DDE700208146504569
:10835000E7DA0026B04629E005EB0800C17811B342
:10836000CAB24FF47F41B1FBF2F115F808204A433D
:10837000120A8DF8002042784A43120A8DF8012033
:1083800082784A43110A8DF80210C178019811FBD6
:1083900000F0020A34F81610684610F02FF900E0D9
:1083A00043E024F8160008F10408761CBE42D3DB33
:1083B000039804440298054409F10100C6E7002629
:1083C000B04628E005EB0800C17809B3CAB24FF403
:1083D0007F41B1FBF2F115F808204A43120A8DF8EB
:1083E000002042784A43120A8DF8012082784A43DD
:1083F000110A8DF80210C1781BF8060011FB00F07D
:10840000020A34F81610684610F0F8F824F816003E
:1084100008F10408761CBE42D4DB03980599044495
:1084200002988B44054409F1010081465045C6DBA2
:1084300077E70026B0462AE005EB0800C17819B3BB
:10844000CAB24FF47F41B1FBF2F115F808204A435C
:10845000120A8DF8002042784A43120A8DF8012052
:1084600082784A43110A8DF80210C1781BF8060081
:1084700011FB00F001994843020C34F816106846CD
:1084800010F0BCF824F8160008F10408761CBE426F
:10849000D2DB03980599044402988B44054409F102
:1084A000010081465045C4DB3BE70026009604945A
:1084B000C7E000BF99F82200012832D0022867D017
:1084C00003287DD00428B3D10498009A05EB020C50
:1084D00030F816009CF80220C10AA1EBD201002955
:1084E00002DCD108A1EBD0214FF6FF7202EAC123D2
:1084F0009CF80120C0F34518A8EB9201002901DC8B
:10850000C8EB920103EB411100F01F03009889B200
:108510002A5CA3EBD200002801DCC3EBD2000844A4
:1085200024E0049800996A1830F816009178C30A7C
:1085300003EBD1011F2900D31F214FF6FF7303EA7C
:10854000C1235278C0F3451101EB92013F2900D3BA
:108550003F21009A00F01F0003EB4111AA5C89B291
:1085600000EBD2001F28DAD31F20D8E7019980B290
:10857000BBF1000F52D01BF80620FD2957D20099FD
:108580002944C97812FB01F1019A51430A0C4EE0CB
:10859000049800996A1830F816009178C30AA3EB82
:1085A000D101002900DC00214FF6FF7303EAC1234B
:1085B0005278C0F34511A1EB9201002902DC00E0E2
:1085C0000DE0002100F01F02009803EB411189B279
:1085D000285CA2EBD0000028A1DC00209FE70498D3
:1085E0000099294430F816008B78C20ADB0812FB88
:1085F00003F252094978D202C0F34513890813FBEC
:1086000001F1890902EB411100F01F020098285C7A
:10861000C00812FB00F001EB5010A7E7FD290099FC
:108620002944CA7803D2019912FB01F10A0A34F8ED
:1086300016100FF065FF24F816000098001D761C38
:108640000090BE42FFF636AF0398BBF1000F044422
:108650000298054401D005998B440698401C069069
:108660005045FFF622AF5CE62DE9F04F804687B01B
:10867000D8E90170814698F821000090D8F80040B0
:10868000D8F80C000290D8E906500190D8E904A06F
:10869000039098F8220008B100200CE20098BAF18B
:1086A000000F04D0FD284FF000007DD223E1FD280B
:1086B0004FF0000040D255E00026B04634E000BF45
:1086C00005EB080B34F8160010F06FFB9BF8031055
:1086D00019B3FF2936D09BF80220C1F1FF01D2085F
:1086E000C30A13FB01F302EB13239BF80120C0F331
:1086F000451C92081CFB01FC02EB1C229BF800C0ED
:1087000000F01F004FEADC0C10FB01F0D9020CEB6B
:10871000102001EB4211084480B210F046FB24F80F
:10872000160008F10408761CBE42C9DB0298044416
:10873000019805440AF1010082464845BCDB07B0B8
:10874000BDE8F08F9BF8020000F0F80001029BF8F2
:10875000010000F0FC0001EBC0019BF8000001EB00
:10876000D000D9E783464845E9DA0026B04633E031
:1087700005EB080A9AF8030058B39AF803104FF46F
:108780007F40B0FBF1F015F808104143090A8DF85D
:108790000C109AF801104143090A8DF80D109AF84F
:1087A00002104143080A00E05FE08DF80E0034F843
:1087B000160010F0FAFA9AF80320009912FB01F162
:1087C0000A0A014603A80FF052FF10F0EEFA24F84F
:1087D000160008F10408761CBE42C9DB0298044466
:1087E000019805440BF10100BCE70026B04632E0D9
:1087F00005EB080B9BF8030050B39BF803104FF4F4
:108800007F40B0FBF1F015F808104143090A8DF8DC
:1088100000109BF801104143090A8DF801109BF8E4
:1088200002104143080A8DF8020034F8160010F0D7
:10883000BCFA01469BF803201AF8060012FB00F070
:10884000020A68460FF013FF10F0AFFA24F8160082
:1088500008F10408761CBE42CADB0298039904445E
:1088600001988A4405440498401C04904845BCDBA8
:1088700065E70026B04634E005EB080B9BF80300E3
:1088800060B39BF803104FF47F40B0FBF1F015F894
:1088900008104143090A8DF810109BF8011041435C
:1088A000090A8DF811109BF802104143080A8DF84F
:1088B000120034F8160010F078FA01469BF80320F5
:1088C0001AF8060012FB00F0009A5043020C04A8AC
:1088D0000FF0CDFE10F069FA24F8160008F1040834
:1088E000761CBE42C8DB02980399044401988A446E
:1088F00005440598401C05904845BADB1FE73946FA
:108900002046049416F02CF80026B346C5E000BFBC
:1089100098F8220001282FD0022864D003287DD0A7
:108920000428A5D1049830F8163005EB0B00DA0ABC
:108930008178A2EBD102002A02DCC908A1EBD32284
:108940004FF6FF7101EAC2214278C3F3451CACEB3C
:108950009200002801DCCCEB920001EB401082B2C7
:1089600015F80B1003F01F00A0EBD103002B01DC66
:10897000C0EBD103981824E0049805EB0B0230F803
:1089800016009378C10A01EBD3011F2900D31F21E0
:108990004FF6FF7303EAC1235278C0F3451101EB90
:1089A00092013F2900D33F2100F01F0215F80B0070
:1089B00003EB411102EBD00089B21F2800D31F2026
:1089C0000844009980B2BAF1000F52D01AF806207C
:1089D000FD2957D205EB0B01C97812FB01F1009A72
:1089E00051430A0C4EE0049805EB0B0130F81600D9
:1089F0008B78C20AA2EBD302002A00DC00224FF6D9
:108A0000FF7303EAC2224978C0F34513A3EB910137
:108A1000002900DC002102EB411100E00AE000F037
:108A20001F0215F80B0089B2A2EBD0000028C7DCAA
:108A30000020C5E7049805EB0B0130F816008B7891
:108A4000C20ADB0812FB03F252094978D202C0F3D2
:108A50004513890813FB01F1890902EB411100F06C
:108A60001F0215F80B00C00812FB00F001EB5010BC
:108A7000A7E7FD2905EB0B01CA7803D2009912FB89
:108A800001F10A0A34F816100FF03AFD10F08DF9D2
:108A900024F816000BF1040B761CBE42FFF638AF2B
:108AA0000298BAF1000F04440198054401D00399DB
:108AB0008A440598401C05904845FFF620AF3EE6E5
:108AC0002DE9F04F07468FB0D7E90160814697F84E
:108AD00021000B903D68F8680C90D7E906400E9095
:108AE000D7E904800D9097F822008B4608B100204A
:108AF00047E10B98B8F1000F04D0FD284FF00000BB
:108B00007DD2F6E0FD2843D300233CE0002211464D
:108B100032E000BF04EB810AA8189AF803704FB343
:108B2000FD2F08D39AF8007007709AF8017047700B
:108B30009AF802701DE09AF800C090F80080C7F122
:108B4000FF0718FB07F80CEB182C80F800C09AF808
:108B500001C090F8018018FB07F80CEB182C80F886
:108B600001C09AF802C090F8028018FB07F70CEBDE
:108B7000172787705A44491CB142CBDB0C985B1C09
:108B800005440E9804444B45C0DB0FB0BDE8F08FA0
:108B9000002082464845F8DA4FF00008474627E0B3
:108BA00004EB8700006801909DF80710F1B14FF4C5
:108BB0007F40B0FBF1F09DF806204243120A8DF889
:108BC00006209DF805204243120A8DF805209DF8E5
:108BD00004204243100A8DF804000B9811FB00F0AA
:108BE000020A05EB080101A80FF07AFDD8447F1CAA
:108BF000B742D5DB0C9805440E98044400E03AE0F7
:108C00000AF10100C5E700BF4FF0000A574628E00F
:108C100004EB8700006805909DF81710F9B14FF438
:108C20007F40B0FBF1F09DF816204243120A8DF808
:108C300016209DF815204243120A8DF815209DF844
:108C400014204243100A8DF8140018F8070011FB95
:108C500000F0020A05EB0A0105A80FF041FDDA4415
:108C60007F1CB742D4DB0C980D9905440E988844BC
:108C700004440698401C06904845C5DB85E700BFC4
:108C80004FF0000A57462AE004EB8700006808907E
:108C90009DF8231009B34FF47F40B0FBF1F09DF82D
:108CA00022204243120A8DF822209DF821204243BF
:108CB000120A8DF821209DF820204243100A8DF8D9
:108CC000200018F8070011FB00F00B994843020C34
:108CD00005EB0A0108A80FF003FDDA447F1CB74238
:108CE000D2DB0C980D9905440E98884404440698EC
:108CF000401C06904845C3DB47E70020029032E065
:108D000004EB8A000168080E14D04FF47F42B2FBD6
:108D1000F0F2C1F3074353431B0A63F31741C1F356
:108D2000072353431B0A63F30F21CBB253431A0AA1
:108D300062F30701B8F1000F27D0029B18F8032057
:108D400010FB02F00B9A50435FEA104060F31F6182
:108D5000029897F82220284400F05CF902985844C1
:108D600002900AF101008246B042C9DBB8F1000F5F
:108D700001D00D9988440C9805440E980444069837
:108D8000401C06904845B8DBFFE60B9A10FB02F04A
:108D9000000ADBE710B5416C98B0044601B36846A1
:108DA0000CF00EFC214668460CF0CDFC0F496846DD
:108DB0000CF0B3FC6846616C0CF0A7FC01220021AA
:108DC00068460CF0BAFC0A4968460CF0A8FC094950
:108DD00068460CF093FC68460CF0D6FC18B010BD49
:108DE00018B0BDE8104025F09FB80000ADDF0208C4
:108DF00085560108AFDF0208F0B415460A46014661
:108E0000D4B2012D13D0022D19D0032D1DD0042D65
:108E100020D10E78351B002D00DCA51B65F3070063
:108E2000F0BC120A62F30F201A460FF087BB0D78D0
:108E30002C44FF2C00D3FF2464F30700F0E70D78E7
:108E40002C1B002CF8DC0024F6E70D7815FB04F44D
:108E5000240AF1E7F0BC70472DE9F04117460446BB
:108E6000C1F30746C1F30725CAB2012F27D0022F4D
:108E70003BD0032F4DD0042F1FD194F802C0ACEB90
:108E80000607002F01DCA6EB0C0767F31740677895
:108E90007E1B002E00DCEE1B66F30F202678B51A31
:108EA000002D00DC951B65F30700090E61F31F60C0
:108EB00021681A460FF03AFC2060BDE8F081A778DF
:108EC0003E44FF2E00D3FF2666F3174066783544F4
:108ED000FF2D00D3FF2565F30F2025782A44FF2AB4
:108EE00000D3FF2262F30700DFE7A778BE1B002E46
:108EF00000DC002666F317406678751B002D00DC49
:108F0000002565F30F202578AA1A002AEADC002242
:108F1000E8E7A77817FB06F6360A66F31740667887
:108F200016FB05F52D0A65F30F20257815FB02F2D7
:108F3000120AD7E72DE9F84380461E460F4615462C
:108F400010460FF0BEFA04463946404606F061FE70
:108F5000C0EB0020C0B28DF80000012E18D0022E08
:108F60001CD0032E1FD0042E10D1011B002900DCC1
:108F7000211AC8B22A0E69460FF010FD9DF80000B4
:108F800039467F28404613D92BF09EF8BDE8F88378
:108F90002044FF2800DBFF20C0B2EBE7001B0028C5
:108FA000FADC0020F8E710FB04F0C0F30720E1E74B
:108FB00001F0FCFDEAE770B5044616460D4608468A
:108FC0000FF07FFA012E11D0022E16D0032E1AD0E8
:108FD000042E1ED12278111A002900DC811AC8B291
:108FE0002A0E2146BDE870400FF0E6BC2178084407
:108FF000FF2800DBFF20C0B2F2E72178081A002822
:10900000F9DC0020F7E7217811FB00F0C0F307201E
:10901000E6E770BDF8B50D4600210091ECB2C5F34E
:109020000723C5F30741012A20D0022A34D0032A9E
:1090300046D0042A19D10678321B002A00DCA21B74
:109040008DF800204478E21A002A00DC1A1B8DF803
:10905000012083785A1A002A00DCCA1A8DF80220EF
:1090600001462A0E68460FF03BFBF8BD0278224409
:10907000FF2A00D3FF228DF8002042781A44FF2AED
:1090800000D3FF228DF8012082781144FF2900D3FC
:10909000FF218DF80210E3E70278121B002A00DCA2
:1090A00000228DF800204278D21A002A00DC00222B
:1090B0008DF801208278511A0029EADC0021E8E7C6
:1090C000027812FB04F2120A8DF80020427812FB9B
:1090D00003F2120A8DF80120827812FB01F1090ACD
:1090E000D7E72DE9F04117460E0EC578C1F3074CBE
:1090F000C1F307220446C9B2012F25D0022F39D06F
:10910000032F4ED0042F1DD1A778A7EB0C05002DFF
:1091100001DCACEB0705677865F31740BD1A002D3D
:1091200000DCD51B65F30F2025786A1A002A00DCC5
:109130004A1B62F3070066F31F6021681A460FF0AE
:109140003CFB2060BDE8F081A7786744AF4200D3C4
:109150002F4667F3174067783A44AA4200D32A465D
:1091600062F30F2022781144A94200D20D4665F324
:109170000700E0E7A578A5EB0C05002D00DC002535
:1091800065F317406578AA1A002A00DC002262F312
:109190000F202278511A002900DC002161F307001A
:1091A000C9E7A57815FB0CF5012E01D9374601E07A
:1091B0004FF00107B5FBF7F565F31740657815FB30
:1091C00002F501D9324601E04FF00102B5FBF2F29F
:1091D00062F30F20227812FB01F201D9314601E03F
:1091E0004FF00101B2FBF1F1D8E710B50446406839
:1091F00082080AD0496821F00301091D0844606013
:10920000204600F042F8204610BDFEE740681031CD
:1092100020F00300884201D30120704700207047EE
:109220002DE9FC47054648680C4620F0030001AADA
:10923000694623F0D8FADDE9007005EBC71101EBB0
:1092400080098046D9F8380060B164B1C4E90205EC
:1092500004F10806C46030460421FDF761F8864237
:1092600002D0FEE7FEE7FEE7C9F838400120296991
:1092700000FA07F21143296105EB870100FA08F0B3
:109280004A6902434A61BDE8FC8710B5044600F014
:1092900087F8046010BD2DE9FC4706464FF000003A
:1092A0000D0000900746019042D00C46E9460DF1B2
:1092B0000408802907D308462DF05AFD411F0120DC
:1092C0008840401E044442464946204623F08BFA1B
:1092D000009C092C2CDA06EB8400019A40694FF0BF
:1092E000FF3101FA02F210400CD1641C3069A14038
:1092F00008401DD02DF034FD0446009006EB8000A0
:10930000406978B12DF02CFD034606EBC4110190A5
:1093100001EB8000876B5FB1786820F00300A84202
:1093200001D2FEE7FEE739463046009A26F0B8F84B
:109330003846BDE8FC8710B50446FFF7A6FF416834
:1093400041F002014160606840F00100606010BDC2
:1093500010B5044600F024F8416821F00201416094
:10936000606820F00100606010BD70B506460D46D3
:10937000084600F015F8040010D02079C0070BD083
:10938000686880080BD02146304600F03CF8214642
:109390002846FFF72AFF0546284670BDFEE7FEE790
:1093A000426800F1080122F00300001F0844910800
:1093B00000D1FEE7704770B506460C004FF0000084
:1093C0001ED0F2B120791546C0071BD011462046A9
:1093D000FFF71CFF78B12946204600F025F8054626
:1093E0002046FFF752FF6868294640F00200686097
:1093F0003046FFF715FF2046FFF7AAFF04F10800EB
:1094000070BDFEE7FEE77CB5054648680C4620F0D7
:10941000030001AA694623F0E6F9DDE900232146AD
:10942000284626F03DF87CBD2DE9F0410D46044666
:1094300000F10801281F0E18606806F1080720F0E7
:109440000300401BA0F1040838460421FCF768FF24
:10945000874200D0FEE7606820F0030108EB0500BA
:10946000001D814200D0FEE7307900F0030040EAA1
:109470000800706020F003000C2800D2FEE720797D
:1094800000F00300284360603046FFF754FF304689
:10949000BDE8F08110B516F090FA0B2809D1054807
:1094A000C06B16F067F8002803D1BDE81040FDF747
:1094B000B7B910BD7000002010B516F07EFA0A286A
:1094C00011D10C4C08A1206B19F094FC06A1E06AA4
:1094D00019F090FC0848002302220068BDE8104003
:1094E000194630F041BE10BD5570646174696E67F5
:1094F0002E2E2E00700000200002002038B50446F9
:1095000017F006FF054618F0D6F80028204605D0CB
:10951000616C21641DF0A3F9012038BD16F02AF812
:10952000002820461ED015F0CDFED4E9100181425E
:109530000CD06064206C00906A46232120461EF007
:1095400070FB0128E9D120461DF089F9284618F062
:10955000C2F80428E0D120461BF0A3FC002117F03C
:1095600059F9D9E716F066F8D6E7002802D0C01CF2
:1095700020F0030070472DE9F05F044600880D4697
:10958000C0F3072110881F46C0F30720914681428F
:1095900000D0FEE72DB128460CF080FF064617B13B
:1095A00017E0A08886B22088C0F30720C11F0329D6
:1095B0000ED8072813D0082813D0092813D00A285A
:1095C00013D000208200D9F8101020691AF078F822
:1095D00077B138460CF062FFB0421ED0FEE70220A1
:1095E000F0E70420EEE71020ECE74FF48070E9E7A5
:1095F000B9F8040080B2B042F0D1002211464846CA
:1096000010F08DFC80465DB1D5E90012204610F0C7
:1096100086FC6F688246ED680DE0D7E90012EEE740
:1096200000221146204610F07AFC8246002760682E
:10963000791E01EB104520891FFA80FBB9F808005C
:109640001FFA80F92088C0F307200FF0ECF970436F
:10965000C01DC41007E02246414650461AF030F8BB
:10966000DA44C8447F1CAF42F5DDBDE8F09F16F038
:109670005FBDC01C19F0ACBF10B530B1036823B199
:10968000D0E90121914201D204E0002010BD491C23
:10969000816020B1914202D25C5C202CF7D99142CA
:1096A000F4D1491E816010BD2DE9F0410446002728
:1096B000104E1BE0A0892568C0050BD4A06820B11E
:1096C000FFF7F2FFA089C00504D4206910B17168CA
:1096D00088472761A089800504D4206A10B1716889
:1096E000884727627168204688472C46002CE1D1C4
:1096F000BDE8F08118020020002901DA002070473F
:1097000006F05EBA01004FF0000001D0896803E066
:10971000002070470968401C0029FBD170470022D7
:1097200006F0D1BF002803D0007B202801D0002004
:10973000704701207047002803D0007B082801D023
:109740000020704701207047002803D0007B40288C
:1097500001D00020704701207047002803D0007B13
:10976000102801D0002070470120704710B5016813
:1097700028208847040002D02821F7F7FDFA204668
:1097800010BD0022114600F06FB800002DE9F0472F
:1097900088B00F4604469A4616461C216846F7F7DD
:1097A000EBFA2F480025002C0560456055D0814616
:1097B000E7B3CDE900470295D9E90212D9F81000C4
:1097C0000491CDE9052009F10800FFF7CFFF5FEA1A
:1097D00000082BD000986F4608B1029808B1002706
:1097E0000BE00198042808D903221EA10098F7F77E
:1097F000F9F910B90298C01C02903846FFF73CFFF7
:109800000146404623F048FD68B1BAF1000F13D07D
:109810006846FFF731FFDDE90101814203D2029979
:109820000098405C40B14046FFF73EFFDDE9011083
:1098300088420AD205460BE01EB1029900980844FE
:109840003060404608B0BDE8F087081E00D0451ED5
:109850000EB160193060C9E900450020F2E7000050
:1098600010020020EFBBBF0070B515460E46040085
:1098700009D0F7F798F9411C2B4632462046BDE83F
:109880007040FFF783BF002070BD2DE9F041044612
:10989000006815461346476A0E4600222046B84720
:1098A00001280FD10020BDE8F0812946204600F0B4
:1098B00013F80028F7D020682B460022476A31466B
:1098C0002046B8470228F0D020682A46314603696E
:1098D0002046BDE8F041184770B5044600680E46C2
:1098E000026A20469047050010D02068324629467B
:1098F00043692046984728460EF01EF8A269314673
:10990000904728460EF00BF8012070BD002070BD76
:1099100010B5044640680EF01CF801462046BDE82C
:109920001040024B042218F09EBA00003199000842
:1099300070B5154606460C0015D0216806F13000BA
:1099400091B119F057FD206000280BD000687168B4
:10995000046908460DF0FDFF02462146284619F02D
:10996000AFFE012070BDFEE719F032FDEBE72DE9F7
:10997000F04F0C4685B0054600211BF0A4F978B3E2
:109980002146284600F030FB002830D021462846EA
:1099900000F06CF800282AD0002128461CF0F5F8C9
:1099A0008346002128461CF044F9049000212846F3
:1099B0001BF0B4FF01281DD00027002128461CF011
:1099C000F1FA8046002128461CF022F86FF0404949
:1099D0000646C84510D1688D00050DD401200CE065
:1099E000FFE720462022002119F025FF002005B0C6
:1099F000BDE8F08F0127E0E70020804628461BF0F5
:109A00000CFA8246284600217F221CF03FF9C2B2A0
:109A10002369A1682068CDE90031CDE902075B46E2
:109A20004146504607F052F9A0614E4504D1688D79
:109A3000400501D4012600E0002628461BF0DAF993
:109A400007462846002180221CF020F9C2B2606936
:109A500000256368E1688DE82B0031463846049B99
:109A600007F034F9E0610120C1E700002DE9F34F70
:109A700081B00C46019806F0DBFA06004FF00008B2
:109A80001ED101981BF068FA06F0D2FA071E74D0B6
:109A9000019806F0D1FA8146019806F0D1FA804685
:109AA0008500281D19F094FD06462A4607EB89011A
:109AB00019F006FE6FF0604146F828104FF00108DB
:109AC00001981BF0AAF98346304601F0A7FA2061FD
:109AD000800019F07DFD20602069800019F078FD7C
:109AE0000025DFF828A1A06038E056F82510DFF83F
:109AF0002091514531D100271FE0394601981BF0D4
:109B0000E2F8444900901CF02EFBA8B9009806F03A
:109B100097FA012810D1009806F08EFAA8420BD1CE
:109B200000981CF0C9FA4946484501DA084602E0A7
:109B300000981CF0C1FA81467F1C01981BF006F9C1
:109B4000B842DAD8B9F1000F03DBA16841F82590DB
:109B500003E0A168002041F825006D1C2069A8429F
:109B6000C3D8DFF8A890002509F10109C9F1000365
:109B700052462F4628469A4614E045E056F82010F3
:109B8000494503DB6B1803EB0A050AE0914204D157
:109B9000A16851F820100F4403E0A3680F4443F874
:109BA0002010401C21698142E8D8002101981BF057
:109BB000ECFF2169C1F1010200FB02B0C01B00D51E
:109BC0000020002114E000BF56F821204A450EDB9A
:109BD00002EB0A0300FB03F205EBD57702EB670209
:109BE00092FBF5F2A768ED1A801A47F82120491C6C
:109BF00022698A4201D9002DE6D1B8F1000F02D0C6
:109C0000304616F095FA0120BDE8FE8F9AFFFF1F3F
:109C1000010000E0010006002DE9FC5F05461BF095
:109C2000F1FA8346A86808B1002141620021284664
:109C30001CF018F90190002128461CF086F8824695
:109C400028461BF013FE014601982E4C014401EBFF
:109C50000A0728461BF07AF88046002639E0A868F3
:109C6000DFF8A0902849006850F8260000901CF00A
:109C70007AFA68BB00981CF057FEE0BB0021009800
:109C80001BF01AFEB8B3012836D0022834D00328BE
:109C900032D0002100981CF094F960B9009814307B
:109CA0000CF0EDFB019900EB0109002100981BF07D
:109CB000EBFE48448146002100981BF0CAFE484450
:109CC000A04205DB002100981BF0C3FE00EB090455
:109CD000761C4645C3D3A86810B1CBF100014162A0
:109CE0006FF06040C44203D004EB0A00B84200DACF
:109CF0003846BDE8FC9FFFE70098A969006A401A52
:109D0000401CD7E7010000E0010004002DE9FE4FF0
:109D100005461BF071FA0290A86808B100210162A3
:109D2000002128461CF06FF80090002128461CF006
:109D30003BF8834628461BF0A7FD00EB0B0100987B
:109D4000DFF85C9101EB00084C4628461AF0FEFF54
:109D50000746002128461BF0D5FD01284FF00006DC
:109D600045D082E0A868CA464E49006850F82600EF
:109D700001901CF0F8F9C8BB01981CF0D5FD20B18A
:109D80000198E9694069081A14E0002101981BF064
:109D900093FD58B1032809D0062807D0082805D01C
:109DA000002101981CF00AF930B112E00199E8692C
:109DB0004969401A401C0BE0019814300CF06EFB0E
:109DC000009900EB010A002101981BF04BFE504462
:109DD0008246002101981BF045FE5044A04205DB5D
:109DE000002101981BF03EFE00EB0A04761CBE42E7
:109DF000B8D34C453FD05C443DE0A868CA462949E9
:109E0000006850F8260001901CF0ADF960BB019885
:109E10001CF08AFDE0BB002101981BF04DFDB8B39A
:109E2000012836D0042834D0072832D000210198E8
:109E30001CF0C4F858B9019814300CF02FFB00EB5B
:109E40000B0A002101981BF016FE504482460021A7
:109E500001981BF010FE5044A04205DB0021019840
:109E60001BF009FE00EB0A04761CBE42C5D34C452C
:109E700001D000980444A86810B1029949420162D7
:109E80004C45404602D0444500DD2046BDE8FE8FEB
:109E9000FFE701986969C069401A401CD6E70000D5
:109EA000010000E0010004002DE9F0416FF04045A1
:109EB00014460646A94208D12068002803DA304635
:109EC000FFF7AAFE2060014638E0C1F34170012887
:109ED00034D11C4821F0C04484422FDC30461BF0B2
:109EE0003BF80746408D400510D4002138461BF052
:109EF0008CFDA8420AD1002130461BF0B3FF044676
:109F0000002130461BF021FF211817E038461AF0D7
:109F100071FFB4F1805F02DB6FF070410C1B4443B2
:109F2000642094FBF0F4002130461BF0ADFD0546A3
:109F3000002130461BF08DFD2844211A0846BDE85B
:109F4000F0810000FEFFFF1F2DE9F0416FF040455A
:109F500014460646A94208D12068002803DA304694
:109F6000FFF7D4FE2060014638E0C1F341700128BC
:109F700034D11C4821F0C04484422FDC30461AF012
:109F8000EBFF0746408D000510D4002138461CF039
:109F900006F8A8420AD1002130461BF005FF04460E
:109FA000002130461BF02FFF211817E038461AF029
:109FB00034FFB4F1805F02DB6FF070410C1B44434F
:109FC000642094FBF0F4002130461BF04BFD054665
:109FD000002130461BF04FFD2844211A0846BDE8F9
:109FE000F0810000FEFFFF1F2DE9F34F81B00C460A
:109FF000019806F0C5FC06004FF000081ED101983C
:10A000001AF0AAFF06F0BCFC070028D0019806F061
:10A0100035FD8146019806F035FD80468500281DF6
:10A0200019F0D6FA06462A4607EB890119F048FBD3
:10A030006FF0604146F828104FF00108304600F0FC
:10A04000EDFF6061800019F0C3FA60606069800014
:10A0500019F0BEFA0025DFF838A1E0603DE00020ED
:10A06000BDE8FE8F56F82500DFF82891504533D122
:10A070000027DFF824B11FE0394601981AF023FECB
:10A08000594600901CF06FF8A8B9009806F0FAFC49
:10A09000012810D1009806F0F1FCA8420BD10098DD
:10A0A0001AF006FF4946484501DA084602E00098E2
:10A0B0001AF0FEFE81467F1C01981AF047FEB84256
:10A0C000DAD8B9F1000F03DBE16841F8259003E02D
:10A0D000E168002041F825006D1C6069A842C1D8E4
:10A0E000DFF8AC90002509F10109C9F100035246DF
:10A0F0002F4628469A4613E056F82010494503DBC0
:10A100006B1803EB0A050AE0914204D1E16851F8AB
:10A1100020100F4403E0E3680F4443F82010401C74
:10A1200061698142E8D8002101981BF082FD8346D5
:10A1300001981AF05FFE01466069C0F101020BFB55
:10A140000210C01B00D50020002113E056F821208A
:10A150004A450EDB02EB0A0300FB03F205EBD57761
:10A1600002EB670292FBF5F2E768ED1A801A47F8F6
:10A170002120491C62698A4201D9002DE6D1B8F13B
:10A18000000F02D0304615F0D3FF012068E7000031
:10A190009AFFFF1F010000E00100060070B50446B1
:10A1A000002170221BF072FDD8B9204600216E22DA
:10A1B0001BF06CFD4FF48075A84212D1204600219F
:10A1C0006F221BF063FDA8420BD1204600217322B1
:10A1D0001BF05CFD28B92046002174221BF056FDBF
:10A1E00008B1022070BD2046002163221BF04EFD05
:10A1F000C0B2FF280DD12046002175221BF046FD7C
:10A2000038B92046002169221BF040FD10F0FF0004
:10A21000E8D0012070BD2DE9F04117461D46DDE96B
:10A220000626089B044602290FD003290BD1294694
:10A23000384620F0F8FD054630460CF02FF9401B5B
:10A24000216808442060BDE8F0812946384620F0A6
:10A25000EAFD054630460CF021F900EBD0714910BB
:10A2600005EBD570A1EB6000EAE700002DE9FF4F98
:10A2700095B0C878269CC0070D46002801D0FB4841
:10A2800000E0FB48099001D0FA4800E0FA480F903E
:10A2900001D1F84800E0F848109001D0F74800E0FC
:10A2A000F748039001D0F74800E0F748069001D145
:10A2B000F24800E0F248059001D1F24800E0F2488F
:10A2C0004FF01409049067E0D4E901124FF0000B3D
:10A2D000A1EB0203584659464FF00C0E0DE000BFAB
:10A2E00001EB410C226909EBCC07D75DFF0708D0D1
:10A2F0000EEBCC07D2599B1A491C8E42F0D8002194
:10A3000044E0102707EBCC07D2591044F4E700BF14
:10A3100001EB4106276909EBC60A17F80A20D207A4
:10A3200033D1E8B34FF0100C93FBF0F20CEBC60CFA
:10A33000CDF848C057F80C804FF0080C08FB02F825
:10A3400004220CEBC60C02EBC60257F80CC0BA583C
:10A35000CDF820C0C44500DDC446624503DC089A40
:10A36000424500DD4246424504D04FF0010847F81F
:10A370000A80C346D4F810C00EEBC6064CF806207F
:10A380002769129EBE59801B9B1A491C62698A422A
:10A39000BED8BBF1000F02D06669002E94D100E058
:10A3A00026E0002115981BF0BFFA012800D00020FC
:10A3B000804600200D900E900EA90DA8CDE9000159
:10A3C0002878E3686268249923F09AF8E97811EA1A
:10A3D000080F03D00D992498401A0D9017991598DD
:10A3E0001AF071FC0646DFF8A4926FF0704B5FE143
:10A3F000FEE7A74930461BF0B6FE002871D1708DEC
:10A400000021C0F3C027C0F3802A30461BF0F7FAC2
:10A41000F0B300200790616910E000BF236900EBF2
:10A42000400253F83220B24207D100EB40020C2028
:10A4300000EBC2001858079002E0401C8142EDD8A2
:10A44000E878C007708D04D020F4806040F400608C
:10A4500003E020F4006040F48060708506F1140091
:10A460000F99089088470799884224D030461CF0FD
:10A47000F6F970691190B0691290F0691390306A22
:10A480001490DDE90710099A904711AA312100E0E4
:10A490000DE030461DF0C5FB30461AF05DFD32463A
:10A4A0002A211DF0BEFB30461CF0D9F903E0708D67
:10A4B00020F440607085708DC0F3C022BA4203D191
:10A4C000C0F38021514502D030461CF063FA687811
:10A4D000012823D0022805D0059A00213046904754
:10A4E00027E0DDE0109906F1140088472168059AFD
:10A4F000491C21F00101081A00EBD0704FEA600AF4
:10A500000021304690470746049A00213046904784
:10A51000381A00EBD0710AEB61000AE0109906F1DD
:10A52000140088472168049A0F1A0021304690478A
:10A53000381A0790E87810EA080F06D00F9906F14C
:10A54000140088470D99081A0D90304600216C229E
:10A550001BF09CFB0746304600216D221BF096FB4A
:10A56000824630461BF0A8FD0C9030461AF0A0FC45
:10A570000146C7F3417001280DD127F0C04048457E
:10A5800009DCB0F1805F01DBABEB00000C9A5043BB
:10A59000642290FBF2F7CAF3417001280CD12AF033
:10A5A000C040484508DCB0F1805F01DBABEB000048
:10A5B0004843642190FBF1FA71692298401A0744DC
:10A5C000B1692398411A01EB0A000190E878C007AD
:10A5D00006D0039A0021304690470D99084400E0C8
:10A5E000079800EB070AE878C00701D0079805E054
:10A5F000039A0021304690470D9908440199471865
:10A600005AEA070019D030461CF029F9716901EBAC
:10A610000A007061F16901EB0A00F061B069384429
:10A62000B061306A3844306230461CF018F90023BB
:10A630003A46514630461CF0C1F9E87810EA080F56
:10A6400028D10F9906F1140088472599039A0844E8
:10A650000E9947180021304690470744069A00217A
:10A660003046904739180D98084418E0796701087A
:10A670006F6701089D6401087F640108715A020830
:10A68000955A0208835A02085F5A0208FEFFFF1F0C
:10A69000010006000E99259808440D99081A0D909E
:10A6A000E87817AAC0F38001159805F0F9FF06466F
:10A6B000002E04D0DDE9170188427FF49AAE19B06C
:10A6C000BDE8F08F2DE9F04F91B00E0005463CD06B
:10A6D000AE61286808B115F02BFD06EB4600062197
:10A6E00001EB400018F074FF286028B3022101EB51
:10A6F00046010144E960042101EB86010144C5E9FA
:10A70000010101210024012E17D03001103018F072
:10A7100083FF5FEA00081BD008EBC60000F1080ABF
:10A72000A346B000CDE9050BC0F1010780105C46DF
:10A73000CDF834B009909EE0FEE7B4220270E868DC
:10A740000480E8684180A868048011B0BDE8F08FFB
:10A75000FEE700BF4FF00009002F05DC069903203B
:10A7600000EB4100074408E0DDE905010A1A052174
:10A7700001EB4201401E0F4405900698401C0690D4
:10A7800005A800F0E0F870B1059809A9831041F818
:10A7900029300DA900F0030241F8292009F101092F
:10A7A000B9F1040FD8DBB9F1040F6AD10C990998FB
:10A7B000884210D148F824004AF824B0DDE90D01A0
:10A7C0000144DDE90F2010440144686801556868C0
:10A7D000090101554CE00A99884218D048F8240034
:10A7E0004AF824B069680D98085569680001085551
:10A7F0000998641C401E48F824004AF824B0DDE99A
:10A800000E0101441098001D084469682CE00B9962
:10A8100048F8240088424AF824B0DDE90D010844D4
:10A8200011D0696808556968000108550998641CC9
:10A83000401E48F824004AF824B0DDE90F0108441E
:10A840000830696810E00F9908446968085569681C
:10A85000000108550998641C401E48F824004AF875
:10A8600024B0109869680C300855696800010855D3
:10A87000641C0BF1010B05A800F065F800287FF4BB
:10A8800069AF08EB840140F2D320464351F8041C21
:10A89000B012814205D10AEB840151F8041C8142B7
:10A8A00019D0A6EB8021B1F5007F03DC494341F3C9
:10A8B000CF3106E0C1F58061494341F3CF31C1F1A9
:10A8C0000F0148F824004AF82400686801556868B8
:10A8D00009010155641CA01E0DE000BF5AF820209C
:10A8E00048F8242058F820104AF8241069680A5CB7
:10A8F0000A55401E641C0028F0DAEA680021084668
:10A9000011801AE0EA6822F81100AA6838F82030AD
:10A9100022F811300AE0AB6858F8202033F81160B3
:10A92000964200DA324623F81120401CA04203DA96
:10A930005AF820208A42EED0491CA042E2DB404671
:10A9400015F0F6FB01E703C8814201DC01207047E6
:10A950000020704738B50C46054600F02FF8034636
:10A9600003A000900B4A21462846F5F77FFE38BD2C
:10A97000613032623939343362626137383166644A
:10A980003635333438633030383961643862356590
:10A99000000000000CF603082420704701480088DE
:10A9A00070470000C0000020242801D30020704719
:10A9B000014901EB8000704748AF03080349024892
:10A9C000098850F82100704748AF0308C0000020F4
:10A9D000242802D34FF0FF3070470249088000203E
:10A9E00070470000C0000020F0B5284C001901D4C9
:10A9F000044601E0264C0444264D48F6AC6694FB20
:10AA0000F5F5234C641E05FB040040F2B454B0FB82
:10AA1000F4F4B0FBF6F6041B34441E4E761EB0FB75
:10AA2000F6F6A41B40F26D16B4FBF6F405EBC50672
:10AA300006EB05156426B4FBF6F740F26D1604EB41
:10AA40000515664306EB9404E41B041B04EB840029
:10AA50009926801CB0FBF6F000EB001606EBC6064C
:10AA60000527B61CB6FBF7F6A41B641C0A2801D206
:10AA7000C01C00E00938022801D8012600E00026A9
:10AA800035440D6010601C60F0BD00006CFA0A00D7
:10AA900050C5FDFFB13A020010B50446007DC10764
:10AAA00008D1800706D5204600F005F8207D20F06B
:10AAB0000200207510BD2DE9F047002580462C4688
:10AAC000476816E0214640460BF05BFE06462946E5
:10AAD00040460BF056FE8146306804F0E7FA18B1A4
:10AAE000306815F025FB03E031686D1CC9F80010D3
:10AAF000641CBC42E6D32DB129464046BDE8F04770
:10AB00000BF08BBE4046BDE8F0470BF046BE0000A0
:10AB10002DE9F0410746007900260D46072831D17E
:10AB2000786DC4692068B8B104F114000BF0A7FC7B
:10AB300001462068008980B248431B49D1F83C2176
:10AB4000824203D3101AC1F83C0101E0C1F83C6114
:10AB500020680FF07EF92660A5B1D5F8B00206E0B6
:10AB6000C168A14202D1E168C16002E00846002844
:10AB7000F6D1D5F8B82212B1214628469047204692
:10AB800015F0D6FA384614F0EFFA040007D094F81E
:10AB90005D00C00703D0E06915F0CAFAE6613846E7
:10ABA000BDE8F04115F0C4BAB85C0120CA1701EB4A
:10ABB000527200EBE20022F00702891AC1F107028B
:10ABC0000378012191408B43037070470120704747
:10ABD0002DE9FF4F97B017A8DDE92796259D0BF0CB
:10ABE0005DFC804617A80BF04AFC96F84F40824661
:10ABF000C4F1FF00F76C0390706DB9F1140F018878
:10AC0000ADF8241081788DF82610B0F80310ADF857
:10AC1000201040798DF8220048462BD0B9F1120F50
:10AC200028D0B9F10F0F72D0B9F1110F6FD0B9F16F
:10AC3000100F6CD0B9F11A0F6AD118992698179A8B
:10AC400041434FF0040902FB091124980E18F8B291
:10AC5000149010FB04F00E90C7F30720139010FB24
:10AC600004F00F90C7F30740159010FB04F0069016
:10AC7000002063E117992498189A00EB4101269867
:10AC800000FB021B2699384601EBD1714910079150
:10AC90000EF0A6F80E90C7F3C40010FB04F00F905E
:10ACA000C7F30720800810FB04F00C90C7F307409F
:10ACB000C00810FB04F01090299880690B900020C8
:10ACC0005CE000264EE000BF0BEB46000088ADF8CC
:10ACD000040080B2C1060A0EC0F34511C00A890003
:10ACE000C0000DF02AFF0190BDF804009DF8061089
:10ACF000002740EA0140DDE908210DF0EBFE50B1EC
:10AD0000B9F1140F05D10B9818B1875528E03BE035
:10AD100037E02F8024E0FD2C01D30E981FE03BF894
:10AD20001600022C1BD9039A1099C30A13FB0211B7
:10AD30004FF4784202EAC103039A0C99C0F3451715
:10AD400017FB02114FF4FC6202EAD1015A1800F01D
:10AD50001F030F99039813FB001002EB10202880AB
:10AD6000AD1C761C4645AFDB079929980BEB410BD0
:10AD70000B99406A08440B900298401C0290504581
:10AD80009FDB1BB0BDE8F08F0DF07EFE8346189967
:10AD90002698179A414302FB0B1124980E18F8B21B
:10ADA000069010FB04F00F90C7F307200C9010FBE7
:10ADB00004F00790C7F307400B9010FB04F00A90D3
:10ADC00000204CE0002741E0317861F30700717802
:10ADD00061F30F20B17861F31740DDE908210DF030
:10ADE00079FE40B1002028706870A870B9F1100F8A
:10ADF00029D1E87027E0FD2C05D3069828700C981F
:10AE000068700B981BE0022C14D9327803990F98C4
:10AE100012FB0100000A287072780399079812FB50
:10AE20000100000A6870B27803990A9812FB0100C9
:10AE3000000A04E03078287070786870B078A870E4
:10AE4000B9F1100F0FD05E445D447F1C404687422D
:10AE5000BADB269A08FB1B2006440E98401C0E9075
:10AE60005045AFDB8DE7F078C3E700275EE000BF19
:10AE700096F803B05FEA0B0064D04FF47F41B1FB5A
:10AE8000FBF0B1784143C1F307210591717841434B
:10AE9000C1F30721049131784143C1F307200246F1
:10AEA0000290DDE904100DF048FEDDE908210DF007
:10AEB00011FE28B1002028706870A870E87032E098
:10AEC000FD2C05D31598059013980490149819E05B
:10AED000022C01D8029816E0DDE90510039A11FB57
:10AEE0000200C0F30720059004990F9811FB02009F
:10AEF000C0F307200490DDE902010E9A10FB012047
:10AF0000C0F30720029000FB0BF0000A28700498A1
:10AF100000FB0BF0000A6870059800FB0BF0000ABC
:10AF2000A87085F803B04E444D447F1C47459FDB15
:10AF3000269808FB190006441198401C11905045B2
:10AF400093DB1EE73078287070786870B078A8704E
:10AF50000020B3E77CB5044614F037FD06462046D2
:10AF600014F02BFD0546304619F0F6FF0446332D4C
:10AF700023D00E2D51D116F0CBF910B1007A012853
:10AF80004BD0694630461AF04BF894F8300010F078
:10AF90000C0F30461DD019F040FF05460021204619
:10AFA0001AF0C8FC0128009805EBD5710ED000EB13
:10AFB000610000BF90FBF5F514E034B1E16A02B026
:10AFC0000022BDE870401FF089BCFEE7C0EB6100C5
:10AFD000F0E719F00FFF019900EBD07201EB62016D
:10AFE00091FBF0F5002D00DA0025002644B1E06A5F
:10AFF000A84200D0012616F08BF910B1012201E021
:10B00000FEE70022294620461FF068FC002E04D0EF
:10B010000022232120461CF004FE7CBD01460020B6
:10B020006FF0604200E0401C51F820309342FAD1AA
:10B030007047000010B50022182102202EF0BEFD3E
:10B040000149886410BD00007000002003480178A9
:10B0500009B1406C7047006C704700007000002020
:10B060001FB5044690F8640000F00100884225D026
:10B0700094F8640011B140F0010001E020F00100FB
:10B0800084F8640004F1500168460BF062F9E06A4C
:10B090000099426911440091019980690844019026
:10B0A000E06A0299406908440290E06A0399806965
:10B0B00008440390694620461BF0EEFB1FBD0000CC
:10B0C00010B5022901D8012300E00023C01A01D4E1
:10B0D000034601E0A0F28F134FF4C87493FBF4F31E
:10B0E0006FF018045C4300EB0410022902D96FF0E2
:10B0F000020400E00924214401EB011101EBC1012C
:10B100000524891CB1FBF4F111446422B0FBF2F474
:10B1100040F26D12424302EB9000001B491E0844AE
:10B12000024903FB01000249084410BDB13A020084
:10B130009405F5FF2DE9FC5F088C0D46C0F3072050
:10B14000D1F848900DF06FFC04001FD0288D072225
:10B1500080B2C100B1FBF4F102EBC102D7086B6A07
:10B1600000971A0C02FB01F600FB02FA99B20E23BB
:10B1700035480EF02DFE070008D0286AD7F8108059
:10B18000000C000705D5D9F8200019E00020BDE823
:10B19000FC9F287C012801D088B116E001A800900E
:10B1A000534642460C21D9F8000004F0C3FC10B904
:10B1B0000199514509D038460EF04BFEE6E7E868A4
:10B1C00052460169404618F07BFA288CC0F30720EC
:10B1D0000E2834D008EB0A00A0F1010E08EB06009F
:10B1E000A0F1010B0120A040401EC0B20022134676
:10B1F000009022E09EF800000099D040084010D056
:10B20000824621460AE000BFC1F1080800FA08FCA6
:10B210004CEA0A0C21440CF0FF0AC9B20829F3D306
:10B2200050468BF800001019C2B2082A02D300223F
:10B23000AEF1010EABF1010B5B1CB342DAD3C9F8DE
:10B240001C700120EF62A2E7BC5D01202DE9FC47E4
:10B250008F6C086A0E46D7F800A0C0F307254FF49C
:10B260008079072D0DD0082D0DD0092D0DD00A2D78
:10B270000DD0002189008846C0F3C04048B1386A2B
:10B2800028E00221F6E70421F4E71021F2E749461D
:10B29000F0E7307C012801D0D8B115E0084618F05D
:10B2A00097F9040009D001A80090434622460C21DA
:10B2B000504604F03FFC20B900E0FEE7019941450B
:10B2C00005D0204614F034FF0020BDE8FC877C60E8
:10B2D00001E0F06804693463072D09D0082D09D016
:10B2E000092D09D00A2D09D0002070630120ECE758
:10B2F0000220FAE70420F8E71020F6E74846F4E7D2
:10B300002DE9F0430024DDE90759D617072808D0B6
:10B31000082810D0092819D00A2821D00020BDE81B
:10B32000F08302EB567405EBE40502F007020120FE
:10B33000C2F1070416E002EB9674022005EBA405A7
:10B3400002F003020624A4EB42040BE002EBD274E9
:10B35000042005EB640502F00102A0EB820401E089
:10B360000820154401228240521E1FFA82FC00264A
:10B37000C0F1080211E02F7809EB8608E74007EAE0
:10B380000C0701EB8707241A3F6864B2C8F8007005
:10B39000002C01DA14466D1C761C9E42EBDB01206A
:10B3A000BDE710B10268D2691047FEE770B50546E7
:10B3B00014F003FB0446284614F066FB382C07D132
:10B3C000D0F80803002803D0BDE8704020F080BD0D
:10B3D00070BD00002DE9F0411C481546007800289A
:10B3E00031D00A688868841A4A68C868861A18487A
:10B3F000426842F002024260164A4FF480009061B7
:10B400008889641C83B20889761C82B2888887B2D6
:10B410000888394680B208F00FFC10480E4A0E49E1
:10B42000C3780C329D5074436300C4780A1DA4583D
:10B430006FF30F041C43C3789C50C2788A58C078BD
:10B4400042F001020A50BDE8F08100001001002026
:10B45000003001400000024000640240D8AF030801
:10B460002DE9F0410446006A0E4610B10020BDE807
:10B47000F0810122002130460EF032FF05004FF02E
:10B48000FF3712D030460FF037FD70B1032028652A
:10B490002846256203F098FE216A042008650020F2
:10B4A00020620EF0B7FE0120E1E73846DFE74143B6
:10B4B00002EBA121414303EBA121414388127047D4
:10B4C0007CB504461EF0D0F994F8A01004F12C05C8
:10B4D00041F0010184F8A010F8B101281DD0022824
:10B4E0001DD115F015FF694616F0C8F8032269460C
:10B4F00020461CF0B3FF002120461AF02DFA012847
:10B500000ED00026204608F0C1FB014694F84C00FE
:10B510000E40B04206D0012205E0C4F89C507CBD2C
:10B520000126EFE7002204F1380089B3009902B345
:10B53000D4F884209142F0DBE26F91423ADC626FF2
:10B54000E16F009B891A01EBD17102EB6102D11A04
:10B55000002900DC991AD4F88460D4F88C20921B5E
:10B5600002EBD27206EB6206F21A002A4ADC9A1B40
:10B5700048E0D4F88C209142CFDC626F914219DB15
:10B58000DDE700BF44F89C5F207920F0020006E070
:10B5900007E000BF44F89C0F207940F002002071C2
:10B5A0007CBD01994AB1D4F890209142B5DCA26FDC
:10B5B00091420ADAC4F89C007CBDD4F888209142FC
:10B5C000ABDBD4F880209142F4DCD4F88020A16F6A
:10B5D000521A02EBD27201EB62020199511A002950
:10B5E00001DC0199891AD4F89030D4F888209B1A8C
:10B5F00003EBD37302EB6303019A9A1A002A01DC6E
:10B60000019AD21A8A42C5DABCE72DE9FF4FB7B0DA
:10B610001546379A1F460C461DA83832DDF81081B2
:10B62000469E0AF04DFF00287DD01DA80AF036FF87
:10B630001C9005A82C22002118F0FDF81C9817F08A
:10B64000C7FF03900B9000202190229023900123AC
:10B650004246294624A813F033F824A82190002F4D
:10B6600007DD00233A4621462DA813F029F82DA81E
:10B67000229010A805900D90BDF81401ADF8290096
:10B680009DF816018DF82B008DF828602068C119EF
:10B690002868814200DD08461890A068A968C01B90
:10B6A000884200DB08461A9060686968384488421E
:10B6B00000DC08461990E068C11BE868814200DAA6
:10B6C00008461B9018A80AF0E9FE61686A68914272
:10B6D00001DC012100E000218946E168EA6891422D
:10B6E00001DB012100E000218A4621682A6891429D
:10B6F00001DC012600E00026A168AA68914201DB76
:10B70000012200E00022904606EA080101EA090150
:10B710004FF0010B11EA0A0F03D0322801DA4FF083
:10B72000000B012000E030E18DF8300019EA0B0F2A
:10B730000CD0189810901A98129060681190686850
:10B7400005A9401E1390379810F0E4FB1AEA0B0F7E
:10B750000CD0189810901A981290E86805A9401C0F
:10B760001190E0681390379810F0D4FB2968A8680E
:10B77000814205DB96B1B8F1000F02D0206812E0DB
:10B7800066B120681090286805A9401E129019988B
:10B7900011901B981390379810F0BCFBB8F1000F74
:10B7A0000CD0A868401C1090A068129019981190B5
:10B7B0001B98139005A9379810F0ACFB1D98BBF1AE
:10B7C000000F109006D018981F9A411E8A423EDA48
:10B7D00010463DE01F98129068686168401AB842B0
:10B7E00000DA3846814600252EE060684619E06898
:10B7F000A0EB05081E98B04202DD2099414522DBEE
:10B80000FF211C9A039818F016F81C9800903346F4
:10B8100021A8109A039912F047FE8DF830001E9867
:10B82000B04205DC119605A91396379810F072FB0B
:10B830002099414507DBCDF8448005A9CDF84C801F
:10B84000379810F067FB6D1C4D45CEDB92E0401E33
:10B85000129010A80AF022FE051E39DD56EA0900F2
:10B8600019D01E9C14E011942A46FF2113940398CA
:10B8700017F0E1FF0095234621A8109A039912F0D2
:10B8800013FE8DF8300005A9379810F043FB641CB7
:10B890001998A042E7DC56EA0A0619D01B9C13E06F
:10B8A00011942A46FF211394039817F0C4FF0095C2
:10B8B000234621A8109A039912F0F6FD8DF8300066
:10B8C00005A9379810F026FB2098641CA042E7DAFF
:10B8D00012991D98491C884201DD014601E0129928
:10B8E000491C10911A99491C884201DC1A98401C85
:10B8F00010901F98129010A80AF0D0FD051E39DD97
:10B9000058EA090019D01E9C14E011942A46FF2120
:10B910001394039817F08FFF0095234621A8109ADF
:10B92000039912F0C1FD8DF8300005A9379810F089
:10B93000F1FA641C1998A042E7DC58EA0A0019D011
:10B940001B9C13E011942A46FF211394039817F0CF
:10B9500072FF0095234621A8109A039912F0A4FDC6
:10B960008DF8300005A9379810F0D4FA2098641C9F
:10B97000A042E7DA24A812F0D5FD002F02DD2DA8A1
:10B9800012F0D0FD039814F0D3FB3BB0BDE8F08F6C
:10B990002DE9FF4794B015460C46824604A82C2298
:10B9A0000021209E17F047FFCDF810D0BDF85C00B5
:10B9B000ADF825009DF85E008DF827008DF8246015
:10B9C00060686968884201DC012700E00027E068C0
:10B9D000E968884201DB012600E00026206829682A
:10B9E000884201DC012100E000218946A168AA68A3
:10B9F000914201DB012100E000210090A06802904B
:10BA00006068019068688846401E03901FB104A9D1
:10BA1000504610F07FFAE868401C0190E0680390FF
:10BA20001EB104A9504610F075FA206800902868ED
:10BA3000401E02900FB1686800E0606801900EB18E
:10BA4000E86800E0E0680390B9F1000F03D004A9B2
:10BA5000504610F05FFAA868401C0090A068029061
:10BA6000B8F1000F03D004A9504610F053FA18B0F3
:10BA7000BDE8F0872DE9F04F8B46A2F57F41A9B0D4
:10BA800091460646FF3944D0F46A278D9F4204D080
:10BA90002385608D40F0080060854FF4802A55466C
:10BAA000514620461AF02FFA8046294620461AF0C1
:10BAB0004BFA0546404614F025FB8046304604F01C
:10BAC000CBFC48B3816908EB050209FB021005EBCA
:10BAD000D571A0EB6100269040446D1E284428904B
:10BAE000F06A41692591C069279068460FF0C8FF48
:10BAF0006A4651462046CDF810B01AF0E4FC25AA5B
:10BB0000694658460FF0A8FD2785608D20F0080093
:10BB1000608529B0BDE8F08FFEE72DE9F04F0D46B6
:10BB2000A2F57F41ABB090460646FF395DD0F46A7E
:10BB3000278D9F4204D02385608D40F008006085EA
:10BB400068460EF041FE4FF480296A464946204679
:10BB500004951AF003FC494620461AF0F5F90C90BA
:10BB6000304604F079FC06003FD00A9814F0CAFA77
:10BB70000C9AB169131808FB03111D9111461D9A07
:10BB800001EBD171A2EB61010C9A1D911144401E91
:10BB900008441F9060691C90E0691E901CAA05F182
:10BBA000340125A80AF08CFCD0B134350DF1940C89
:10BBB00095E80F008046894692469B469CE80F0018
:10BBC00085E80F003046343D16F067FD079006F11A
:10BBD0001402694628460EF0C6FD343585E8000F8C
:10BBE0002785608D20F0080060852BB0BDE8F08FC0
:10BBF0007FB50446D0F8B05204E000BF0EF012FB4F
:10BC00000EF0A0FA68680028F8D120460DF030FB4D
:10BC100018B1294840692DF0ACFE01206063E16B4A
:10BC2000C90702D0E16B890700D40020A063A06B94
:10BC300008B1012600E00026E06A20B328682169E7
:10BC40006A460569D4F81003084400906169D4F885
:10BC50001403084401902169D4F8180308440290A1
:10BC60006169D4F81C03084403903D2120460DF07F
:10BC7000E1FBE36A2A466946204698476A463E2128
:10BC800020460DF0D7FB20460DF0F2FA002812D026
:10BC900094F83D00012801D1002E0CD0A16AE06982
:10BCA000814201D1206A05E0226A914202D1616A93
:10BCB00001B10846A0627FBDB85C012038B540687C
:10BCC0000C46010C491E83B2002200911146204609
:10BCD0005B1E0AF047FD38BD2DE9F047CEB00546A2
:10BCE00013F073FE0446284613F0AFFE0746E06AE1
:10BCF00016F0D3FC054694F86400C00775D020A860
:10BD00000FF0BEFE4FF4C02A20AA514620462497C9
:10BD10001AF0D9FB04F1500101A80AF01AFBE06AFD
:10BD200001994269114401910299806901AA08446C
:10BD30000290E06A0399406908440390E06A04991C
:10BD400080690844049020A938460FF085FC5146CC
:10BD5000204619F042FE06465146204619F02AFFB9
:10BD600000EB06085146204619F072FF4FF000091B
:10BD70001F490644CDF82091CDF82491206E096822
:10BD8000284488470246206E411948A817F098FCBD
:10BD90000199582201EB080001900298494630446D
:10BDA0000290E06A19F072FF054605A80EF00CFD3E
:10BDB00005AA5146204609971AF0D0FA9DF8AE0020
:10BDC000022805D8294610980CF01FFE00280CD137
:10BDD00048A80C909DF8710001AA40F001008DF870
:10BDE000710005A938460EF0BEFC4EB0BDE8F087E4
:10BDF00058EA03082DE9F04FF7B08A4605002FD026
:10BE000005F138004B9017F075FB00286FD150A852
:10BE10000FF02DF94FF4C02450AA21462846CDF842
:10BE200050A11AF0F1FA01A80FF02AFE01AA21464A
:10BE30002846CDF814A01AF046FB214628461AF0F1
:10BE4000BAF800EBD0704610214628461AF0B3F835
:10BE500000EBD0704FEA60094B9817F0D2FA8EE0F1
:10BE6000FEE7402250A960A817F02AFC942201A9FD
:10BE700026A817F025FCA089ADF8AC01A07B8DF8B1
:10BE8000AE01A089ADF8CA00A07B8DF8CC00A08AD5
:10BE9000C00502D5D4E900100BE0A2686FF00040A5
:10BEA000824268D074AB284621690BF0CFFFDDE9F0
:10BEB00074106A695718A96901EB000826B1B9F135
:10BEC000000F01D0012000E000208346B81B7090D5
:10BED000B8197290A8EB0900719008EB09007390F3
:10BEE000207D81071ED0C00702D0686901E049E0CB
:10BEF0003846CDE96708207D800701D5E86900E074
:10BF00003846CDE9690800206390299060A9504621
:10BF10000FF075F8BBF1000F04D070AA26A95046A7
:10BF20000FF09AFB207D10F00C0F1ED06797207D3C
:10BF3000400701D5A86900E04046CDE96807207DAB
:10BF4000000701D5286A00E040466A90012063900E
:10BF5000299060A950460FF052F8BBF1000F04D0B1
:10BF600070AA26A950460FF077FB5298401C5290B9
:10BF70000398401C039021464B9817F03FFA0400A9
:10BF80007FF46FAF77B0BDE8F08F2DE9F34F9DB030
:10BF90000446002119F02DFD05460021204619F028
:10BFA0001BFE00EB050B0021204619F063FE054443
:10BFB000204618F032FF0190204618F01BFF129027
:10BFC00002A80FF054F81E98069002AA00212046FD
:10BFD0001AF01AFA00213222204619F057FE00F01A
:10BFE000FF080021204619F004FD8146002134227B
:10BFF000204619F04BFEC6B2204619F031F81A90CF
:10C00000204619F0F3F8A16E012935D9A169294418
:10C01000A1EB000A60690990E0690B90B4F8680030
:10C02000002507B2B8F1020F24D9B9F1000F21DDC4
:10C03000B00705D50021204619F01CFE00B90125E6
:10C04000F00717D00021204619F093FD90B97F1E0C
:10C050003FB20FE0A16E1298491E6843B0FBF1F0A9
:10C0600050440A900C9002A904951E980EF0C7FF48
:10C070006D1C2DB2BD42EDDBE06E012837D9616940
:10C080001A985944A1EB000AA0690A90206A0C9002
:10C09000B4F86C00002705B2B8F1020F25D9B9F148
:10C0A000000F22DD700705D50021204619F094FD10
:10C0B00000B90127300718D520460021132219F0B6
:10C0C000E5FD90B96D1E2DB20FE00198E16E784349
:10C0D000491EB0FBF1F0504409900B9002A904975F
:10C0E0001E980EF08CFF7F1C3FB2AF42EDDB1FB0FD
:10C0F000BDE8F08F2DE9F04FABB0064613F05DFCC4
:10C100000546304613F061FC04461A2D38D01D2D2B
:10C110007ED1206C00287BD0E06B002878D0A06C0A
:10C12000002875D0E06C002872D0E06A00286FD03B
:10C13000304613F08AFCA16D054601F0030001288A
:10C1400068D0890766D002287FD109A80EF03CFB91
:10C1500009AA002120460D951AF000F9E06A109016
:10C1600004F1140006460AF099F9E16B88426FD198
:10C1700030460AF084F9216C8842F8D101202FE181
:10C18000304613F073FC0546007802285DD0A06DA0
:10C190004FF00106C143890756D000F00301022980
:10C1A00052D0C0F384000CF075FC90BB20460021F7
:10C1B000442219F06BFDC0B2FF2845D1606C40BB32
:10C1C000A06C3102884207D1E06C884204D1002281
:10C1D00004F11401686831E00CA9204614F090FEC7
:10C1E000204618F065FE0746204619F065FFB4F8B2
:10C1F0004820B4F84C1092B200920CAB89B2CDE951
:10C200000113014600233A4604A814F025FB02E07E
:10C210001BE019E01DE004996069002208440490C5
:10C220000599A0690844059006996069084406903C
:10C230000799A0690844079004A968680AF060F9A2
:10C2400010B1206B002800D02E702BB0BDE8F08F0D
:10C25000C5E009A80EF098F909AA002120460D951D
:10C260001AF009F805F134000FC881468A46934652
:10C270001AA92046289314F043FEA06C1690E06C97
:10C280001790606C159094F85800C109BDF87400BF
:10C2900061F30C30ADF87400B4F85800010B9DF850
:10C2A000750061F303008DF87500206B2490E06A3F
:10C2B0001090A269206C1044401E00906169E06BF0
:10C2C0000B1820A85B1E02900AF04CFA20460021B1
:10C2D0000C2219F0DBFC1490B4F85800C0F30322D0
:10C2E0000A2A08D2A06B0090636B04F11400029933
:10C2F00009F01FFF3CE00D2A14D00E2A12D00C2AA0
:10C300003ED020AC94E80F0004AC84E80F0004AAEF
:10C3100009A928460EF04CF8289BC5E90FB3C5E9DA
:10C320000D9A92E720002AD0A76CE66B7E4319F0A5
:10C33000C3FEF11706EB1161A0EB212000EBD070DA
:10C34000266C4FEA600820467E4318F0B1FDF117D5
:10C3500006EB1161A0EB212000EBD07042104146AA
:10C3600002980AF0F2F9D4E90D1202980AF0EDF9F8
:10C3700020AE96E80F0004AE86E80F00C7E7FEE7A0
:10C3800005F1340104F1140208460AF099F8D4E9E1
:10C390000D1202980AF0D9F9A86B2199411A206C64
:10C3A000091A491C91FBF0F24243686B2099411A2B
:10C3B000E06B091A491C91FBF0F1414302980AF025
:10C3C000C4F9343504AE95E80F0086E80F00BDF8D7
:10C3D0007400343D40F40050ADF8740097E700203D
:10C3E000B4F85810C1F30321012900D918B1002075
:10C3F000626B22B901E00120FAE7A26B02B10122CF
:10C400000A2901D3012100E000211043884324D0F0
:10C4100016980490159805906FF0604006900020E3
:10C420008DF81C0004AB02A8139A10991EF09EFC14
:10C43000039800900022114625A8029B0AF092F969
:10C44000A06B0090B4F8580025A9C0F30322304631
:10C45000636B09F06EFE25AA00E0324609A9284662
:10C460000EF081F9F1E600002DE9F04FADF52F7DDA
:10C47000054613F0AAFA0446284613F0E6FAAC90F3
:10C480004AA9204618F0DCFC00216A22204619F057
:10C49000FDFB054600216B22204619F0F7FB024602
:10C4A00029464AA809F0FFFF4AA809F0F7FF2C9097
:10C4B0004AA809F0E4FF8346D4E90C10401A5FEA69
:10C4C000000801D14FF0010894F870000027C0F374
:10C4D000C200012804D0022805D02C98584501DB61
:10C4E000012700E0002720460AF00EFB33900021D0
:10C4F000204619F077FB72900021204619F093FB3B
:10C5000054900021204619F0BBFB98900021204652
:10C5100019F035FB539004F13C004AA92A9009F028
:10C5200033FFE16B72986FF001050144E163616CC8
:10C530005498091A6164216C989801442164A16C93
:10C540005398091AA1642A986FB109F098FF04283A
:10C5500017DA0BEBDB70A16905EB6000084420647F
:10C56000001DA0640DE009F099FF042809DA2C9859
:10C57000616900EBD07005EB60000844E063001DCA
:10C5800060642A9809F08AFF05462A9809F077FF27
:10C590002FB1A94604F14405C6482A9E05E081460C
:10C5A000C54804F1400604F148052B90E26E501C8A
:10C5B00014D0616E206BA36E091A181A01FB09F1E1
:10C5C00000FB09F091FBF8F190FBF8F0401A5043A2
:10C5D000C21700EB126001EB202006E0A16B206B7C
:10C5E000081A00FB09F090FBF8F0E26D8246501C3F
:10C5F00014D0616D206BA36D091A181A01FB09F1A3
:10C6000000FB09F091FBF8F190FBF8F0401A504361
:10C61000C21700EB126001EB202006E0D4E90B10FA
:10C62000081A00FB09F090FBF8F027902046002143
:10C63000272219F02BFBC0B20FB1012800D0002037
:10C6400094F84C10814209D02798324601212E4699
:10C65000401E15464042CAF1000A02E02798002118
:10C66000401E3FB1326810442860326802EB0A0075
:10C67000306006E02A68101A30602A68A2EB0A00CF
:10C680002860339840B3206B404200FB09F090FBD8
:10C69000F8F097B129B133682A46181A3146401C80
:10C6A00003E033683246294618442B6811E00B60DA
:10C6B00010601FE0136008601CE021B12B682A465F
:10C6C0003146184404E02B683246181A2946401CAB
:10C6D00033688342EEDDEAE7DDE92A018847012875
:10C6E00008DC0022222120461BF09BFA0DF52F7D4D
:10C6F000BDE8F08F4FA82A9909F046FE68460FF072
:10C70000BFF9AC9804906A464FF40031204619F006
:10C71000DAFE204600210C2219F0B8FA05462C98C2
:10C720005946584500DB0846B5EB600F00DD451063
:10C73000DDF81C802A9809F0B1FE04462A9809F019
:10C740009EFE84422A9802DA09F0A8FE01E009F070
:10C7500096FEB8EB600F01DD4FEA60089DF84300DC
:10C76000002600F00F0017B1022802D002E00128D5
:10C7700000D10126089800B10126729801244FF0DB
:10C780000009002810DB549800280DDB9898002839
:10C790000ADB5398002807DBA84505DA2A464AA990
:10C7A0004FA809F0ADFE98B34C4696B39422694663
:10C7B00073A8F4F7A7FA8DF8FB918DF8FC918DF82A
:10C7C000FA918DF8F7914FAA73A9AC980EF044FF37
:10C7D0008DF831909422694625A8F4F793FA8DF8E4
:10C7E000C4900DF59E7A8DF8C3908DF8C5909AE8A7
:10C7F0000F000DF51A7A8AE80F00EEB197B14A9949
:10C80000729808449A904C995498081A9C9011E098
:10C8100000E04CE056F0010049D08DF82F908DF8E3
:10C820003090D5E74B99989808449B904D99539830
:10C83000081A9D90CDF8B0909AAA1021AC980EF0ED
:10C8400091FB07469AAA25A90EF006FF9EA80EF0B6
:10C85000FFFE4CB14AAC94E80F00A5AC84E82F0071
:10C860009EA938460EF0BEFE4EB14FAC94E80F00C4
:10C87000A5AC84E80F019EA938460EF0B3FE56A879
:10C880000DF082FE9AAA56A95D97AC980EF0E6FAD2
:10C890009422694625A8F4F735FA8DF8C2908DF8F0
:10C8A000BF904FAA25A9AC980EF0D6FE1EE74FAA5E
:10C8B0006946F8E79D6401087F6401082DE9F043AB
:10C8C000CFB0054613F081F80446284613F0BDF8B2
:10C8D00081460021204619F03FF801280BD00025A1
:10C8E000204607F0D3F9064694F84C103540A9428B
:10C8F00003D0012502E00125F2E7002520461CF0C7
:10C90000BEFF074620467EB118F0D2FA804637B106
:10C91000E06A002803DA1DB104E04A900EE00DB190
:10C92000E06BFAE7606CF8E719F0C6FB80461FB3CE
:10C93000E06A002820DA05B321E04B9068460FF04A
:10C940009FF86A464FF440312046CDF8109019F018
:10C95000BAFD334642464AA9204620F033FE04F190
:10C9600084004AA9074609F0FDFC20461CF07CFF24
:10C97000022806D03A462AE00DB1A06CDDE7206C13
:10C98000DBE79422694625A816F09AFE3A466946E6
:10C9900048460EF061FE2EB115B1606C4A9004E07D
:10C9A000E06BFBE7D5B1206C4B90334642464AA979
:10C9B000204620F007FE04F174004AA9044609F05D
:10C9C000D1FC942225A9684616F07AFE22466946D3
:10C9D00048460EF041FE4FB0BDE8F083A06CE3E79F
:10C9E0002DE9F04FB3B0044612F0EFFF054618F002
:10C9F000B3FA0646204613F028F8044607A80DF0BF
:10CA0000E3FE07AA002130460B9419F0A7FC284644
:10CA100015F03CFE40B19DF87800082141EAD001B4
:10CA200061F3C7008DF8780004F134000FC88B461D
:10CA3000CDE92323824604F1340106F1140229A82A
:10CA4000319109F03DFD002860D029AF97E80F0033
:10CA500004F1340787E80F002DA9304604F016F8DA
:10CA600068690190A8690290E86903902E98049083
:10CA700001AA1046319909F023FDC8B1D4E90F810C
:10CA8000F4E90D670DF1040C89469CE80F0084E879
:10CA90000F002846343C15F000FE0E9005F11402FC
:10CAA00007A920460DF05FFE04F1340080E8C003C2
:10CAB0006869019030980290E8690390286A0490B0
:10CAC00001AA1046319909F0FBFCC8B1D4E90F81E5
:10CAD000F4E90D670DF1040C89469CE80F0084E829
:10CAE0000F002846343C15F0D8FD0E9005F11402D5
:10CAF00007A920460DF037FE04F1340080E8C0039A
:10CB0000DDE92323C4E90F23C4E90DAB33B0BDE84D
:10CB1000F08F2DE9F0479EB0994615460C008246ED
:10CB200026D02079032824D005DC58B1012820D054
:10CB300002281DD11DE004281BD0082819D019286F
:10CB400016D116E0E068002812D068460CF09FFF6E
:10CB5000E07D8DF82800A08AADF82000A07D8DF83A
:10CB600022000120099069465046E26810F0CDFA93
:10CB70008BE0216A4FF4616291FBF2F302FB131127
:10CB800000295CD119285AD0A2680BAE0FCA86E8DA
:10CB90000F002069006813F0C6FA022718B1206957
:10CBA000007C08282ED0E16A206913F09FF92060EC
:10CBB00000286AD00BA809F071FC0E210DF09AFA3A
:10CBC0000B99401E08440D9068462C22002116F057
:10CBD00032FEA08AADF81500A07D8DF81700E07D2B
:10CBE0008DF814002068016908960691008980B2CA
:10CBF0000990A06800908DF81C70694650460FF0AF
:10CC000089F942E02069417C41F0020141742069C8
:10CC100013F030FA804668462C22002116F00BFEF5
:10CC2000A08AADF81500A07D8DF81700E07D8DF885
:10CC30001400CDF8188008962069C089D8E7E16A09
:10CC4000206913F053F9206068460DF09DFC206ABE
:10CC50000C904FF480700D900E90E07D8DF8500098
:10CC600020680790A08AADF84C00A07D8DF84E009A
:10CC70002169606A0A89B1F90C101144CDE91101EA
:10CC800069465046A26811F08DFA002D0AD0B9F11C
:10CC9000000007D002461EB029465046BDE8F047C6
:10CCA00010F0A3BF1EB0BDE8F0872DE9F34F086B6D
:10CCB0000C46401E431000F00100C518C969606AA7
:10CCC0008FB0814201DA0A4600E00246009200DDA0
:10CCD0000846A0F101000290206A0F9AA0EB05001F
:10CCE0000190206A694618440390084602F1380210
:10CCF00009F0E6FB002838D0A06B18B1606B08B1D2
:10CD0000012600E000262C2104A816F0D4FDCDF861
:10CD100010D0A08DADF8250094F82E008DF82700D6
:10CD200094F83C006D468DF82400D6B1684609F0B1
:10CD3000B5FB0646039F01980390D4E90D10084403
:10CD4000009991FBF0F200FB121A304616F040FCFD
:10CD50004FF0020B0C958DF82CB081460A90019D86
:10CD600032E004A90F980FF0D5F811B0BDE8F08FAC
:10CD70003246FF21484616F05EFD002150468C46A3
:10CD80005B4614E0626B824204DB121A12B2114459
:10CD9000104408E0D4F838804244824201DA00208E
:10CDA00001E009F801C0401C8DF82C30491CB1424B
:10CDB000E8DB04A90F980FF0ADF80198401C019032
:10CDC0000398401C6D1C0390BD42D1DD484613F012
:10CDD000AFF9CAE72DE9F34F8A46096ADAF8280065
:10CDE000D9B00AF11C040AF12406814205DA214671
:10CDF00068461BF0DFFC314604E0314668461BF014
:10CE0000D9FC2146DDE9005768461BF0D3FCDDE97B
:10CE10000046A4EB0508A6EB0709B8F1000001DC09
:10CE2000C8F10000B9F1000101DCC9F1000188423C
:10CE300001DD012000E000200090DAF8301058B148
:10CE4000B9F1000001DCC9F100004201B8F10000B5
:10CE50000DDCC8F100000AE0B8F1000001DCC8F107
:10CE600000004201B9F1000001DCC9F1000092FBB1
:10CE7000F0F0924A105C48433F30C0114FEA600B1B
:10CE800000F0010202EB0B010691A54201DA2946EE
:10CE900000E02146A1EB00010A9101DD294600E0F6
:10CEA000214601440C91B74201DA394600E031468F
:10CEB000A1EB00010B9101DD394600E03146084449
:10CEC000599A0D900AA9084602F1380209F0F8FAB9
:10CED00000287DD014210EA8F3F74EFF1EA80E9057
:10CEE0002CA80F9000990020002972D0B8F1000FF3
:10CEF00013DDA6EB0B01CDE900102346A7EB0B02D7
:10CF000029461EA811F048FB069801213044CDE9BE
:10CF10000001069823463A1812E006992346314448
:10CF2000CDE90010069829463A181EA811F034FBE6
:10CF30000121A6EB0B002346A7EB0B02CDE9000174
:10CF400029462CA811F028FB9AF83D004FF0020B5F
:10CF500040071AD4032107EB0800CDE90001A5EB37
:10CF600009033A4629463AA811F016FB06EB0801D8
:10CF7000CDE9001BA4EB09033246214648A811F075
:10CF80000BFB3AA8109048A811900AA809F086FA5D
:10CF900004461BF0D9FD0CF0DDF805460AA809F09F
:10CFA00073FAA84203D20AA809F06EFA0546A84609
:10CFB000284616F00DFB81460D9F0B980D9000251D
:10CFC0004246FF21484616F036FC2C2113A801E00A
:10CFD00071E014E016F06FFC0AA91391BAF82C2046
:10CFE000ADF861209AF82E008DF863009AF83C00A5
:10CFF0008DF86000CDF864901B910B9E3AE0CDE96E
:10D00000006006983A46231829181EA811F0C4FAA1
:10D010000120CDE90060A4EB0B033A46A5EB0B0120
:10D020008FE7009409EB05010A9A33460EA8089190
:10D0300011F03AFA8DF8680018B92146089816F0F0
:10D040003AFC25442919414503D20D98401C0D9006
:10D050000FE08DF868B013A959980EF05BFF0D989A
:10D060000025401C0B900D904246FF21484616F0CB
:10D07000E2FB761CBE42D4DD0D990B98884207D0A6
:10D08000481E0D908DF868B013A959980EF042FF14
:10D09000484613F04DF81EA811F044FA2CA811F0E0
:10D0A00041FA9AF83D00400705D43AA811F03AFA3F
:10D0B00048A811F037FA5BB0BDE8F08F34B0030830
:10D0C0002DE9F04F8346086B0C46401E411000F0DE
:10D0D00001004218E06991B0821A0844009202905F
:10D0E000216AA06A814200DA08460190216AA06A9A
:10D0F000814200DD0846401E694603900BF138026C
:10D10000084609F0DDF900283BD0A06B18B1606B30
:10D1100008B1012600E000262C2104A816F0CBFB64
:10D12000CDF810D0A08DADF8250094F82E008DF824
:10D13000270094F83C006D468DF82400EEB1684657
:10D1400009F0ACF90F90039F019803900F9816F027
:10D150003FFA80460A9002200C958DF82C00D4E905
:10D160000D10084401994FF0000991FBF0F200FB0B
:10D1700012150E464FF0010A25E004A958460EF09C
:10D18000C9FE11B0BDE8F08FFF2140460F9A16F09E
:10D1900052FB606BA84202DA8DF82C9001E08DF80A
:10D1A0002CA0D4E90D100844A84200DC002504A9F5
:10D1B00058466D1C0EF0AEFE0198401C019003987D
:10D1C000401C761C0390BE42DEDD404612F0B0FFEC
:10D1D000D7E72DE9FF47054612F0F7FBC46A28465A
:10D1E00012F033FCE26A054600F13401684614325D
:10D1F00009F066F9002834D0D5E90F81F5E90D670B
:10D2000089469DE80F0085E80F0094F84C00343DF6
:10D21000800628D5A26C206C824208D121232946A1
:10D220002046FEF727FC20462123A26C13E0202392
:10D2300029462046FEF71EFC204620232946A26CE4
:10D24000FEF76BFC204601232946226CFEF712FCF8
:10D25000226C204601232946FEF75FFC343585E821
:10D26000C003BDE8FF87204620232946A26CFEF7B5
:10D2700001FC20462023A26CEDE700002DE9F04FD1
:10D28000ADF5337D054612F0A0FB0446284612F0AA
:10D29000DCFB804600F1340204F114010BA809F014
:10D2A0000FF900287ED008F134000BAE90E80E0094
:10D2B000D8F84000CDE90212CDE9043096E82E00FE
:10D2C00008F1340080E80E00204600213022C8F822
:10D2D000405018F0DBFCA9900021204618F0BBFC60
:10D2E000AC900021204618F035FCAD90002120467E
:10D2F00018F063FCAB900021204618F082FCAA9045
:10D30000208D00255F902585608D40F008016185A6
:10D3100036A80EF0B5FB4FF4A02636AA31462046BB
:10D32000CDF8E88019F0CFF860A80DF04DFA60AAAA
:10D3300031462046CDF8908119F010F85F9820858D
:10D34000608D002620F008012046618517F05AFF05
:10D350000146A269AC9806951044411AA998084460
:10D36000401ECDE90850204617F046FFB19000213D
:10D37000204618F0E5FA012800D00020824600205F
:10D38000A3E1A16B099851F82910B091401C491EE6
:10D390000790084409900E99079888427EDCBAF1FC
:10D3A000000F00E09FE109D0E169AA98091AB1983D
:10D3B000091AA998081A401E069008E06169AB98FE
:10D3C0000144B198091AA9980844401E0890002504
:10D3D00075E100BF606B4FF0000B50F8260008B1FC
:10D3E00090F800B0BAF1000F0AD00698401E0890DD
:10D3F000E06B089950F82500081A401C069009E0D7
:10D400000898401C0690E06B50F8251006980844D8
:10D41000401E0890002718E0616BF01951F82000B9
:10D42000C0B10078C00715D0E9190422E06B02EB07
:10D430008101BAF1000F405803D00699081A0690EE
:10D4400002E00899084408907F1CE06A7919401EA0
:10D450008142E1D309990C9881427DDB06985B906B
:10D4600007985C900898CDE95D019DF84C01410753
:10D470000BD56369AB995B9A19448A4205DD5299D1
:10D4800001EBD171A2EB61015B9181070DD5A3691D
:10D49000AC995C9A19448A4207DD00E01AE152997E
:10D4A00001EBD171A2EB61015C9101070FD5E1693C
:10D4B000AA9A5D9B891A491E8B4208DA529901F09B
:10D4C000010201EBD17102EB610119445D91C007CA
:10D4D00010D0226AAD985E99101A401E814209DA76
:10D4E000529800F0010100EBD07001EB60005E99F2
:10D4F00008445E90626C00204A457DD1216CA942AF
:10D500007AD1218D4A0602D48A0600D520208A07C6
:10D5100001D540F002004A0701D540F00400090798
:10D5200001D540F00800002866D02085608D40F0CD
:10D53000080161850FA80EF0A3FA7CA8CDF84C80F5
:10D540000DF042F90FAA4FF4A0212046CDF8008239
:10D5500018F0B9FF7CAA00E096E04FF4A021204625
:10D5600018F0FCFE5F982085608D20F00801618531
:10D57000CDE91195CDE97E955BAA0FA940460EF045
:10D580006BF8606B50F8260000287DD04FF4A02186
:10D59000204618F012FBA6904FF4A021204618F068
:10D5A00030FBA5904FF4A021204618F054FBA49026
:10D5B0004FF4A021204618F0CDFA00219A919991BC
:10D5C0008DF868128999979188999891069AA699E9
:10D5D00011449C91089AA599511A9E91079AA49971
:10D5E00011449D910999081A9F909CA808F056FF34
:10D5F0009990CBF3400000E01AE05FEA000B0AD0FC
:10D6000001219DF84C028DF8681241EAD00161F3C6
:10D61000C7008DF84C02606B97AB6A9A50F82610E1
:10D62000A7A808311DF0A2FBBBF1000F0BD01CE036
:10D63000942236A90FA816F043F86C2260A97CA8A2
:10D6400016F03EF894E7B098079A00EBD073A899CB
:10D6500002EB630201EBD170A2EB60019D915910C6
:10D6600001EB6000079908449F9006AA0BA9A0A8A7
:10D6700008F026FF40B10DF5207B08F134009BE84F
:10D680000E1080E80E0000E015E0C8F840C0606BA6
:10D690009CAA7CA950F826000830839040460DF0E3
:10D6A00062F80DF12C0B08F134009BE80E1080E8B5
:10D6B0000E00C8F840C03E443D44761C6D1CE06A34
:10D6C000A8423FF687AE09F10100216B814649452A
:10D6D0003FF657AE02AD08F1340095E81E0080E831
:10D6E0000E00C8F840400DF5337DBDE8F08F2DE900
:10D6F000F043D9B0054612F068F90446284612F006
:10D70000A4F9804654A9204617F050FB04A80EF057
:10D71000B7F904AA4FF400312046CDF8208018F064
:10D72000D2FE54AA04A940460DF096FF606900900D
:10D73000A0690190E0690290206A039004F114004E
:10D74000064608F0ABFE0546304608F098FE94F811
:10D75000301001F00701012903D002292DD08542A4
:10D760002BDB204617F0A4FB0546304608F096FE5A
:10D77000461BE06A411C05D07043C11700EB1160E5
:10D78000071208E0204618F08DF810F0010F01D0C4
:10D79000374600E000270021204618F0D7F801287E
:10D7A00000D1F71B0098002D3844009001DD6D1E5C
:10D7B00000E00025284402902AE0204618F07CFC76
:10D7C0000546304608F05BFE461BE06A411C05D06A
:10D7D0007043C11700EB1160071208E0204618F0F3
:10D7E00061F810F0010F01D0374600E0002700215A
:10D7F000204618F0ABF8012800D1F71B0398C01B96
:10D800000390002D01DD6D1E00E00025401B0190FE
:10D810004FF440363146204618F0D2F98146314661
:10D82000204618F0F1F907463146204618F016FA5E
:10D8300005463146204618F090F9009A0146A2EBC1
:10D840000900029A0090D01902900198401B0190A3
:10D8500003980844039029A80EF012F929AA31462A
:10D860002046CDF8B48018F02EFE6A4629A940461D
:10D870000DF0F2FE59B0BDE8F0832DE9F047AEB0EF
:10D88000074612F09AF80546384612F09EF804460C
:10D890004FF480261D2D7ED0202D7DD1384612F0EC
:10D8A000D4F8054668460CF08FFF6A46314620469C
:10D8B000049518F053FD0020219022900D981F90A0
:10D8C0000C982090204618F0F7FB4FF001092190AA
:10D8D0008DF8889029A9204603F0D8F829AA05F1E7
:10D8E00034011BA808F0ECFD002855D0204602F0BA
:10D8F000B0FD824614F0CAFE40B19DF85C000821DC
:10D9000041EAD00161F3C7008DF85C00504614F085
:10D91000C4FE01461FAB27A80A9A1DF027FA20462D
:10D9200017F0C6FA07460021204618F0E6FAC1684B
:10D93000DAF8182001EBD17102EB6101A269064609
:10D9400007EBD77802EB68000F1A504617F0B0FAD1
:10D95000F168401A002802DDB90391FBF0F70A983C
:10D96000A26902EB6801C068289A121A7A4301EB97
:10D97000A23100EBD070A1EB60080021204618F026
:10D9800032F8074620460021122218F07FF9064699
:10D990002046002101E034E030E0132218F076F94F
:10D9A0006169F2191144CDE92318E1693435081A87
:10D9B000C01B2899259008EB010026909DF85C007B
:10D9C0000DF16C0C49EAD00161F3C7008DF85C00E1
:10D9D00095E8D10080469CE80F0085E80F0050468E
:10D9E000343D14F05AFE079023AA694628460CF0ED
:10D9F000BAFEC5F83480383585E8D0002EB0BDE8D1
:10DA0000F087384612F021F8054625A9204603F094
:10DA10003DF868460EF034F86A46314620460495D3
:10DA200018F051FD25AA694628460DF015FEE5E7D8
:10DA30002DE9F04FADB0054611F0C7FF044628466A
:10DA400012F003F8054624A9204617F0AFF9204646
:10DA500002F009FD064604A80CF0B6FEE06A0B9041
:10DA600094F85C0001099DF86D0061F341008DF8A8
:10DA70006D00606D1290A06D1390D4E91801CDE98E
:10DA80000C0194F85C0000F00F00032808D024A8D3
:10DA900008F0F5FCB0F5806F02DB04F138001C9053
:10DAA0009DF86C0004AA66F3C7008DF86C00002195
:10DAB0002046089518F052FC9DF86800012708B927
:10DAC0008DF86870200053D0606C1590A06C169093
:10DAD00015994FF6FF70814226D01699814223D0C6
:10DAE0004FF48028264658224146204618F0CEF8AA
:10DAF0000246414630461AF0F5FA0290BDF8080099
:10DB0000ADF85C009DF80A008DF85E0020461C22EE
:10DB1000414618F0BBF80290BDF80800ADF85F0070
:10DB20009DF80A008DF8610020460021612218F05E
:10DB3000ADF80290BDF80800ADF874009DF80A0039
:10DB40008DF8760020460021602218F09FF88DF8AD
:10DB50006B00204600215F2218F098F81E9094F880
:10DB60005C0000F00F00022803D0032801D00EE073
:10DB7000FEE79DF86800022801D0032807D124A8F9
:10DB8000266E08F08BFCB04201DA8DF8687005F162
:10DB9000340224A91FA808F093FC00287ED094F832
:10DBA0005C00000709D1204617F020FB424200210B
:10DBB00024A808F0CAFD206A279094F85C0000F0C1
:10DBC0000F0002282AD0032828D0042826D0D5E91F
:10DBD0000F90D5E90D6780462298286424AA04A9ED
:10DBE00028460CF0C0FD05F13400C5F8408080E8FF
:10DBF000C00249460DF17C0C8A469CE80F0005F1F5
:10DC0000340CD5F840B08CE80F0094F85C00B046B6
:10DC100000F00F00B946032817D044E0D5E90F8083
:10DC2000F5E90D670DF17C0A81469AE80F0085E859
:10DC30000F00343D24AA04A928460CF094FD05F1F8
:10DC40003400414680E8C003D4E7D4E9186724A82B
:10DC500008F024FCB04211DA202211460E9812F08E
:10DC600021FA616D00EB4000314408441290A06D30
:10DC7000139024AA04A928460CF075FD24A808F0E6
:10DC8000FEFBB8420FDA606D12900E9812F03AFA6D
:10DC9000A16D24AA3944084404A900E006E01390C9
:10DCA00028460CF060FD343585E8000F2DB0BDE846
:10DCB000F08F2DE9F04FADF50B7D054611F085FE97
:10DCC0000446284611F0C1FE82460021204617F086
:10DCD0008DFE054600211222204617F0D7FF28446A
:10DCE000879000211322204617F0D0FF00EB050893
:10DCF0000020589059905A905B9001A80CF064FD58
:10DD000001AA4FF400312046CDF814A018F026FBEC
:10DD1000206B40B1814694F84C00002700F00F00C2
:10DD2000012807D007E080225EA9204611F0F0FB11
:10DD30005EA8EFE7012720460021272217F0A6FF63
:10DD4000C0B2012800D10127606B4FF0FF350028D9
:10DD500062D013F0CCFA8346022817D01CA9606B5E
:10DD600012F0EAFE012826D02E46A069711E80908E
:10DD7000084482906069691E7F90084481904FF04A
:10DD800000000090DFB10722879B1BE00E9858909F
:10DD90000D9859906FF060405A909DF8600058AB14
:10DDA000C0088DF86C010B9A1DA8616B1CF0DEFF9A
:10DDB000DDE91D56D9E71D9885B2060CD5E7C8F1F7
:10DDC000000308227FA904F1140008F0B2F9BBF1A6
:10DDD000020F60D01CA80CF0D7FB4FF4003B1CAA2C
:10DDE00059462046CDF880A018F045FA06EBD670CB
:10DDF000421005EBD57041102DA81AF0E0FC20462A
:10DE00007022594617F042FF2890606B23907FAA3A
:10DE10001CA950460CF0CCFA3DA80CF0D5FC3DAA4C
:10DE200000212046CDF804A118F098FA9DF8500181
:10DE30004FF0010B4BEAD00161F3C7008DF85001A0
:10DE40004A9958916FF060415A91C00849998DF8EC
:10DE50006C01599158AB494684A8479A1CF086FF3B
:10DE600061698798002608443990E1693346A1EB3F
:10DE700008003B90A0693A90859900960844401E9E
:10DE80003C9004F11400092239A91D9008F051F9C1
:10DE9000606B40B10AE0606B08907FAA01A9504610
:10DEA0000CF061FCB8E79DF84C0150B12046002110
:10DEB000152217F0EBFE9DF84C11284487B121B1D3
:10DEC00006E002208DF84C0117E003218DF84C117B
:10DED0003999C8F10003084408220096399008E0F7
:10DEE00009B98DF84CB13B990096081A879B3B9075
:10DEF000072239A91D9808F01CF9CDF81091206B64
:10DF000028B99DF8510140F001008DF8510139AA5E
:10DF10003DA950460CF027FC0DF50B7DBDE8F08FB8
:10DF20002DE9F04FADF51F7D054611F04EFD04467D
:10DF3000806B00287ED0284611F087FD8046608DDA
:10DF400040F008016185204689A916F079FF002577
:10DF5000278D2585608D2E4640F00801AA466185F3
:10DF600049A80DF08DFD6EA8CDF834810CF02CFC85
:10DF70004FF4A02B49AA59462046CDF8C88118F085
:10DF8000A2FA6EAA5946204618F0E8F9608D0021E1
:10DF900020F0080060852046278517F06EFE9B90D4
:10DFA0000021204617F0E8FD9A900021204617F046
:10DFB00016FE99900021204617F032FE989031E12C
:10DFC000761CE06A9DA150F826001BF0B7FE0028E1
:10DFD000F6D0606B30F81500C1066ED44FF0000922
:10DFE000C10501D54FF00109400602D549F0800076
:10DFF00012E0206CA84210D1B80601D549F02009E2
:10E00000B80701D549F00209780701D549F004099C
:10E01000380702D549F008008146206B00EB051156
:10E0200001A808F0A8F9019989988A9A01440191F8
:10E03000029900E0FEE0114402910399B9F1000F4A
:10E04000084403900498104404902BD0A4F828901E
:10E05000608D40F00801618509A80DF011FD2EA822
:10E06000CDF834800CF0B0FB09AA59462046CDF813
:10E07000C88018F028FA2EAA5946204618F06EF9E2
:10E080002785608D20F008016185606B30F81500F0
:10E09000C0F3C02000289DF814010FD0082141EAE8
:10E0A000D0010EE0942249A909A815F009FB6C22C1
:10E0B0006EA92EA815F004FBE7E7B1E0172101EAED
:10E0C000D00161F3C7008DF814019DF898000B95FD
:10E0D000C10634D520F01F000F308DF89800636919
:10E0E0009999019A19448A4203D120F004008DF8CD
:10E0F0009800E26998980399101A814205D19DF819
:10E10000980020F008008DF89800A2699B98029969
:10E110001044814205D19DF8980020F002008DF84E
:10E120009800226A9A980499101A814207D19DF8A2
:10E1300098004108490061F304008DF8980001A897
:10E1400008F09DF905905FEA896008D5606B30F8AA
:10E150001500400503D502990598081A029001AAF6
:10E1600009A940460DF078FA38989590DDE93A0112
:10E17000E26A52F82620CDE990109DF81401CDF8FE
:10E180004CA2C0088DF84C02CDF848A2089289A88C
:10E1900008F084F9929090AB8DA8959A08991CF09C
:10E1A000E5FD01A808F07AF98D99401A019900EB74
:10E1B000D07001EB6000019001A808F060F98E9921
:10E1C000401A029900EBD07001EB600002908D992B
:10E1D0000198084403908E990298084404905FEADD
:10E1E00089600FD5606B30F8150040050AD5059899
:10E1F000029900EBD070A1EB600102910499A1EBB0
:10E2000060000490089835909DF8150101AA40F02F
:10E2100001008DF815012EA9404630950CF0A3FAA7
:10E220006D1C761CA06BA8423FF6CBAE608D20F033
:10E23000080060850DF51F7DBDE8F08F0A00000025
:10E240002DE9F047A0B0054611F0BFFB0446284673
:10E2500011F0FBFB8146E06A14F01FFA00780028F9
:10E2600054D1206B002851D0007800284ED004A84B
:10E270000CF0AAFA04AA4FF400212046CDF8209011
:10E2800018F06CF894F87000000708D59DF86C0041
:10E29000012141EAD00161F3C7008DF86C00002133
:10E2A000204617F087FC07460021204617F0A6FC01
:10E2B00006460021204617F0CBFC8246002120466E
:10E2C00017F045FC80460021204617F086FB0546E6
:10E2D00004F11401684608F03CF8009879190844E4
:10E2E000009002987119401A029001980AEB0501FA
:10E2F00008440190039808EB0501401A0390206B35
:10E300000B906A4604A948460CF02DFA20B0BDE8EF
:10E31000F08730B5ADB00C46054629AA25A916F000
:10E3200077FF25A808F0B0F820B929A808F0ACF8C4
:10E3300000281CD06946284625F004FE012816D185
:10E3400025A808F0A1F830B10020029025AA69465E
:10E3500020460DF081F929A808F096F8002806D08B
:10E360000120029029AA694620460DF075F92DB0CA
:10E3700030BD2DE9F04F8B46B9B00446002117F0AF
:10E380002BFC06460021204617F074FC80462046F0
:10E3900016F043FD2790204616F02CFD2B9004F13B
:10E3A0002C002D9015F018F805007ED00021204695
:10E3B00017F0F4FB216F279AC1F1010303FB002042
:10E3C000B0FBF1FA4FF4A021204617F0E7FB81469D
:10E3D000C5F1010202FB09A0B0FBF5F7012F00DA3D
:10E3E00001270021204617F004FB0546204616F0C1
:10E3F00037FE301A28443390204616F0F7FEA8EB7B
:10E4000000002844349068460DF03AFB6A464FF409
:10E41000A0212046CDF810B018F055F89DF8430023
:10E4200020F00F008DF84300FF208DF82E00216AA8
:10E43000079800260844319070E0012802D86169ED
:10E44000339809E02799A1EB0A017143401EB1FB03
:10E45000F0F133980144606901EB00080020CDE938
:10E4600002062D9814F0B4FF55E0287CC0074ED169
:10E4700094F8740010F0300F56D000217A1E4244F8
:10E480003092CDF8B88007EB0902404602EB000855
:10E49000309BDBF83420934236DBDBF83C209042A3
:10E4A0003BDC2889ADF8320000E03AE0A87A8DF82C
:10E4B0003400206F3144B1FBF0F200FB12102A7CD3
:10E4C0006968C2F3001304EB830251F82010536C07
:10E4D000DDF8ACC0D26CC91A01FB0CF1D21A91FB69
:10E4E000F2F1ACEB01033499A269194411442F9164
:10E4F000696851F820006FF00041884204D02EAACC
:10E50000694658460DF0A8F80298401C029029462A
:10E510002D9814F06FFF0500A7D1761C206FB04234
:10E520008BD839B0BDE8F08FE968A7E72DE9F04F47
:10E530000446006FCBB00D4602287DD30021204653
:10E5400017F057FA06460021204617F045FB8719B9
:10E550000021204617F08EFB0644204616F05DFC95
:10E560000890204616F046FC8346204616F078FDBB
:10E5700061693944A1EB000A204616F037FEA16913
:10E580003144081A47902EA80CF071FD2EAA4FF4C2
:10E59000A0212046329517F037FF09A80DF070FA38
:10E5A0004FF4003609AA314620460D9517F08BFF2F
:10E5B0003146204617F0FFFC00EBD0704FEA6008B0
:10E5C0003146204617F02AFA00EBD0704010019037
:10E5D000216F0898814201DB012000E00020489073
:10E5E00004F12C003E9014F0F7FE002824D0401EC9
:10E5F00030900B903E9814F004FF21E1307CC0076E
:10E6000008D03098002804D0401E30900B98401E4F
:10E610000B9011E13089ADF8E400B07A8DF8E60096
:10E620003089ADF85600B07A8DF85800002031904E
:10E630000C9094F8740000E005E110F0300F21D048
:10E640005FF00000CDF8D4A03F90CDF8DCA0499059
:10E650007168814651F82000317CC1F3001104EB50
:10E6600081014A6CC96C801A00FB0BF0891A90FB7F
:10E67000F1F0ABEB00014798002708443890039075
:10E680000790ACE0F068DDE7379835903898369021
:10E69000EA6B359908F10100104481427EDC08984C
:10E6A000216F7843491EB0FBF1F101EB0A0037906E
:10E6B0003F98C119206FB1FBF0F200FB121971688D
:10E6C00051F82900317CC1F3001104EB8102516C37
:10E6D000D26C401A00FB0BF0511A90FBF1F0ABEB3F
:10E6E00000014798084438906A6B3799A2EB0800FC
:10E6F000401E814270DB002F6ED04898A0B3706836
:10E70000499950F821206FF000418A4264D050F8B6
:10E710002900884260D038990798814200DB08467A
:10E7200007900398814200DC08460390379935989A
:10E73000884251D038984090481E379035900398C1
:10E7400036900798389038993698884201D1481CFD
:10E7500038902EA928460CF052FC3798401C379070
:10E7600040980390079037E0FFE73599A1EB080048
:10E77000409001EB0800429036990198081A4190A8
:10E780000198084443907068499950F821206FF02F
:10E7900000418A420CD050F8291000E023E06FF0CD
:10E7A0000040814204D02EA9284631970CF027FC66
:10E7B000B8F1000F10D0019870B17168499851F804
:10E7C00020106FF00040814206D0781E0C9040AAC5
:10E7D00009A928460CF040FF7F1CCDF82491206F3A
:10E7E000B8423FF651AF4898F0B9206FB8421BD1FC
:10E7F00071686FF0004051F82910814214D03799A8
:10E800007F1EA1EB08003F9001EB08004190389972
:10E8100001983FAA081A409001980C97084442902A
:10E8200009A928460CF018FF309828B10B98401E13
:10E830000B903098401E309031463E9814F0DEFD2B
:10E8400006007FF4DBAE4BB0BDE8F08F2DE9F34F4F
:10E85000CBB00546002117F0CCF80446002128462D
:10E8600017F0BAF907460021284617F003FA0646C2
:10E87000284616F0D2FA4290284616F0BBFA41908C
:10E88000284616F0EDFB69693A191144A1EB000B1B
:10E89000284616F0ABFCAA6931191144081A4490B5
:10E8A00026A80CF0E4FB4C982A9026AA4FF4A0214D
:10E8B000284617F0A9FD01A80DF0E2F84C984FF496
:10E8C0000034059001AA2146284617F0FCFD214698
:10E8D000284617F070FB00EBD0704FEA6009214624
:10E8E000284617F09BF800EBD0704110884632980C
:10E8F0004A46C14500DA114600EBD070B1EB600F1B
:10E9000005DD9DF8D50040F004008DF8D500329863
:10E91000012805D19DF8D50040F004008DF8D50000
:10E9200005F12C00399014F06CFDE4E0207CC00768
:10E930007ED12089ADF8C400A07A8DF8C600208968
:10E94000ADF83600A07A8DF8380095F8740010F014
:10E95000300F32D00026CDF8B4B0CDF8BCB045961B
:10E960006068B24650F826000A2828D042980090E5
:10E970002068002350F82670207CC0F3C00005EB0F
:10E980008000C26D416D384614F05AFE58442F90F5
:10E99000419800906068002350F82660207CC0F306
:10E9A000001005EB8000C26C416C304614F048FE4C
:10E9B0004199081A4499084403E0E668CBE75248B5
:10E9C0002F900026309086E02F982D9030982E9032
:10E9D000296F0AEB0600B0FBF1F201FB1207606839
:10E9E0006FF0004150F8270088427DD04199009196
:10E9F000217C0023C1F3001105EB8101CA6C496C35
:10EA000014F01EFE014641980023411A4498084420
:10EA1000309042980090217C2068C1F3C00105EB42
:10EA2000810150F82700CA6D496D14F009FE00E01D
:10EA30005DE058442F9076B32D99A1EB09004690E4
:10EA400001EB09002E994890A1EB0800479001EBDB
:10EA5000080049906168459851F820206FF0004007
:10EA6000824217D051F82710814213D0701E0090B7
:10EA7000299026A94C980CF0C2FAB9F1000F09D0E0
:10EA8000B8F1000F06D00098049046AA01A94C984E
:10EA90000CF0E2FD4597286F401EB0421AD1606825
:10EAA00050F827106FF00040814213D02F9946AAEA
:10EAB000A1EB0900469001EB090030994890A1EBC9
:10EAC0000800479001EB0800499001A904964C9872
:10EAD0000CF0C2FD761C286FB0423FF675AF289847
:10EAE000401C2890039800E00BE0401C0390214656
:10EAF000399814F083FC04007FF418AF4DB0BDE8E2
:10EB0000F08F4597E6E70000010000E02DE9F04FA7
:10EB10000F46BFB00446002117F05EF806460021FC
:10EB2000204617F026F88046204616F076F92E90FB
:10EB3000204616F05FF92D9004F12C00309014F06F
:10EB40004BFC002870D00021204617F027F8216FD9
:10EB50002E9AC1F1010303FB0020B0FBF1F9002163
:10EB6000204616F046FF0546204616F079FA301A80
:10EB700000EB050B204616F039FBA8EB000000EB7C
:10EB8000050A04A80CF07CFF04AA4FF4A02120463B
:10EB9000089717F098FC9DF8530029AD20F00F005E
:10EBA0008DF85300FF208DF83E0007F13400002659
:10EBB0000FC885E80F006FF00048B1E00020CDE9F4
:10EBC00006060546309814F003FC19E0087CC007DF
:10EBD00013D194F8740010F0300F26D00020226F6B
:10EBE0003044B0FBF2F302FB13004A6852F82000F5
:10EBF000404502D0002800DD0544309814F0FAFBAF
:10EC00000100E3D1309814F0E3FB01462A46204688
:10EC10002D9B2AF044FE00287EDD226F012A06D8B3
:10EC2000626902EB0B010CE084E0C868D7E72E991B
:10EC3000A1EB09017143521EB1FBF2F261695A4422
:10EC40001144A9F101020A44299B399237919A4251
:10EC500065DB2B9A914267DC226A0B9B34AD1A4428
:10EC60003A92236AA3EB0A02101A401C3890DDE99D
:10EC70003923339185E80D00206A401C3D90002027
:10EC80000090309814F0A4FB45E000BF94F87400A5
:10EC900010F0300F17D000202989ADF84210A97A62
:10ECA0008DF844108119206FB1FBF0F200FB1210B7
:10ECB000696851F82000404526D0002824DD297CD1
:10ECC000C90721D101E0E868E6E70099084400900F
:10ECD0000246294620462D9B2AF0E1FD3D99491E1A
:10ECE0003691226AA2EB0A01081A401C34903D902A
:10ECF00033AA29A907F1340007F0E2FB20B137AAB3
:10ED000004A938460CF0A8FC06982946401C069039
:10ED1000309814F06FFB00E001E00500B6D1761CDE
:10ED2000206FB0423FF64AAF29AC343794E80F0069
:10ED300087E80F003FB0BDE8F08F2DE9F8430446A7
:10ED400010F043FE8046204610F090FE0646406DCF
:10ED50004068B0F5A02F62D1304610F0FEF90546AC
:10ED6000304610F0F3F9044655EA040057D0706DB0
:10ED700000278668072E05DB40223146404608F012
:10ED8000EFFC28B10DB185F820700CB184F8287023
:10ED90004FF400423146404608F0E2FC20B354B143
:10EDA00040461CF005FF0090BDF8000020849DF84F
:10EDB000020084F8220075B1662085F820004046E4
:10EDC0001CF0F6FE0090BDF80000A5F821009DF8AB
:10EDD000020085F82300404608F0BEFCB04203D193
:10EDE00015B1B22085F820004FF4804231464046EC
:10EDF00008F0B6FC002812D0002C10D0FF2084F8B8
:10EE00002800404620341CF0D3FE0090BDF80000DE
:10EE100020809DF80200A0706068401C6060BDE822
:10EE2000F8832DE9F0410F46040005D004F13000CD
:10EE3000804614F0CDFA11E0FEE7286861680669A3
:10EE4000304608F07EFD08F080FD18B9A269394609
:10EE5000304690472946404614F0CCFA0500ECD1E4
:10EE600004F1240019F040FD404614F091FA00200E
:10EE7000E060BDE8F0812DE9F041174604002DD097
:10EE800069B304F12400804619F05CFD050027D029
:10EE90002E69A269394630469047E16B3046884773
:10EEA000E168091AE1603046616808F04AFD0746EA
:10EEB0002869E16A0844294650F8046C404619F074
:10EEC000BFFD384608F02BFD314604F1300014F048
:10EED00049FB3046BDE8F04111F02AB9FEE7FEE7F4
:10EEE000BDE8F0812DE9FC411D46089F16460C0047
:10EEF000804616D0202117F02DF9A8B1032F4046E7
:10EF00001ED016F06BF9F0B101AB6A4639464046A7
:10EF100001F0CAFF9DF800009DF80410084216D0C9
:10EF20000CE00020BDE8FC81002C00DD3546002D02
:10EF300001DC002402E0281B00D52C462046F1E726
:10EF400016F044F9DFE7002D01DB002EF6DA002C85
:10EF500002DAA41E002C00DDA41CE01704EB907064
:10EF60008010DFE72DE9F04186B014216846F1F703
:10EF700003FF21480024016841F00401016000689A
:10EF8000402602250096CDE9015400F00400082730
:10EF9000CDE90470DFF86480694603954046F3F7D5
:10EFA000E9FE8020CDE9000502AA694682E8B000AA
:10EFB0004046F3F7DFFE10481430016841F02001AD
:10EFC000016000680E4900F0200005900D480160C6
:10EFD0004FF4E1314160C4600C218460C0E9044118
:10EFE000F5F704F8084880F800644720F4F74AF879
:10EFF00006B0BDE8F0810000303802400008024051
:10F000000014014008DC002047E000E008790628F1
:10F0100001D0072811D1486DC26BC2B9026CB2B9D8
:10F02000C26E02B10122008CC0F307201AB10E2873
:10F030000DD014280BD0302809D291F85A0064283A
:10F0400005D3642081F85A00012081F8590000207E
:10F05000704707F096BB10B50446007E400721D4E8
:10F06000A0682B2820D02C281ED04FF48041206887
:10F0700017F070F8002816D0A06816381F2813D291
:10F08000DFE800F010121212101010101010101003
:10F09000101212101212121010101012121212105E
:10F0A00010121000002010BD012010BD8068C0F3B8
:10F0B00000407047027D42F002020275886840F409
:10F0C0008030886070472DE9F041044612F020F945
:10F0D00048B1207E810702D50120BDE8F081C0073C
:10F0E00001D00020F9E7D4F80080D8F8085005B125
:10F0F000083501222146284610F03DFD0128ECD1BB
:10F10000217E8907E9D42146002015F0C6FD01289B
:10F11000E3D1217E8907E0D400222146284610F061
:10F120002AFD054601284DD1207E80074AD420685B
:10F1300015F012FF06000AD02046FFF78CFF30B111
:10F1400020462660FFF7BFFF05460128C5D1207E77
:10F15000000737D44FF40011206816F0FBFF88B386
:10F16000A06816381F2811D2DFE800F02C1010100C
:10F170002C2C2C2C2C2C2C2C2C10102C1010102C5B
:10F180002C2C2C101010102C2C102C00404615F09C
:10F19000DDFD0746207E002640F0040020760CE0CE
:10F1A0003146404615F08FFD30B120602046FFF714
:10F1B0008AFF0546012805D1761CBE4202D2207E78
:10F1C0008007EDD5284688E7017900F108020C296F
:10F1D00028D2DFE801F02706090C0F1215211B18B1
:10F1E0001E24416D0EF001BD416D0DF08EBF416DCD
:10F1F0000DF0FCBF416D0FF025B8416D0EF0FABF68
:10F20000416D0EF0CFBF416D0CF08CBC416D0FF025
:10F2100051B8416D0FF0B8BD416D0EF0F5BF416DB5
:10F220000FF0E2BA704700002DE9FF4F83B09B4614
:10F23000824615F0CBFF06006FF0604111D0884682
:10F240000C460021504616F0B2FC009000215046BA
:10F2500016F0D1FC0190504615F078FD07460025C8
:10F260005BE0084607B0BDE8F08F00BFDAF80800A1
:10F270002D49006850F82500814616F074FFE8BB60
:10F280004FF48051484616F065FFB8B3012E04D004
:10F29000022E08D0032E3FD10CE0D9F81490DAF8F2
:10F2A000141000981FE0DAF81C100198D9F81C908F
:10F2B000091A19E009F1140007F0F0F8D9F8141050
:10F2C00000EBD07001EB60090AF1140007F0E6F8DA
:10F2D0000099411A0198081A00EBD0720098DAF8E8
:10F2E000141000EB62000144049A09EB0B009042F9
:10F2F00012DB059A90420FDC401A00E00CE0002877
:10F3000001DD014600E04142002C01DD224600E023
:10F310006242914200DA04466D1CBD42A6D34046CB
:10F3200084429FD060429DE7010004002DE9FF4F19
:10F3300083B09B46824615F051FF06006FF0604196
:10F3400011D088460C460021504616F07EFC0090F5
:10F350000021504616F0F8FB0190504615F0F6FCDF
:10F36000074600255BE0084607B0BDE8F08F00BF08
:10F37000DAF808002D49006850F82500814616F09B
:10F38000F2FEE8BB4FF48051484616F0E3FEB8B3F6
:10F39000012E04D0022E08D0032E3FD10CE0D9F864
:10F3A0001890DAF8181000981FE0DAF82010019889
:10F3B000D9F82090091A19E009F1140007F05FF854
:10F3C000D9F8181000EBD07001EB60090AF11400B5
:10F3D00007F055F80099411A0198081A00EBD0720D
:10F3E0000098DAF8181000EB62000144049A09EB67
:10F3F0000B00904212DB059A90420FDC401A00E0AD
:10F400000CE0002801DD014600E04142002C01DD56
:10F41000224600E06242914200DA04466D1CBD4281
:10F42000A6D3404684429FD060429DE7010004007D
:10F430002DE9FF4F83B00D4617460021119C03981C
:10F4400016F0B3FD06460021039816F0E4FA0146D3
:10F45000E87882070BD5C3076FF0404202D096428E
:10F4600002D006E0914206D120F00200E870C00709
:10F4700001D0804800E080488146E878C00712D07B
:10F480007D483946804600206060A0606061206051
:10F49000E060206183460097039815F014FC06464F
:10F4A0004FF0010ABEE07348EBE70098B84206D07F
:10F4B0004FF40001304616F04DFE00287CD16F4914
:10F4C000304616F050FE002877D10021304616F065
:10F4D00096FA0190E8B3E8784FF00001C007304693
:10F4E00002D016F0E9FA01E016F0E0FA0099B9420C
:10F4F00001D0109A1044EA78920706D5A3680BEB66
:10F5000000021344069A934256DC8344B94203D066
:10F51000A16810980844A0606069401C6061217E69
:10F52000C90760D000EB4000C100206919F0CEFA95
:10F530005FEA000A11D0606900EB40010AEBC100EC
:10F540004FF0000140F8186CE878C007304605D04D
:10F5500000E033E016F0B0FA02E0FEE716F0A6FA9B
:10F56000616901EB41020AEBC20141F8140CE87831
:10F570004FF00001C007304601D0052200E007220D
:10F5800016F084FB616901EB41020AEBC20141F80C
:10F59000100C6169019801EB41020AEBC20141F8CC
:10F5A000080C6169002001EB41020AEBC20141F83D
:10F5B000040CC4F810A016E037E024E030464946B9
:10F5C0008847BAF1000F01D110990844E9788907FA
:10F5D00006D5A2680BEB00010A4406998A4224DC96
:10F5E000A1680844A0604FF0000A304641468847B1
:10F5F00001462068814202DD30464146884720604E
:10F60000E068401CE060E878400702D54FF0FF302A
:10F6100000E0012000994118009106D4039815F0EC
:10F6200052FB0646002E7FF440AF606908B1069891
:10F6300000E0A0686060CEB10099B94216D103988D
:10F640006A468068006850F82160E878C0F380015D
:10F65000039801F025F84EB13046414688472060B6
:10F6600030464946884760600120E060009807B056
:10F67000BDE8F08FC3600208BB4E0208010006001F
:10F680002DE9F04F93B0044600217A2216F0FEFADD
:10F690009DF81710421C62F30001820862F34101D9
:10F6A000C00860F382018DF81710204600217B22EC
:10F6B00016F0ECFA8DF81400204600217C2216F09A
:10F6C000E5FA8DF81500204600217D2216F0DEFABD
:10F6D0008DF816000021204616F026F9012800D0EA
:10F6E000002080469DF817004FF00001C00720461B
:10F6F0000CD016F0A1FA81469DF817004FF00001DA
:10F70000C007204605D016F043FA04E016F040FA90
:10F71000F1E716F091FA07909DF81700C007204610
:10F7200002D015F07AFB01E015F064FB0021069091
:10F730000F462046102216F0A9FA05463946204603
:10F7400016F048F906463946204616F02BF9800790
:10F7500000D53544A0690544204615F053FD281A0C
:10F76000002108900E462046122216F08FFA054618
:10F770003146204616F02EF907463146204616F04F
:10F7800011F9400700D53D4460690544204615F055
:10F7900033FD281A11909DF817009DF81660C007D8
:10F7A00001D008AD00E011AD0021204616F0FDFBB0
:10F7B00012900021204616F02EF983469DF817007E
:10F7C000C10708D06FF04042934502D1618D4905D1
:10F7D00009D5C10708D112996FF04042914203D177
:10F7E000618D090500D40026B8F1000F08D0C007CC
:10F7F00006D116B1012E02D002E0012600E000265B
:10F800000027BA46109776B39DF81700400703D536
:10F81000A068028E521E13E0002211E000200F901B
:10F8200009A90798CDE9000105A92046069BFFF725
:10F83000FFFD099A07EB090157180AF1010A024670
:10F84000A068008E904201DD002AE7DABAF1000FCD
:10F8500001D0A7EB09079DF81700C007204603D089
:10F8600015F0C8FA02E00AE015F0D7FA10A9CDE9C0
:10F870000051014653463A4630461DF041FE9DF880
:10F880001700410703D5A1680E8E761E00E0002602
:10F89000B8F1000F04D0C00702D1286838442860AE
:10F8A00009AFA068008EB04243DD002E41DB01208D
:10F8B0000F900798CDE90007324605A92046069B20
:10F8C000FFF7B6FD8246B8F1000F07D09DF817008C
:10F8D000C00703D128680999401A286006AB93E84D
:10F8E000070002AB019283E8830011980090534611
:10F8F000324605A92046FAF7B9FC56460D9810F095
:10F9000017FC00200D90B8F1000F03D09DF81700F0
:10F91000C00708D028680999109A014402EB090031
:10F9200008442860BDE7109A296802EB0900081A0C
:10F93000F7E712996FF04040814201D0834502D130
:10F94000204617F00DFD00223321204618F069F9FA
:10F9500013B0BDE8F08F2DE9F74F0546007F9346C1
:10F960004FF0000AC00760D14FF00108EC68002694
:10F97000C1467CB9287FC0F3C000401E304254D13C
:10F98000B9F1000F51D00199284688474FF000087F
:10F990000446C1460EB9261E47D0B8F1000F06D066
:10F9A000214628465A4690470446B0423DD04FF083
:10F9B0000108002CDED0206815F074FF0006D8D4B2
:10F9C00027681FE00121384616F0C4FBB0B12FB103
:10F9D0000121384616F0BEFB0028CAD1E868A042D3
:10F9E00023D0B0B1284600F017FC0246E868142185
:10F9F000006818F016F9012817D106E0384615F00E
:10FA0000ABFA0746002FDDD1E8E7E868006816F09A
:10FA100026FF2846EC6000F0FFFB0246E868132151
:10FA2000006818F0FEF8012802D05046BDE8FE8FAD
:10FA3000E868006816F013FF296909B1284688476D
:10FA40000120F3E770B5846C0546002C16D02068C1
:10FA500020B110F08FFB206810F06AFBE06908B15C
:10FA60000AF0F7F9206A08B10AF0F3F9606810F0BB
:10FA70005FFB204610F05CFB0020A86470BD70B5F1
:10FA80000546002403E0084610F052FB641CE86AB7
:10FA900050F824100029F6D110F04AFB0020E8624B
:10FAA00070BD00000000000010B582B01446CDE922
:10FAB00000010023009A2360194B21F00040984276
:10FAC0002ADA024328D0B0F5801FA8BF226810DAD6
:10FAD0009FED150B53EC102B9DED000B51EC100B13
:10FAE0002AF068FFCDE900016FF0350221F00040F7
:10FAF00022600F4B6FF31E5103EB20501044206027
:10FB000041F0FF5040F0005001909DED000B00BF10
:10FB100002B051EC100B10BD9DED000BF8E700009A
:10FB20000000F07F000000000000000000005043D3
:10FB300002FCFFFF2DE9F0411D46069C16460746D4
:10FB40000CB1002020600022384610F0D7FC0028BD
:10FB500007D123462A4631463846BDE8F04110F029
:10FB6000E6BBBDE8F08170B50146C06ACA6C12F010
:10FB7000060F1AD0C2F34102022A18D0012A13D16B
:10FB8000D1E90E54AC4201DA04F5B4744A6B0E6B41
:10FB90001346B24201DA03F5B472291901EBD171AF
:10FBA00049108E4206DA304470BD496B00E0096BA3
:10FBB000084470BD8A4201DD184470BD084470BD20
:10FBC000002807D0806801E00068491E002801D0A5
:10FBD0000029F9D17047CA1701EB527200EBE2001D
:10FBE00022F007020078891AC1F10701C84000F02D
:10FBF00001007047CA1701EB527200EBE20022F0DD
:10FC000007020078891AC1F10701C84000F001001D
:10FC10007047CA1701EB527200EBE20022F00702B4
:10FC20000078891AC1F10701C84000F0010070474F
:10FC3000CA1701EB527200EBE20022F007020078D3
:10FC4000891AC1F10701C84000F001007047CA17C6
:10FC500001EB527200EBE20022F007020078891AF1
:10FC6000C1F10701C84000F001007047CA1701EB5D
:10FC7000527200EBE20022F007020078891AC1F10B
:10FC80000701C84000F001007047CA1701EB52722B
:10FC900000EBE20022F007020078891AC1F10701A7
:10FCA000C84000F0010070472DE9F34F93B00646BD
:10FCB000694615F0C5F8304616F0FEF90990304651
:10FCC00015F0F6F808900021304615F088FF8346BD
:10FCD0000021304615F0A4FF04460021304615F0FF
:10FCE000CCFF05460021304615F046FF8046002136
:10FCF000304615F0A4FF07460021304615F051FFAD
:10FD000007F0010107EBD77201EB620100F001027D
:10FD100000EBD07002EB6000401C491C0D2900DB99
:10FD20000D2189460D2800DB0D2082460D2C00DBBD
:10FD30000D2427460D2D00DB0D254046B8F10D0F93
:10FD400000DB0D208046002457E0306B00EB0411EF
:10FD50000EA806F010FB0E98009A594658450EDC86
:10FD6000BBF10D0F00DB0D21511A08440E900F98C6
:10FD7000A8421ADC01980D2D05DA294604E0A2EB11
:10FD80000A010844F2E70D21401A0F9908440F9028
:10FD900009981099C01B801E81420846009924DBF7
:10FDA00008440D2F07DA394606E001990246A1EB17
:10FDB00009001044EBE70D21084410900898119AAF
:10FDC000A0EB08000199801E8242114411DB4046DD
:10FDD000B8F10D0F00DB0D200844119000220EA891
:10FDE000149906F023FC58B906E0014401EB0A001F
:10FDF000E3E701EB0900F0E7641CB06BA042A4D874
:10FE0000B06BA04201D14FF6FF7415B02046BDE89B
:10FE1000F08F10F00F0000D1012070472DE9F04164
:10FE20000E4604002CD066B304F13000804613F077
:10FE3000CFFA58B1006861680569284607F081FD6E
:10FE400007462269314628469047D8B1314604F129
:10FE5000240018F077FD050017D02969E06A0844EE
:10FE600050F8046C404613F0B3FA0246314640465F
:10FE700013F049FB61682869BDE8F04107F061BDF6
:10FE8000FEE7FEE73846BDE8F0810020FBE7000012
:10FE90002DE9F05F4FF0000A834605461C461646E2
:10FEA0000F465046C3F800A006E0E96B226851F8FF
:10FEB0002010401C11442160B042F6D30020EA6AB1
:10FEC00081464FF0040C511E12E000BF07FB0208F0
:10FED0006B6B53F8283073B11B78DB070BD006EB44
:10FEE0000008EB6B0CEB8808401C53F80880C144F9
:10FEF00083198B42EAD30021584615F021FD0128D1
:10FF0000584617D015F078F92168081A20600021AA
:10FF1000584615F052FE216808442060E96B51F8FC
:10FF200026100144A9F101000844A0600020C4F893
:10FF300004A020E015F060F92168084420605846CC
:10FF400016F0BAF880460021584615F05AFE22688D
:10FF5000A8EB0201081AA060E96B51F8262002EB19
:10FF60000901401A2060E1E7A96B626851F820108E
:10FF7000401C11446160B842F6D30021584615F088
:10FF80006AFE616808446060584615F03BF9616894
:10FF9000081A6060A96B51F827100844401EE06001
:10FFA000BDE8F09F2DE9F05F894693468246002127
:10FFB00015F01BFE05460021504615F037FE804621
:10FFC0000021504615F05FFE04460021504615F012
:10FFD000D9FD0646504616F06FF8411BA1EB080705
:10FFE000504614F065FF001B801B8742504605DA1F
:10FFF00016F062F8411BA1EB080003E014F058FF73
:020000040801F1
:10000000001B801B00EBD0704010DAF8141042196E
:100010000A44C9F800200219DAF81810BBF1000FE1
:100020000A44C9F8042001D0CBF80000BDE8F09FD5
:100030000021822215F02ABE0021832215F026BE5F
:100040000021842215F022BE032901D2012300E001
:100050000023C01A03EB430301EB8301891EC1EBAC
:1000600041110C23B1FBF3F111446422B0FBF2F215
:10007000014401EB9001891A4FF4C872B0FBF2F011
:1000800008440721B0FBF1F201FB1200C0B2704737
:1000900010B50446806C002804D1442013F0BCFA4B
:1000A00008B1A06410BDFEE72DE9FC5F00297DD0FA
:1000B0008569002006276A8A4FF00C0A4FF0120962
:1000C000C2F3080C7FE000BFAB6800EB800404269D
:1000D00053F8242006EB840693469E5B8A1A9642C8
:1000E0006FD909EB8408002613F80880B8F1020FD5
:1000F00013D0B8F1000F17D0194600EB800309EBBD
:100100008300102311F800C031490820BCF1030F0F
:100110001AD0B8F1010F30D050E000EB800007EBAF
:100120008000185A861849E00AEB84041B599C5C2D
:100130000CB98B4545D1A96800EB800007EB800026
:10014000085A995C461839E0ADF804200091A96876
:1001500003EB840200EB84088A5A51F8081002234A
:1001600001A81CF011F848B3A96851F80820801ABA
:1001700007EB84024010895A1FE0ADF8042000917B
:10018000A96803EB840200EB84088A5A51F808102E
:10019000022301A81BF0F8FF80B1A96851F80820DC
:1001A000801A0AEB840240108A5801E00EE008E051
:1001B00007EB8403C95A32F810000E183046BDE828
:1001C000FC9F401C80B284453FF67EAF0020F6E7DE
:1001D000C98803082DE9F0410D46044600F03CF9BA
:1001E000071E17D0B86900212E1A384615F08BFE6D
:1001F0000FF088FF05460021384615F0A5FE00EBFC
:10020000D07106EB6101284491FBF0F0E16B814273
:1002100000D8481EBDE8F08170B506460025284686
:100220000BE000BF11F057FA012820460AD011F068
:1002300013FAB04200D12546204611F013FA04000B
:10024000F0D1284670BD2DE9F84F0E46044614F053
:10025000E4FD05460021204615F0BEFC371A5FD4A8
:10026000AF4203DD206F401EBDE8F88F94F87400A4
:1002700000F00F00012806D002280CD003280AD075
:1002800004280DD04CE0206F05EBD571401E78435B
:1002900000EB610001E0206F7843B0FBF5F0E3E78D
:1002A0000021204607F0EAFE5FEA000838D04FF050
:1002B000000A6FF0004956462DE0009598F810109E
:1002C000D8F80000C1F3C00104EB810150F826000A
:1002D000CA6D496D002313F0B3F9009598F810101A
:1002E000381A0028C1F3C001D8F8000004EB8101DE
:1002F0004FF00003CA6D50F82600496D03DD13F07E
:100300009FF9381A02E013F09BF9C01B484501DA47
:100310008146B246761C206FB042CED85046A3E745
:100320000020A1E7FEB58369806900255B8AC46867
:100330009B04A06826D4830F14D00123B3EB907FD5
:100340002CD1174826688DE80700A068042320F008
:100350004042314601A81BF017FFF8B1801B801006
:1003600061681AE00F4826688DE80700A06802233C
:1003700020F04042314601A81BF006FF70B1801BFF
:100380004010EDE76368805C595C39B130B1637B44
:100390002268491E11FB0321401E0D562846FEBD52
:1003A00035400108494001082DE9FC5F0E461D4615
:1003B000174682464FF4003115F0A1FA00EBD070D9
:1003C00044103F1B5046FFF7CEFB5FEA0A013FD0C7
:1003D000BAF85C1001EB000909F15A0000B21BF0F9
:1003E00099FE78434FEAE0380FFA89F01BF092FE4D
:1003F0007843C7134FF440394946504615F0F5FB92
:1004000083464946504615F011FC01904946504636
:1004100015F039FC00904946504615F0B3FB3268A0
:1004200020444244A2EB0B01091B29603268019968
:10043000424421441144A9607168CA190099511AB3
:10044000091B6960716839440844E860BDE8FC9F95
:10045000FEE7002114F037BCC06A002802D000215A
:1004600014F031BC704770B590F85C1000248A0617
:1004700000D50824490601D544F0010405460021B1
:1004800015F096FD6FF0404188420CD100212846BE
:1004900015F009FB6FF06041884204D1688D0005BA
:1004A00001D444F00204204670BD10B51446126910
:1004B00072B151B1622215F0E9FB2169C0B291F825
:1004C0004E1010FB01F0000A10BD92F84E0010BD56
:1004D000BDE8104015F0FFBA2DE9F04104460F4683
:1004E000618D00200426C1F305120FE0E36806EBDE
:1004F000C0055B59DD0108D523F07F43BB4204D121
:10050000E16851F83000BDE8F081401C8242EDD82E
:100510004FF0806000EBB1204FEAB050608510F4DE
:100520007C7F41D0C0F30510C100E06818F0CEFA1E
:10053000E060C0B3608DC0F305156D1E16D06FF07E
:1005400003025300E06802EBC50141585FEAC11C99
:100550000CD489010AD403EBC50C00EBC50184441B
:100560006D1EDCE9000CC1E9000CEBD1E06808214C
:1005700000EBC50013F08BF90C2013F04DF8E16887
:1005800041F8350019F088FCE26806EBC500115807
:1005900041F080711150E26867F317011150E06873
:1005A00050F83500AFE700E0FEE7FEE70969C06AF2
:1005B0000844001F704700007FB516460A4690F8B1
:1005C000405004462946104609F094FD072D27D0D7
:1005D000082D27D0092D27D00A2D27D000218900EA
:1005E000002829D0A26AD268511AB1FBF0F4B442B3
:1005F00000DD34460020134E009002902546019005
:10060000681E03906A463521706908F013FF68463A
:1006100005F035FFA0420CDD6D1E002DF0DC0AE078
:100620000221DCE70421DAE71021D8E74FF48071DA
:10063000D5E7002D02DC002004B070BD0398401CFB
:10064000FAE70000B85C0120491E01D5401E0C31BC
:100650000C2901DB401C0C3901290DD0072091FB2E
:10066000F0F200FB121000EBD07121F00101401AF2
:10067000C0F11F00C0B2704781070CD16421B0FBEC
:10068000F1F201FB120149B94FF4C871B0FBF1F26C
:1006900001FB120010B100201C30EBE70120FBE74A
:1006A000136821B15B1E13600BD4806805E05B1CEE
:1006B00013608068018E8B4203DA006850F82300D3
:1006C0007047002070472DE9F0418846A8B3B8F183
:1006D000000F33D084680AB90AE024686CB3216A39
:1006E00059B34046F0F770FB0028F6D120E02468AB
:1006F0001CB3266A5FEA0805F9D0002EF7D0B54290
:1007000018D002E098B16D1C761C2878EFF7A1FF95
:1007100007463078EFF79DFF87422878F2D0EFF751
:1007200098FF05463078EFF794FF8542DFD124B17A
:10073000206A10B12046BDE8F081FFE70020FAE70B
:100740002DE9FC4715460E46044610F0E1FD10F079
:10075000C2FF01280AD0032808D04FF6FF7005B168
:10076000286006B130600020BDE8FC8710F0D0FDA5
:10077000694610F083FF4FF000084746C2465DB35C
:10078000204614F039FD009900EB010900212046B4
:1007900015F0D6F801280DD061692046A9EB0109B2
:1007A000002115F00AFAA9EB000200205146C5F815
:1007B00000A014E00021204615F023FA0146E0696C
:1007C000411AA1EB0902F0E7E36B53F8213018441A
:1007D000824202DA4FF0010804E0491C2960E36A12
:1007E0009942F1D3EEB1204614F00CFD0199084472
:1007F000A169451A0021204615F02DFA2A1A002079
:100800005146C6F800A009E0A36B53F82130184404
:10081000824201DA012704E0491C3160236B9942CE
:10082000F2D3002018EA070F9ED001209CE72DE9A3
:10083000FF4F81B00546039880081E2800D91F206D
:10084000012787401FFA81F86FEA080080B2009004
:1008500095F82A0001F47F0AC0F3C0094FF0FF3673
:1008600000244FF0040B1DE0E96801EBC40042686E
:10087000930140D5B9F1000F13D1520111D40BEB04
:10088000C4028958C1F307410904514509D10068E0
:100890004168394205D0DDE9031219F0D9FA01287F
:1008A00031D0641C688DC0F30510A042DCD822E072
:1008B000EA6852F83400416839421BD00BEBC4019E
:1008C00051584A0116D4C1F307421204524511D1BE
:1008D000009A1FFA81F919EA020F0BD1B14509DD1F
:1008E000DDE9031219F0B4FA012803D14846C145E5
:1008F00008D00646641C688DC0F30510A042D7D806
:10090000002E03DB012005B0BDE8F08F0020FAE7E0
:100910002DE9F04742F300061D460F468146540874
:10092000761C1BF0F2FBA7EB040800FB08F0C711D4
:1009300048461BF0EFFB00FB08F0C011002F06DD5E
:10094000803F39120A1B324421442A6005E0803777
:1009500039120A1B2144891B2A60A960002806DD80
:1009600080380012011B31442044696005E080306A
:100970000012011B2044801B6960E860BDE8F0871D
:100980000021812215F082B92DE9FF4F87B005467D
:10099000DDE917BA1E460F46DDF8508009980FF0C2
:1009A000B1FB00EB0B0101EB0A000090EC6A7C4309
:1009B000002003900490CDE90168A1468DF8100055
:1009C00006460BEB0A0850E0686B50F8241081B320
:1009D000E86B0027042250F82600039010E0686BB3
:1009E000E31950F8230080B10078C0070DD0F31947
:1009F000E86B02EB83037F1CC058039B18440390F1
:100A0000E86ABB19401E8342E9D30878800711D5F4
:100A100009980FF077FB00EB0B01009851448142DD
:100A200006DD09980FF06EFB00EB0B0101EB0A00ED
:100A3000009018E0DDE91501039A0844101A0390AC
:100A4000686B01AB099A50F8241005A808311AF018
:100A50008DF9069901EB08000099884200DC0846F0
:100A60003C443E440090641C761CE96A01EB09009A
:100A7000A042A9D800980BB0BDE8F08F00218622D3
:100A800015F004B90021872215F000B92DE9FF41C6
:100A90000C460646002115F030FA05464FF4802139
:100AA000304615F02AFA074628460FF02BFB05467C
:100AB00038460FF027FB07460021304615F03EFA76
:100AC0000146781900EBD07001EB6005304614F058
:100AD000EFF9B16900EBD07001EB600005EBD57167
:100AE000A0EB610060602844E0606946304614F085
:100AF000A7F9009820600298A060BDE8FF812DE969
:100B0000F04186B08046FFF7A4FC050022D0002605
:100B10004FF4802702960396049639464046059680
:100B200015F0EBF904463946404615F0F8F9029005
:100B30006FF0604004908DF81460284611F0ADFD10
:100B4000014602AB224668461AF010F9009806B03A
:100B5000BDE8F0810020FAE72DE9F0411E46144679
:100B6000054601F47F07FFF762FE012829D08B2C90
:100B700002D21848005D05E01748406BA0B1A4F10F
:100B80008B01405C10F0010F0ED00FB1002700E088
:100B90006D68EDB1298D3346394322462846FFF76B
:100BA00046FE01280DD0F3E797B9012C01D0022CA5
:100BB0000ED128680AE0012C05D0C16929B10120B5
:100BC0003160BDE8F0818169F8E700680028F2D162
:100BD0000020F6E7CCE90308B85C01202DE9F041DC
:100BE00004460D46638D00200422C3F305110AE07C
:100BF000E66802EBC007F659B70103D526F07F4639
:100C0000AE4202D0401C8142F2D8814204D0E16859
:100C100001EBC000BDE8F0814FF0806000EBB32035
:100C20004FEAB050608510F47C7F2FD0C0F30510E0
:100C3000C100E06817F04AFFE060608DC0F3051066
:100C4000401E0DD06FF00702E16802EBC00601EB19
:100C5000C0030E44401ED6E90016C3E90016F3D1C6
:100C60000821E06812F013FE0C2012F0B1FCE168DC
:100C7000086019F011F9E168486840F000704860B8
:100C8000E16865F317004860E068C3E7FEE72DE917
:100C9000F041051E05D005F13000064612F0B1FB0B
:100CA0000DE0FEE720686968006906F04AFE074625
:100CB00006F04BFE38B12146304612F09FFB04008F
:100CC000F0D1BDE8F0813846FBE700002DE9F047A0
:100CD0004FF0000CDDE90964089DDDF82CA0E14629
:100CE0006F1EF1B9052A03D0062A01D0042A02D1C9
:100CF0000023012D01D0002107E001225FF0000157
:100D00009C4456F82180491CC444A942F8D3ACEB5A
:100D10000301072A21D2DFE802F004070B201B138E
:100D20000D00C4F8009018E0411A01EBD1710CE0FD
:100D3000411A0BE0411A91FBF7F3C4F800900CE064
:100D4000411A91FBF5F303EBD3714910216004E0E4
:100D5000421A691C92FBF1F3236000210BE000BFF3
:100D600054F8212056F821C0624404EB810C1A4447
:100D7000491CCCF80420B942F2D304EB850106EB00
:100D8000850251F8041C52F8042C114422688A1A76
:100D9000BAF1000F0DD0002109E000BF54F8213056
:100DA00056F82170C31ADB1B44F82130491CA942B4
:100DB000F4D31046BDE8F0872DE9F0418CB004462D
:100DC0006946F8F7D4FD01286AD108A8102200214D
:100DD00012F031FD00210E462046122214F056FF7B
:100DE00005463146204614F0F2FD074631462046BE
:100DF00014F0D2FD400700D53D4400212E460F4699
:100E00002046102214F042FF05463946204614F0D1
:100E1000DEFD80463946204614F0BEFD800700D531
:100E20004544204614F0E8F961693144081A0A90F3
:100E3000204614F0E7F9A1692944081A00250B900F
:100E400007E0006808AA694650F8250002F04EFF46
:100E50006D1CA068018EA942F3D800980FF068F9C4
:100E600001980FF065F902980FF062F903980FF0FE
:100E70005FF90021204615F095F80546002120462F
:100E800014F0C6FD6FF040418D4201D0884202D17E
:100E9000204616F065FA00223321204616F0C1FEE6
:100EA0000CB0BDE8F08100002DE9F84F04460120A8
:100EB000107018701E46174604F1140B6FF0604A4C
:100EC0004FF000080329204609D014F087F90025C7
:100ED000012861D0022866D003286AD144E014F0CA
:100EE00075F9002501281BD0022820D0032824D121
:100EF0000021204614F05BFE05460021204614F038
:100F00007AFE00905846D4F8149005F0C7FA411BB9
:100F10000098081A00EBD07109EB61010D440CE058
:100F20000021204614F043FE6169451805E00021C8
:100F3000204614F060FEE1690D1A0023D1465246A6
:100F4000691C2046FEF770F9484501D186F80080FB
:100F500000236A1E21492046FEF766F93AE000BFE9
:100F600087F80080BDE8F88F0021204614F06DFE60
:100F700005460021204614F0E7FD00905846D4F8BD
:100F8000189005F07CFA411B0098081A00EBD0710C
:100F900009EB61010D440CE00021204614F055FEE0
:100FA000A169451805E00021204614F0CDFD216A15
:100FB0000D1A0023D1465246691C2046FEF7B6F9A9
:100FC000484501D186F8008000236A1E0349204667
:100FD000FEF7ACF94845C3D0C4E70000010000E0CB
:100FE000A0F13001092901D8C8B27047612801D3A6
:100FF0002038C0B2A0F14101052901D8373800E0FE
:101000000020C0B270472DE9F0470446C06A4FF493
:10101000404106F0CCF894F83610A08E0122FFF77C
:1010200013F80546A06B08B300264FF002084FF0F6
:101030000309AF1D4FF4004A15E0A06BA28E30F8F3
:10104000261091420ED108EB8601425C94F83610CE
:101050008A4207D109EB86015246405CC119E06A19
:1010600006F08CFB761CE06BB042E6D8A08E218E99
:10107000884210D194F8360094F8321088420AD190
:1010800094F83300AD1D4119E06ABDE8F0474FF414
:10109000804206F073BBBDE8F0872DE9F04F0546AE
:1010A0008FB0D5E9016790F821A00468C0680E9060
:1010B000D5E906B00D90D5E9049008900BA807F08B
:1010C000EFFD95F82200002828D1B9F1000F03D0D8
:1010D000BAF1FD0F63D288E0BAF1FD0F4FF00000C6
:1010E00019D21EE000254FF0FF090CE029465846B2
:1010F000FEF771FDC0EB002004F8150004EB45017C
:101100006D1C81F80190B542F0DB0E980D990444F6
:101110008B4408F101008046B842E3DB0FB0BDE824
:10112000F08F8146B842F9DA002510E0294658468A
:10113000FEF751FDC0EB002060F3070840466AF35C
:101140000F2004EB45010BAA07F0F8F96D1CB5421E
:10115000ECDB0E980D9904448B4409F10100E0E7A3
:10116000002512E029465846FEF735FDC0EB002069
:1011700060F3070819F80510404661F30F2004EBEF
:1011800045010BAA07F0DAF96D1CB542EADB0D99AF
:101190000E988B440899044489440AF10100824660
:1011A000B842DDDBBAE7002515E029465846FEF7D0
:1011B00012FDC0EB002060F3070819F80520404637
:1011C00012FB0AF1090A61F30F2004EB45010BAA97
:1011D00007F0B4F96D1CB542E7DB0E980D99044495
:1011E00008988B4481440298401C0290B842DADB94
:1011F00094E72DE9F04F054693B0D5E9016790F8E3
:10120000210005902C68E8680E90D5E906B00D9095
:10121000D5E90480099095F8220020B10FA807F0C5
:1012200053FD0020CEE00598B8F1000F04D0FD2852
:101230004FF0000065D28AE0FD284FF000001DD27B
:1012400022E000252846804610E001465846FEF779
:10125000D1FC04EB8501C0EB0020C8708870487099
:1012600004F8250008F1010080466D1CB045ECDB58
:101270000E980D9904448B4409F101008146B8424F
:10128000DFDB13B0BDE8F08F8146B842F9DA4FF0EA
:10129000000845460EE029465846FEF7ABFCC0EB79
:1012A0000020C0B204EB8801059A07F05AFB08F150
:1012B00001086D1CB542EEDB0E980D9904448B4479
:1012C00009F10100E0E74FF000094D460FE0294623
:1012D0005846FEF78FFCC0EB0020C0B218F805207E
:1012E00004EB890107F03DFB09F101096D1CB542D2
:1012F000EDDB0D990E988B440999044488440AF15A
:1013000001008246B842DEDBBBE74FF000094D46E4
:1013100013E029465846FEF76DFCC0EB002018F894
:1013200005200599C0B212FB01F10A0A04EB8901FC
:1013300007F017FB09F101096D1CB542E9DB0D99B6
:101340000E988B440999044488440AF101008246AE
:10135000B842DADB95E74FF0000A504624E0014638
:101360005846FEF747FCC0EB00210098B8F1000F8B
:1013700061F3174061F30F2061F3070026D018F8DE
:101380000A20059912FB01F1090A61F31F60009020
:1013900095F8222004EB8A000FAB0099F7F75CFD6B
:1013A0000AF1010A09F101008146B042D7DBB8F128
:1013B000000F01D0099988440E9804440D98834485
:1013C0000A98401C0A90B842C5DB5AE70599DCE749
:1013D0002DE9F04F044693B0D4E9016790F82180DD
:1013E00000680090E0681190A0690990E069109091
:1013F000D4E904500890606AC11700EB517121F0E4
:101400000701A0EB010994F8220008B100200DE1CA
:101410002DB1B8F1FD0F4FF000007DD2CCE0B8F156
:10142000FD0F4FF000001FD224E000252C460FE0F6
:1014300021460998FEF7EDFB0028009805EB09010D
:1014400002D022F041FE01E0F9F7B0FB641C6D1CF4
:10145000B442EDDB11990098084400901099099866
:101460000844099008F101008046B842DDDB13B062
:10147000BDE8F08F8246B842F9DA00252C461DE01F
:1014800021460998FEF7C5FB05EB090101908B4643
:101490000098FEF7BEFB019911FB08F2C8F1FF01AD
:1014A00010FB0120C0B27F280098594602D922F0D3
:1014B0000BFE01E0F9F77AFB641C6D1CB442DFDB24
:1014C00011990098084400900999109808440990CF
:1014D0000AF10100CEE700BF4FF00008444621E0CA
:1014E00015F804A021460998FEF793FB08EB0901C3
:1014F0000A9006910098FEF78CFB0A9A12FB0AF2FA
:10150000CAF1FF0110FB0120C0B27F2806990098A4
:1015100003D922F0D9FD02E012E0F9F747FB08F108
:101520000108641CB442DBDB119900980844009068
:101530001099099808440990089805440BF1010096
:101540008346B842C8DB92E74FF0000A544625E0D4
:10155000285D0190F8B121460998FEF75AFB0AEB85
:101560000901CDE90A100098FEF753FB019A0146E4
:1015700012FB08F0020A0B985043C2F1FF0201FB74
:101580000200C0B27F280A99009802D922F09CFD7F
:1015900001E0F9F70BFB0AF1010A641CB442D7DB46
:1015A00000991198084400901099099808440990EE
:1015B000089805440BF101008346B842C4DB56E7A6
:1015C0004FF0000B584621E001460998FEF721FB39
:1015D000C0EB0021019861F3174061F30F2061F324
:1015E00007003DB315F80B2012FB08F1090A61F35F
:1015F0001F600190DDE9000294F822300BEB090135
:10160000F7F798FC0BF1010B0AF101008246B0429A
:10161000DADB0DB108980544119900980844009050
:1016200010990998084409900E98401C0E90B842F1
:10163000C6DB1CE768F31F60DBE700002DE9F04F15
:10164000054691B0D5E9016790F8210005902C6816
:10165000E8680F90D5E906B00E90D5E904800C90AB
:1016600095F8220008B10020CCE00598B8F1000FF1
:1016700004D0FD284FF0000064D289E0FD284FF02F
:1016800000001CD221E000BF4FF0000845460EE0EC
:1016900029465846FEF7CCFAC0EB0020C0B204EB56
:1016A0000801059A07F088F908F101086D1CB54298
:1016B000EEDB0F9804440E98834409F10100814643
:1016C000B842E1DB11B0BDE8F08F8146B842F9DAEB
:1016D0004FF0000845460EE029465846FEF7A8FAA6
:1016E000C0EB0020C0B204EB0801059A07F064F9D2
:1016F00008F101086D1CB542EEDB0F9804440E980A
:10170000834409F10100E0E74FF000094D460FE086
:1017100029465846FEF78CFAC0EB0020C0B218F8F4
:10172000052004EB090107F047F909F101096D1CD7
:10173000B542EDDB0F980C9904440E98884483441D
:101740000AF101008246B842DEDBBBE74FF0000938
:101750004D4613E029465846FEF76AFAC0EB0020D2
:1017600018F805200599C0B212FB01F10A0A04EB32
:10177000090107F021F909F101096D1CB542E9DB06
:101780000E990F988B440C99044488440AF1010087
:101790008246B842DADB95E74FF0000A504623E074
:1017A00001465846FEF744FAC0EB00210098B8F114
:1017B000000F61F3174061F30F2061F3070025D09C
:1017C00018F80A20059912FB01F1090A61F31F605C
:1017D000009095F8222004EB0A000099F7F7EBFB44
:1017E0000AF1010A09F101008146B042D8DBB8F1E3
:1017F000000F01D00C9988440F9804440E9883443C
:101800000A98401C0A90B842C6DB5BE70599DDE701
:101810002DE9F04F804691B0D8E90160814698F8F3
:1018200021B0D8F80040D8F80C000F90D8F8180074
:101830000790D8F81C000E90D8E904A00B9098F8F7
:10184000220008B1002035E1BAF1000F04D0BBF14D
:10185000FD0F70D300276AE0BBF1FD0F4FF00007CA
:101860001CD23FE00025284680460EE0014607983E
:10187000FEF7EDF9C0EB0020C0B203F0A4FB24F8A2
:10188000150008F1010080466D1CB542EEDB0F9893
:101890000E99044407987F1C084407904F45E1DBEC
:1018A00011B0BDE8F08F00252846804611E00146C2
:1018B0000798FEF7CCF9C0EB0020C0B234F8151041
:1018C0005A4606F0D3FF24F8150008F101008046BF
:1018D0006D1CB542EBDB0F980E99044407987F1CF2
:1018E000084407904F45DEDBDAE7002528468046AE
:1018F00012E001460798FEF7AAF9C0EB0020C0B23B
:101900001AF8052034F8151006F0B0FF24F8150079
:1019100008F1010080466D1CB542EADB0F980E9974
:10192000044407987F1C08440B9907908A444F454C
:10193000DBDBB5E7FFE7002022E000252F4613E0C0
:1019400039460798FEF783F9C0EB00201AF8052006
:10195000C0B212FB0BF10A0A34F8151006F086FF2C
:1019600024F815006D1C7F1CB542E9DB0F98079920
:1019700004440E9808440B9907908A4408F101002A
:1019800080464845D9DB8BE700252846059581E050
:1019900001460798FEF75BF9C0EB0020C0B201904A
:1019A00098F82200012814D0022824D003282CD033
:1019B000042899D1019803F006FB34F81510081A91
:1019C000002856DD019803F0FEFA34F81510081AC5
:1019D0000FE0019803F0F7FA34F8151001444FF6C0
:1019E000FF70814205D2019803F0EDFA34F815102A
:1019F000084480B22FE0019803F0E5FA34F815109E
:101A0000081A0028DEDC0020F3E7019803F0DBFA77
:101A100034F81510C008C90A10FB01F0C006070C05
:101A2000019803F0D0FA34F81510C0F38500C1F323
:101A3000451110FB01F0800947EA4017019803F0B7
:101A4000C2FA14F8151000F01F0001F01F0110FB7E
:101A500001F047EA5010BAF1000F11D01AF8052032
:101A6000BBF1FD0F02D212FB0BF10A0A34F815107C
:101A700028E0019803F0A7FA34F81510401AB8E7E7
:101A8000BBF1FD0F1BD300BF24F815000598001D06
:101A90006D1C0590B542FFF67BAF0F980E9904447C
:101AA0000798BAF1000F0844079001D00B998A44B7
:101AB0000698401C06904845FFF666AFF0E634F8FD
:101AC00015105A4606F01CFDDEE700002DE9F04F28
:101AD000814691B0D9E90160824699F821000390CE
:101AE000D9F80040D9F80C000F90D9F818000890E8
:101AF000D9F81C000E90D9E904B00B9099F8220097
:101B000008B1002070E10398BBF1000F04D0FD285C
:101B10004FF000077AD2A9E0FD284FF000071ED24F
:101B200048E000252846804610E001460898FEF768
:101B30009DF8C0EB0020C0B203F050FA07F035F971
:101B400024F8150008F1010080466D1CB542ECDB5D
:101B50000F98089904440E987F1C08440890574534
:101B6000DFDB11B0BDE8F08F00252846804618E085
:101B700001460898FEF77AF8C0EB002000F0FF0954
:101B800034F8150007F011F901464846039A06F0AB
:101B90009DFE07F00AF924F8150008F101008046BF
:101BA0006D1CB542E4DB0F98089904440E987F1C25
:101BB000084408905745D7DBD3E7002528468046E0
:101BC00019E001460898FEF751F8C0EB002000F03C
:101BD000FF0934F8150007F0E8F801461BF8052066
:101BE000484606F073FE07F0E0F824F8150008F107
:101BF000010080466D1CB542E3DB0F980899044450
:101C00000E987F1C08440B9908908B445745D4DBF1
:101C1000A7E70025284680461DE001460898FEF704
:101C200025F8C0EB002000F0FF0934F8150007F09C
:101C3000BCF81BF80510039A11FB02F10A0A0146D1
:101C4000484606F043FE07F0B0F824F8150008F106
:101C5000010080466D1CB542DFDB0F9808990444F3
:101C60000E987F1C084408900B9883445745D0DB9E
:101C700077E700BF4FF000084046A4E006990898B7
:101C8000FDF7F4FFC0EB0020C0B2049099F82200E9
:101C9000012811D0022827D003283BD004288BD15B
:101CA00034F8180007F081F80546049803F096F917
:101CB000281A002823DC67E034F8180007F075F8CC
:101CC0000546049803F08AF929184FF6FF708142FF
:101CD00008D234F8180007F068F80546049803F0B5
:101CE0007DF9284485B241E034F8180007F05DF82A
:101CF0000546049803F072F9281A002808DD34F824
:101D0000180007F052F80546049803F067F943E01D
:101D10000020E7E734F8180007F047F8C50A0498F0
:101D200003F05CF9C00815FB00F0C006050C34F8A0
:101D3000180007F03AF8C0F34517049803F04EF97D
:101D4000C0F3850017FB00F0800945EA401534F820
:101D5000180007F02AF800F01F07049803F03EF976
:101D600000F01F0017FB00F045EA50150398BBF187
:101D7000000F13D0FD2834F818003AD307F015F8F7
:101D800001461BF8082013E0049803F027F90546E4
:101D900034F8180007F009F8281AA3E7FD2801D342
:101DA000284608E034F8180006F0FFFF039A0146C1
:101DB000284606F0A5FB06F0F8FF24F81800069860
:101DC00008F10108001D0690B045FFF657AF0F98C7
:101DD0000E9904440898BBF1000F0844089001D004
:101DE0000B998B440798401C07905045FFF642AF73
:101DF000B7E606F0DAFF01461BF80820039812FB4D
:101E000000F0020AD4E700002DE9F04F064691B039
:101E1000D6E9017890F8210008903468F0680F90B6
:101E2000D6E906B00E90D6E904900D9096F82200FF
:101E30008A4608B10020BDE00898B9F1000F04D02F
:101E4000FD284FF000005AD27CE0FD284FF0000042
:101E500018D21DE0002528460BE001465846FDF744
:101E600014FF6119C0EB002088704870605555441C
:101E7000701C0646B842F0DB0F980E9904448B4460
:101E800009F1010081464045E4DB11B0BDE8F08F67
:101E900081464045F9DA002635460CE02946584689
:101EA000FDF7F3FEC0EB0020C0B2A119089A06F0BE
:101EB0003DFD56446D1CBD42F0DB0F980E99044465
:101EC0008B4409F10100E3E7002635460DE0294681
:101ED0005846FDF7DAFEC0EB0020C0B219F8052025
:101EE000A11906F023FD56446D1CBD42EFDB0F988F
:101EF0000E9904448B440D9905988944401C059023
:101F00004045E1DBC1E70026354611E02946584649
:101F1000FDF7BBFEC0EB002019F805200899C0B200
:101F200012FB01F10A0AA11906F000FD56446D1CCE
:101F3000BD42EBDB0F980E9904448B440D99059834
:101F40008944401C05904045DDDB9EE7002002905F
:101F500022E001465846FDF798FEC0EB00202946D6
:101F600060F3174160F30F2160F30701B9F1000F2F
:101F700024D019F80520089812FB00F05FEA102021
:101F800060F31F61029896F822202044F7F742F888
:101F9000029850440290681C0546B842D9DBB9F15A
:101FA000000F01D00D9989440F980E9904440598AB
:101FB0008B44401C05904045C8DB66E70898DFE786
:101FC00070B51269049D1E469AB1926C144611B107
:101FD00016F08AF804464FEA14606DB178B12946CC
:101FE000304606F0E7FE01462046BDE8704006F0A8
:101FF00095BE13F06FFEEDE708B1204670BD29468F
:102000003046BDE8704006F0D5BE10B502464B68BC
:10201000127A097A40684FF0FF348A4215D1012ABA
:1020200001D05AB10EE0194617F088FE002809D0F9
:1020300002DD4FF0010010BD204610BD984201D0D6
:10204000FAD9F6E74FF0000010BDF5D9F1E770B509
:10205000C56804461021284607F0A8FF10B128469D
:1020600007F0F7FE207A012804D16068BDE87040CF
:102070000EF05EB870BD00002DE9F04F0C468046B2
:1020800087B00C21204611F00EFC98F81060D8F8AB
:102090000C7016B93869002824D00EF06BFFDFF8F9
:1020A00018A15FEA000908F1140B1ED0012E26D1F9
:1020B0008DF80460009700226946DAF8300105F0D7
:1020C000D7FB050013D005F037FC00F108010EC95D
:1020D00084E80E00446900222946DAF8300105F050
:1020E0005DFC204607B0BDE8F08F012E07D102222B
:1020F000394658460EF0CCF808B10020F2E72F48D8
:10210000009011F065F913E0286868B1686858B16B
:102110000022114658460EF0F1F92B68224641463E
:1021200028469847012808D02946009811F062F9FE
:102130000500E9D1012E16D018E020890004000C1A
:10214000F8D12088C0F30720142808D006F06BFCD3
:10215000A18889B24843C01DC0082081EAE7A08851
:102160000004C00BF9E758460EF004F8B9F1000F6F
:102170001CD0012E1AD1CDB18DF80460384617F06D
:10218000F3FD0595009094E8070002AB544683E800
:10219000070000226946DAF8300105F07BFB0100F8
:1021A00006D00022D4F8300105F0F8FB284699E764
:1021B00000980DF0BDFFA0E7B85C0120D85D0120BC
:1021C00010B502460B681279097900684FF0FF34A8
:1021D0008A4215D1012A01D05AB10EE0194617F0F2
:1021E000ADFD002809D002DD4FF0010010BD2046F2
:1021F00010BD984201D0FAD9F6E74FF0000010BDAB
:10220000F5D9F1E70179012902D100680DF090BFFD
:10221000704700002DE9F04F95B083461EA889460F
:1022200090E84005B1F84C10ADF8181099F84E0040
:102230008DF81A00106B0790506B0890244DD06AEF
:102240001C46174660B114B12068A84208D1CDE9F8
:10225000006806AB49465846D04715B0BDE8F08F38
:1022600098E80F000DF1080C8CE80F0070684242EE
:102270003068414202A804F068FA04B90DAC256048
:102280006560A560E560224602A938460EF046FC6E
:10229000054694E80F000DF1240C8CE80F00D6E9F8
:1022A000001209A804F051FA012DD6D109AA41461D
:1022B00011A804F005F90028E5D011A909A8CDE975
:1022C000000106AB3A4649465846D047DBE70000D6
:1022D000010000E02DE9FF4F91B0086BDDE91E5BC6
:1022E0000C4638B9616B4FF48070814202D1A16B0A
:1022F000814201D0012000E000208246E06A0028EF
:1023000001DD012100E0002113988946C06A0769B8
:102310000090018900881FFA81F8C0F307262C215C
:1023200002A811F0C4FA94F850008DF81C0094F83B
:102330005100CDF8108000F00F008DF830005AEAFF
:1023400009005ED10E2E06D0142E1DD0062E47D0C9
:10235000152E45D046E0119A29460DA8383204F0D2
:10236000AFF8002839D0CDE90A580020089703902B
:1023700034F84C0FADF81D00A0788DF81F00022036
:102380008DF82400029524E094F84F00022836D8F6
:10239000606D98BB284604F072F80446284604F0A5
:1023A0007DF808FB00F10098039708970695808850
:1023B000029580B2B1FBF0F000FB047008904FEA88
:1023C0005800CDE90A5002208DF8240012208DF823
:1023D000140002A9119809F09DFD15B0BDE8F08F19
:1023E000606D28B194F84F00022808D8606D28B9B4
:1023F000CDE9025706958DF81460EAE701E0606DBB
:1024000088B139EA0A0005D094F84F00022801D8B3
:10241000606D88B1CDE9005BDDE913232146119899
:1024200024F0CCFED9E72B46CDF800B02146139A14
:1024300011981CF03EF9D0E72B46CDF800B02146AC
:10244000139A11981BF0CCFDC7E72DE9F041044623
:10245000D0F824010D4600282CD0296B042250F816
:10246000317002EBC101465895F82000012808D1CF
:10247000E06BB84202D1206CB04202D0204600F09E
:10248000B7FD204600F07CFF002813D1C4E90D768B
:1024900095F82000012820460ED000F0A9FD207AF2
:1024A0006072204600F06CFF002803D1606BE0638F
:1024B000A06B2064BDE8F08100F010FCEFE70000A5
:1024C00070B5284C05460421A06D13F043FE00288A
:1024D0002AD0A06D12F0E5FC0646D5F8DC0008B164
:1024E00012F0DFFC864220D11EB1A06D0EF09AF8EA
:1024F00012E0D5F8DC00A16D884212D01421626D83
:1025000015F08FFB284600F03BFF00280CD1D4E9E2
:102510001520132115F085FB284600F031FF002817
:1025200002D1A06DC5F8DC0070BD88B1D5F8DC30F3
:102530005BB1626D98B115214FEA030015F071FB94
:10254000284600F01DFF0028EED1002EDFD0CCE79A
:10255000D5F8DC000028F8D01421626DEEE71421D4
:10256000EAE70000B85C01202DE9F0470D4604467B
:1025700091F82010C07A4FF00009012930D00107EE
:1025800008D520F0080121F00101C4F81090E17293
:1025900084F8149194F8148195F8200084F81401BB
:1025A000E86AC4F81801D4F820A15FEA0A007CD0D8
:1025B0000EF0A4F8C14E0028B06576D095F8200042
:1025C00008B1A5F834908021B06D13F0D3FD80F0F0
:1025D000010795F82000012805D0002866D012E1F7
:1025E000000762D4D6E7B8F1000F03D0B8F1010FAD
:1025F00037D008E1E0682061E96A0A2906D0142989
:102600001AD013291BD01B291DD086E0B06D14F001
:102610006CF920B91021B06D13F09CFD00B10120C0
:10262000804650460EF064F838EA0000D7D1002FFB
:10263000D5D00120716D7CE0A88E401E01E0A88EEF
:10264000401CA886DFE01B2150460EF0CAF8204649
:1026500000F096FE002828D1002FC0D02720716DF1
:1026600067E0E07AC00748D1D4E9030119F0BCFA69
:10267000A18D8842E07A3ED940F00100E072E06826
:102680006061E86A0A2832D1D6E9150208210FF004
:10269000F5FA706D00F074FE002806D1B06D14F0EC
:1026A00024F938B91021B06D01E09BE046E013F049
:1026B00051FD88B150460EF028F8012817D9504630
:1026C0000EF016F880F0010150460EF0A3F820211C
:1026D000B06D15F036F80AE04FB1D6E915200821A3
:1026E00015F09FFA706D00F04BFE00287AD1E07A69
:1026F00040F0010086E0C00717D06169E06819F07A
:1027000073FAE18D88427ED9E0686061E96A0A293E
:102710000CD0142990D0132991D050460EF061F8B6
:10272000204600F02DFE00285CD16CE0F7B30920B4
:10273000716D21F095FC002854D064E0B8F1010FD0
:1027400061D1E86A0A2858D1B06D14F0CEF820B9EA
:102750001021B06D13F0FEFC48B350460DF0C8FFD9
:102760000028E07A4FEAC07042D020B150460DF008
:10277000CCFF012837D887B10B20716D21F070FC98
:10278000002861D0204600F0A7FD00285CD00A2078
:10279000716D21F065FC002856D00A2150460EF0DC
:1027A00020F8204600F0ECFD002801E02BE001E0DD
:1027B0004AD122E02FB10B20716D21F051FC00288D
:1027C00042D0E07A37EA000004D0204600F084FDD1
:1027D000002839D08FB10A20716D21F041FC00280A
:1027E00032D00AE030E02021B06D14F0AAFF04E0FE
:1027F00018B9012150460EF00DF8C4F81090E07A97
:1028000020F00100E072C6F85890A88E00281BD076
:1028100050460DF06DFF0028B5F9340028D000288F
:1028200014DA4FF000060AE04FF0140150460DF0A4
:10283000D8FF204600F0A4FD002805D1761CB5F98C
:1028400034004042B042EFDCBDE8F087FCDD0026FA
:1028500009E0132150460DF0C4FF204600F090FD22
:102860000028F1D1761CB5F93400B042F1DCEBE779
:10287000002811DA4FF0000608E050460DF01AFF6C
:10288000204600F07DFD0028DED1761CB5F934002D
:102890004042B042F1DCD7E7D6DD002608E05046E2
:1028A0000DF0A8FE204600F06BFD0028CCD1761C70
:1028B000B5F93400B042F2DCC6E70000B85C012094
:1028C00070B50446D0F8D80000287CD194F81101E6
:1028D000C00778D14FF40045D4F8D06003E030460B
:1028E00012F03AFB0646002E75D02946304613F00A
:1028F00031FC0028F3D1E06C002801DD014600E046
:102900004142354D6A6D92F82A2091420ADA216DD2
:10291000002900DC4942914204DA0021C4F8F41095
:10292000C4F8F810D4F8F4100844C4F8F400226D88
:10293000D4F8F81000281144C4F8F81001DD02465C
:1029400000E042426B6D93F82B309A4206DC00297E
:1029500001DD0A4600E04A429A423CDD94F811212A
:10296000002842F0010284F8112101DD024600E056
:102970004242002901DD0B4600E04B429A4209DD4C
:10298000002894F8100120F0F00001DD20300AE06A
:10299000103008E094F81001002920F0F00001DD6B
:1029A000803000E0403084F81001102130466A6D1C
:1029B00015F037F9204600F0E3FC00280BD1324631
:1029C0001021686D00E006E00FF058F9686DBDE871
:1029D000704000F0D5BC70BDB85C01202DE9F04717
:1029E0000E46044691F82010C07A0027012927D00E
:1029F000010705D520F009002761E07284F8147101
:102A0000D4F81881F06AC4F81801D4F820915FEA6C
:102A100009007DD00DF072FE5F4D0028A86577D0CB
:102A2000802113F0A7FB80F0010294F8140196F8BE
:102A3000201084F8141196F82010012903D003E027
:102A4000000765D4DCE730B1002A03D0012941D06A
:102A500000297DD09CE0E0682061F16A092908D056
:102A60000B290ED0002A34D00A2912D01B291CD0E1
:102A700027E0002148460DF0CDFE48460DF0BAFD96
:102A800022E0002148460DF0C5FE48460DF012FE3A
:102A90001AE00A2148460DF0A4FE204600F070FC22
:102AA000002876D10120696D4DE01B2148460DF0CC
:102AB00098FE204600F064FC00286AD12720696D4A
:102AC00041E048460DF08DFE204600F059FC0028FC
:102AD0005FD15DE001285BD1F06A0A2805D10220B0
:102AE000696D21F0BDFA002853D0E07AC00716D1F5
:102AF000D4E9030119F078F8A18D8842E07A0CD965
:102B000040F00100E072F06A0A2841D1E06800E07C
:102B10003FE060610820696D15E0C00738D0616949
:102B2000E06819F061F8E18D884231D9E0686061B0
:102B3000F16A0A2905D009299BD00B29C1D1A0E748
:102B400006E00920696D21F08BFA002821D01FE0F2
:102B500001281DD1C6F82C80B8F10A0F13D10B2023
:102B6000696D21F07DFA002813D0E07AC00704D106
:102B7000204600F0B1FB00280BD00A20696D21F03F
:102B80006FFA002805D02761E07A20F00100E0729A
:102B9000AF65BDE8F0870000B85C012070B50D4658
:102BA0000446006A496A6164A96AA16490F8001346
:102BB00001F00701022901D0032909D101686A6ADD
:102BC000891A491E69624168AA6A891A491EA9625E
:102BD00090F8001301F00701012901D0032906D163
:102BE000D5E90912A9624068801A401E6862206A0D
:102BF00006F0B0FA206A06F027FBD4F81C0150B1A9
:102C0000E26B696A8A4203D1226CAB6A9A4202D0B3
:102C1000AA6A15F01BF9686A6063A86AA063B5F92F
:102C20003400C4F8FC00204600F010F8207A012897
:102C3000204608D000F0DCF9207A6072606BE06317
:102C4000A06B206470BD00F049F8F5E7F8B5D0F846
:102C5000DC500446002D1AD0D4F8FC00002816D011
:102C60001D4E2846B56513F040FE88B1256B002146
:102C7000B06D13F04FF8D4F8FC104543694301F5EB
:102C80000041081400906946122021F0E9F9F8BDCE
:102C9000D4F8FC00002894F8280000DC4042C4F876
:102CA000D050206520460EF071FB0028EFD00021A7
:102CB000256B13F02FF8D4F8FC104543694301F558
:102CC00000410814C4F8C400C4F8CC002046BDE894
:102CD000F8400EF0A9BD0000B85C01202DE9F041DC
:102CE000C14D0446D0F8D000A865E17A09077DD42B
:102CF000696D04F134070026D1F8208038B1D4F88A
:102D0000D810E9B94FF4005113F024FAC0B939468C
:102D100040461AF02FFCA865D4F8D80080B1D4F84A
:102D2000400128B1B149204602F00CFCC4F84061D2
:102D300020460EF03EFE204600F022FB002855D132
:102D4000A86DD4F8D01088427CD0606BE063A06B93
:102D50002064607A002894F8110174D020F00400F7
:102D600084F81101D4F8E000C8B1A96D884216D0EA
:102D70002246192114F055FF204600F001FB0028DF
:102D800034D119212046D4F8E0200EF077FF2046F8
:102D900000F0F6FA002829D1A86DC4F8E000D4F8B4
:102DA000D00040B103216A6D14F03BFF204600F0D3
:102DB000E7FA00281AD1A86DC4F8D000A86DC4F8AD
:102DC000D400A86DF0B3E0682061E07A20F0010043
:102DD000E072C4F8B860C4F8BC6094F81001C4F89C
:102DE000D86020F0FF0084F8100100E09EE094F825
:102DF0001101C4F8F46020F00300C4F8F86084F80E
:102E00001101E6642665607A012817D08021A86D3B
:102E100013F0B0F990F0010F10D0D4F8E000A96DD4
:102E2000884205D01820696D21F01AF900287DD05C
:102E30000120696D21F014F9002877D0686DC17AFE
:102E4000090701E008E08FE070D4FFF739FB204666
:102E500000F096FA002869D1E16B606B401AE064DB
:102E6000226CA16B891A216594F8B42004EBC2028C
:102E7000C2E9150194F8B410E06804EB8101C1F8CF
:102E8000940094F8B400401C00F0070084F8B400EB
:102E9000C4F8C060C4F8C4605FF0000604EB8600AC
:102EA000D0F89410E06818F09FFE804604EBC60747
:102EB0004146786D00F0E2FA54F8C01F08442060E3
:102EC0004146B86D00F0DAFA54F8041F761C084445
:102ED00044F8C409082EE1DB04F18000D0E91010A9
:102EE000C4E93210E06C002800DC404294F828105D
:102EF000884205DC206D002800DC4042884205DD68
:102F000094F8110140F0020084F81101A86D002826
:102F100067D0802113F02EF990F0010605D0022031
:102F2000696D21F09DF800285BD000E059E0686DE4
:102F3000C07A000755D4D4F8D80008B115F0C2F80B
:102F400020460EF071FC204600F01AFA002848D105
:102F50002046FFF7B5FC204600F012FA002840D1C9
:102F6000A07A022803D00AE040F00400F8E6606A84
:102F700028B118F011FF10B1606A18F0A9FFD4F859
:102F8000D80000282DD1E07AC0071AD1D4E9030176
:102F900018F02AFE696D8A8D90420BD926B108205F
:102FA00021F05EF800281CD0E07A40F00100E072C9
:102FB000E0686061D4F8D800002812D1E07AC00738
:102FC0000FD06169E06818F00FFE696DCA8D9042FC
:102FD00007D926B1092021F043F8002801D0E06884
:102FE0006061BDE8F0810000B85C01202D3401086B
:102FF0002DE9F04F0446C07A9C4D99B000074FF080
:10300000000807D4616BE06B884203D1A16B206C90
:10301000884253D004F1E00606F080F804F1340150
:103020001AF0A8FA31680746B94227D0224618217B
:1030300014F0F7FD204600F0A3F900282FD13A46FE
:10304000182120460EF01AFE204600F099F90028BB
:1030500025D122461921306814F0E3FD204600F006
:103060008FF900281BD11921204632680EF006FE88
:10307000204600F085F9002811D13760E07A00077A
:103080001CD56A6D0321D4F8D00014F0CAFD204687
:1030900000F076F930B1E07A20F00800E07219B063
:1030A000BDE8F08FC4F8D080C4F8D480C4F8108094
:1030B000C4F81480E07A20F00800E072D4F8D00060
:1030C000A865A07AD4F8D890022807D1606A28B100
:1030D00018F062FE10B9606A18F0EAFEA86D0028C8
:1030E0007ED0802113F046F890F0010F11D00B2014
:1030F000696D20F0B5FF0028D1D0B9F1000040D0B3
:103100000D216A6D14F08DFD204600F039F900287C
:10311000C5D1C4F8D080C4F810804046C4F81480EB
:10312000B9F10001BBD04FF4807B00275E46824698
:1031300002900D46039028460021702212F0A6FD51
:10314000384407B2284600216E2212F09FFD002865
:1031500000DC01208046284600216F2212F096FDF7
:10316000002800DC012006FB08F646F30F2670431A
:1031700040F30F28284611F0EFFE0500DBD19EB189
:1031800013E094F811014007C3D5E07AC00704D1D9
:10319000204600F0A1F8002881D00A20696D20F0B7
:1031A0005FFF0028A8D0B4E70126B8F1000F01D1D5
:1031B0004FF001081FB9D84501D15E451FD07842B4
:1031C00005B24FF4803090FBF6F190FBF8F00DF172
:1031D0000808CDE9008A0EB207B23B46324600E04D
:1031E0000DE0294604F1C00015F0FBFACDE9008A94
:1031F0003B463246294604F1C80015F0F2FAB9F10F
:10320000000F8FD0D4F8400140BB6CB3684602F089
:10321000D7F92146684602F096FA4FF480652946B0
:10322000684602F072FA2A460021684602F085FAE2
:103230000F49684602F071FA0E49684602F05EFADC
:103240000C49684602F05FFA4FF0FF31684602F021
:1032500068FA684602F098FAC4F8400119B02046AE
:10326000BDE8F04F00F08CB8FEE70000B85C01202C
:103270002D3401086534010870B50446C07A800712
:1032800026D50025C4F8D050C4F8D450C4F8D8507E
:10329000C4F8E0507C3418F0AFFC44F8700C14F81B
:1032A000710C44F86C5C44F8685CE563256494F840
:1032B000941020F0130021F00F0184F89410E565BC
:1032C0006564A564A567E56704F8710C0148856528
:1032D00070BD0000B85C012070B5044690F8000194
:1032E000401C84F80001D4F80C11E06818F07CFC54
:1032F000A18D0122884215D82078012801D0032809
:1033000012D1616BD4F80401A36B401AD4F80811F0
:10331000C91A404301FB010094F8281011FB01F188
:10332000884201DD84F80021E068C4F80C0104F54E
:10333000827120460EF0A2F9104D0420696D20F034
:103340008FFE002818D094F800110322491E91FB2B
:10335000F2F302FB131149B101290AD002290BD162
:10336000696D0720BDE8704020F07ABE0520696DC8
:10337000F8E70620696DF5E770BD0000B85C012034
:10338000C17A890702D5034A00219165C07AC0F34A
:1033900040007047B85C01202DE9F0410446C07A36
:1033A0000D4640F00200E0721F480026416DA14228
:1033B00000D186652078012801D0022832D11DB1C4
:1033C000D4F8DC00A84201D1C4F8DC60D4F8D07095
:1033D0005FB1224617213846C4F8D06014F021FCB2
:1033E0003A46172120460EF049FC1DB1D4F8D4000E
:1033F000A84201D1C4F8D460D4F8D8705FB1224695
:1034000017213846C4F8D86014F00BFC3A4617214F
:1034100020460EF033FC1DB1D4F8E000A84201D1E3
:10342000C4F8E060BDE8F081B85C012010B5A0B13F
:1034300004460EF0BEFA94F81001000703D0D4F849
:10344000D80000280AD1D4F84001002806D0204630
:10345000BDE81040024902F075B8FEE710BD00005B
:103460002D340108002808D00068002805D000216C
:1034700040F8C01F4160C0F880107047002902DD8D
:10348000632901DB002070474902632291FBF2F1BE
:10349000C1F500714143C81701EBD050401270478D
:1034A0002DE9F041044690F83C0000F003000128AB
:1034B0003CD1E16AA06BB1FBF0F0216BB1FBF0F203
:1034C00000FB1211A26B520802FB0011B1FBF0F2DB
:1034D000216300FB1211A26B520802FB0011616311
:1034E0002046002112F009FD05460021204612F079
:1034F00025FD074628460CF005FE0546204611F03E
:1035000079FC06462046FCF7A4FF0246216BE81929
:10351000414306EBD67305EBD570BDE8F0415B1077
:10352000A3EB6000411A104614F0B3BDBDE8F08172
:1035300010B504460069B0B1A069A8B16068A0B137
:1035400004F007FA021D04F12400216915F011FAB4
:10355000002807D0042104F130000FF056FF034883
:10356000E063012010BDFEE7FEE7FEE7CDAB0008FB
:103570002DE9F843D0F8D85004468021284612F0AF
:10358000E9FD584F7E42D0B1284611F027FE0128B0
:103590001ED002282BD0032839D0C4F8E870C4F814
:1035A000F060284611F012FE012848D0022850D0C1
:1035B000032859D0C4F8E470C4F8EC6075E03346D1
:1035C00039463A4604F1E400009603F0CBF866E091
:1035D000A969002332462846491CFBF7A7FEC4F818
:1035E000E800AA69002339462846521E0AE0002353
:1035F00032462846296AFBF799FEC4F8E800002302
:103600002A6A19E0FBF792FEC4F8F000C9E705F159
:10361000140002F034FFA96900EBD07001EB6008E0
:103620000023324608F101012846FBF77FFE002304
:10363000A8F10102C4F8E80039462846E2E7002371
:10364000324628466969FBF7EFFDC4F8E4006A6971
:1036500008E0002332462846E969FBF7E5FDC4F897
:10366000E400EA69002314E005F1140002F016FFFB
:10367000696900EBD07001EB60080023324608F165
:1036800001012846FBF7D0FD0023A8F10102C4F890
:10369000E40039462846FBF7C7FDC4F8EC00D4F82F
:1036A000E400B04201D1C4F8E470D4F8E800B042BC
:1036B00001D1C4F8E870D4F8E40008B9C4F8E470A3
:1036C000D4F8EC0008B9C4F8EC60D4F8E80008B904
:1036D000C4F8E870D4F8F000002801D1C4F8F06014
:1036E000BDE8F883010000E010B504460069B0B100
:1036F000A069A8B16068A0B104F02BF9021D04F123
:103700002400216915F035F9002807D0042104F1BF
:1037100030000FF07AFE0348E063012010BDFEE7A1
:10372000FEE7FEE71344030870B50D4C0646002083
:103730000D460A4620602421304614F072FA2068B3
:1037400058B1017839B1294616F0F8FA28B1304657
:10375000216817F0DBFD002070BD012070BD000066
:10376000240200202DE9F0418CB01F4615460E467C
:1037700004002DD013F0F0F800283AD0AE4238D033
:103780004FF4B470864201DDA6F5B476854201DDC2
:10379000A5F5B475E16A0E440D44864201DDA6F537
:1037A000B476854201DDA5F5B4750AAA04A92046C0
:1037B000FCF7F8FB3946204612F0A1F88046204677
:1037C0003946512212F062FA06A910B1012201E035
:1037D000FEE70022CDE90058CDE902210A983346E0
:1037E00082B2DDE9040105F09DFF06A9204613F031
:1037F00053F80CB0BDE8F08110B588B0044606AAB5
:1038000004A9FCF7CFFB6B4604A92046069AFCF7F7
:10381000CBFD204600F08CFC011E03DD024668460D
:1038200002F041FE6946204613F036F808B010BD9C
:10383000F0B50646A1F57F408DB00F46FF384DD05C
:10384000B06BB8424AD9306B00EB071102A802F006
:1038500092FD06A9304611F0F3FA0021304612F02D
:10386000EEF904460021304612F09BF90546304639
:1038700011F0EEFA05F058FC0A2190FBF1F2A24299
:1038800001DB90FBF1F490FBF1F2AA4201DB90FB2B
:10389000F1F506980299021B11440291079A0399C7
:1038A000521B114403910499084420440490079941
:1038B0000598084428440590306CB8420AD1706BD2
:1038C00030F81700400505D502A802F0D8FD03998D
:1038D000081A039002A9304612F0DEFF0DB0F0BDC9
:1038E0002DE9FF470446006F0E46B0427CD994F89C
:1038F000740010F0300F1FD0204611F08EFA0546EC
:10390000204611F0ADFB80460021204612F071F8F0
:1039100007460021204612F05FF9616938440144EE
:1039200094F87400A1EB080900F00F00012809D0F9
:1039300002285AD0032858D004B02046BDE8F047EA
:1039400012F08DBF20464FF4A021482212F09EF9BC
:1039500007464FF40031204612F02DFB8046606987
:103960000090A0690190E0690290206A039001999B
:1039700007EB0800091A0191039908440390206F8E
:10398000401EB04217D905FB06F1B1FBF0F202EB85
:103990000901CA1BA2EB08010091711C6943B1FB2C
:1039A000F0F101EB0900C11901EB08000290694632
:1039B000204612F071FF002E3FD0701E05FB00F173
:1039C000206F7543401EB1FBF0F202EB0901CA1BE8
:1039D000A2EB08010091B5FBF0F101EB0900C11960
:1039E00001EB0800029024E027E00021204612F0BD
:1039F000D5F80746206FC0F1010101FB0751B1FB6B
:103A0000F0F8012806D9A5EB08017143401EB1FB6F
:103A1000F0F500E000256946204611F011FA05EBAB
:103A2000090008EB07010090084402900098C01BB1
:103A300000906946204612F02FFFBDE8FF87000086
:103A400070B50D4D0D4E4FF48002AC88698820464C
:103A50004C43B261491E8BB2401E82B2002108461F
:103A600000F0EAF824B12889F0F71CFF641EFAD1AF
:103A70004020B06170BD0000040200200000024040
:103A8000684810B50189C08800F0D0F8664C4FF442
:103A90000020A0610520EFF75BF90820A0617820E5
:103AA000EFF756F96001A061112000F0E3F87820EB
:103AB000EFF74EF9362000F0DDF80020F0F708FFB0
:103AC0003A2000F0D7F80520F0F702FFB22000F00E
:103AD000D1F80C20F0F7FCFE0C20F0F7F9FE0020E6
:103AE000F0F7F6FE3320F0F7F3FE3320F0F7F0FEA8
:103AF000B72000F0BFF83520F0F7EAFEBB2000F059
:103B0000B9F82920F0F7E4FEC22000F0B3F8012054
:103B1000F0F7DEFEC32000F0ADF81920F0F7D8FE74
:103B2000C42000F0A7F82020F0F7D2FEC52000F056
:103B3000A1F81A20F0F7CCFEC62000F09BF81F2059
:103B4000F0F7C6FED02000F095F8A420F0F7C0FEF4
:103B5000A120F0F7BDFEE02000F08CF8D020F0F7B7
:103B6000B7FE0820F0F7B4FE0E20F0F7B1FE0920F2
:103B7000F0F7AEFE0920F0F7ABFE0520F0F7A8FE47
:103B80003120F0F7A5FE3320F0F7A2FE4820F0F731
:103B90009FFE1720F0F79CFE1420F0F799FE1520E9
:103BA000F0F796FE3120F0F793FE3420F0F790FE08
:103BB000E12000F05FF8D020F0F78AFE0820F0F74F
:103BC00087FE0E20F0F784FE0920F0F781FE092021
:103BD000F0F77EFE1520F0F77BFE3120F0F778FE3F
:103BE0003320F0F775FE4820F0F772FE1720F0F74B
:103BF0006FFE1420F0F76CFE1520F0F769FE3120FF
:103C0000F0F766FE3420F0F763FE202000F032F873
:103C1000292000F02FF84020A061BDE81040FFF7F8
:103C20000FBF00000402002000000240014AD080C3
:103C300011817047040200202DE9F04104461D4621
:103C400016460F462A2000F015F82046F0F72AFE07
:103C50003046F0F727FE2B2000F00CF83846F0F73E
:103C600021FE2846F0F71EFEBDE8F0412C2000F0B2
:103C700001B80000044A00B54FF480119161F0F7DB
:103C800027FE1020906100BD0000024070B5044680
:103C900090F8700010F0380F04D0C0F3C200012873
:103CA0000AD00AE0204612F007FA0546204611F035
:103CB000FFF8854201DB012070BD002070BD07E0E8
:103CC000816821B1498EC1F38121022903D0406866
:103CD0000028F5D170470120704728B10A2803D089
:103CE0000D2801D000207047012070472DE9F74FC3
:103CF0000D4686B00446CD4912F035FA00287CD135
:103D00002046FCF79DF982462046FCF7BBFE5FEAA1
:103D1000000972D0BAF1000F6FD02046FCF78CF981
:103D200007462046FCF7AAFE804620460021852251
:103D300011F0ACFFC6B220460021882211F0A6FF88
:103D4000C0B20390296807EB0A006FF0030303EB8E
:103D50008000D5F808C051F8272009585CF8000009
:103D60000844A0EB020B6A6808EB090003EB800033
:103D7000EB6852F82810125818581044401A029054
:103D80000021204611F0CAFD012806D116B1022EED
:103D900002D002E0022600E0002604F114000190A7
:103DA00002F07CFB0090019802F069FB8246012E34
:103DB00038D0022E4FD0032E4FF00001204606D0FF
:103DC00011F053FE296851F82710084451E011F012
:103DD0004CFE296851F8271000EB0109002120460C
:103DE00011F043FE06460021204611F047FE304404
:103DF000ABEB00000090608D00E014E140F4006047
:103E00006085039801287CD002287BD003284FF0DE
:103E10000001204632D011F03AFE6A6852F82810AC
:103E20004718B8E000992046ABEB0109002111F0DA
:103E30001CFE06460021204611F020FE2968301A9B
:103E400000EBD07051F8272009EBD971491001EB34
:103E5000600010440DE0204612F02EF9296851F858
:103E6000272002EB0B010E1A0021204611F006FE5E
:103E7000301A8146608D20F40060C1E711F007FE22
:103E80006A6852F8281047180021204611F0FFFDFB
:103E900005460021204611F0DFFD02992844A1EBE0
:103EA000000A608D40F480606085204612F004F9BD
:103EB0000099884204D1204610F0FAFF504524D0E2
:103EC00060690290A0690390E0690490206A0590FF
:103ED000204612F0C4FCDDE9001002F04DFC514612
:103EE000019802F044FC204612F0B9FC02AA3121EC
:103EF000204613F096FE204611F02EF822462A2185
:103F000001E021E039E013F08CFE204600216C2214
:103F100011F0BCFE0646204600216D2211F0B6FECF
:103F20000546204612F0C8F88246204610F0C0FF31
:103F30003F4A0146C6F3417053104FF080584FF08E
:103F4000640C01282BD035E002980021A0EB0A0672
:103F5000204611F09CFD07460021204611F07CFD13
:103F60006A68381A00EBD07052F8281006EBD67247
:103F7000521002EB60000F180DE0204610F098FF81
:103F80006A68029952F8282011440D1A002120462F
:103F900011F062FD2F1A608D20F4806084E726F016
:103FA000C040904206DC404500DB181A00FB0AF0D6
:103FB00090FBFCF6C5F34170012809D125F0C04003
:103FC000904205DC404500DB181A484390FBFCF5A5
:103FD000089A09EB060178199268114462698D1AF2
:103FE0000899C9680844A169461A55EA06001AD01A
:103FF000204612F034FC606928446061E06928447E
:10400000E061A0693044A061206A3044206220460B
:1040100012F025FC09B0324629462046BDE8F04F93
:10402000002312F0CBBC09B0BDE8F08F0100060000
:10403000FEFFFF1F0A880368934201D0981A704759
:1040400040684988401A70470A780368934201D053
:10405000981A704740684978401A70471CB56946FD
:1040600001A8F0F76BF978B99DF80010124898296B
:104070000CD005DCF1B102290CD0902904D111E05B
:10408000A82913D0E02909D000201CBD0121C1615D
:1040900008461CBD0221C16108461CBD0321C16147
:1040A00008461CBD0421C16108461CBD0521C16133
:1040B00008461CBDC0691CBD140100202DE9F0415B
:1040C0000E46FFF7CBFF194C05004FF0000708D054
:1040D00017F092FD61698D4206D1A169411AC82984
:1040E00002D286F820701CE0C4E90550012086F851
:1040F0002000062D14D2DFE805F01303090B0D1282
:10410000606808E0002586F8207009E0206802E079
:10411000A06800E0E0680028F4D08047F2E70A25B4
:1041200025612069F062BDE8F081000014010020E3
:104130002DE9F0414FF4403604463C22314611F05F
:10414000A5FD054620464222314611F09FFD05445B
:104150003146204611F0E4FD00283146204602DDBC
:1041600011F0DEFD02E011F0DBFD40420544314676
:10417000204611F0DBFD00283146204602DD11F01B
:10418000D5FD02E011F0D2FD404205442046382220
:10419000314611F07BFD074620463B22314611F0A7
:1041A00075FD3844854200DD2846BDE8F0810000F9
:1041B0002DE9F04F064691B0D6E90170804696F899
:1041C00021B03468F0680F90D6E906500E90D6E919
:1041D00004A009900CA804F063FD96F8220008B131
:1041E0000020A2E0BAF1000F05D0BBF1FD0F4FF0A7
:1041F00000004ED26DE0BBF1FD0F17D30021FF226E
:104200000FE0002006E02B5C04F8103004EB4003C4
:10421000401C5A70B842F6DB0F98491C04440E98B3
:1042200005444145EDDB11B0BDE8F08F002081462B
:104230004045F8DA00260AE0A95D0CAA61F3070000
:104240006BF30F2004EB460104F078F9761CBE42B4
:10425000F2DB0F9804440E98054409F10100E6E7EB
:1042600000260CE0A95D0CAA61F307001AF80610FD
:1042700061F30F2004EB460104F060F9761CBE42A6
:10428000F0DB0F98099904440E988A44054409F11B
:10429000010081464045E3DBC5E700260FE0A95D4C
:1042A0001AF8062061F3070012FB0BF1090A61F30B
:1042B0000F2004EB46010CAA04F040F9761CBE4224
:1042C000EDDB0F98099904440E988A44054409F1DE
:1042D000010081464045E0DBA5E7002017E000BF74
:1042E00015F80900BAF1000F60F3070122D01AF89F
:1042F000092012FB0BF0000A60F30F2196F8222030
:1043000004EB49000CABF4F777FD09F1010081469D
:10431000B842E5DBBAF1000F01D009998A440F9841
:1043200004440E9805440298401C01460290404502
:10433000D3DB78E76BF30F21E0E72DE9F04F06467A
:1043400095B0D6E90170804696F821000690356850
:10435000F0680F90D6E906400E90D6E904900A90D6
:1043600096F8220020B110A804F0AEFC0020B1E0C5
:104370000698B9F1000F04D0FD284FF0000052D28A
:1043800071E0FD281DD3002216E0002108460CE054
:1043900005EB8103265CDE70265C9E70265C5E70F9
:1043A000235C05F82130401C491CB842F0DB0F9813
:1043B000521C05440E9804444245E6DB15B0BDE8A6
:1043C000F08F002082464045F8DA4FF000094E4653
:1043D00008E005EB8901A05D069A04F0C2FA09F134
:1043E0000109761CBE42F4DB0F9805440E98044484
:1043F0000AF10100E6E74FF0000A564609E019F815
:10440000062005EB8A01A05D04F0ABFA0AF1010A6F
:10441000761CBE42F3DB0F980A9905440E98894436
:1044200004440BF1010083464045E4DBC6E74FF04E
:10443000000A56460DE019F80610069811FB00F028
:10444000020A05EB8A01A05D04F08BFA0AF1010A69
:10445000761CBE42EFDB0F980A9905440E988944FA
:1044600004440BF1010083464045E0DBA6E74FF032
:10447000000B584620E014F80A100098B9F1000F1C
:1044800061F3174061F30F2061F3070026D019F89C
:104490000B20069912FB01F1090A61F31F600090DD
:1044A00096F8222005EB8B0010AB0099F4F7D4FCB2
:1044B0000BF1010B0AF101008246B842DBDBB9F1D6
:1044C000000F01D00A9989440F9805440E980444BE
:1044D0000798401C07904045C9DB6FE70699DCE769
:1044E0002DE9F04F054691B0D5E9016790F821001C
:1044F0000B90D5F800B0E8680E90D5E906400D9015
:10450000D5E904900790686AC11700EB517121F05A
:104510000701A0EB010A95F8220008B10020F4E0A1
:104520000B98B9F1000F04D0FD284FF0000072D2B3
:10453000B8E0FD284FF000001AD21FE04FF000084D
:1045400045460DE0605D08EB0A017F28584602D918
:104550001FF0BAFD01E0F6F729FB08F101086D1C18
:10456000B542EFDB0E9883440D98044409F1010035
:104570008146B842E2DB11B0BDE8F08F8146B84217
:10458000F9DA4FF0000845461DE000BF08EB0A01CC
:1045900058460391FBF73DFBC0EB00208DF81C0053
:1045A000605D07A90B9A04F0F9F99DF81C000399C6
:1045B0007F28584602D91FF087FD01E0F6F7F6FA8A
:1045C00008F101086D1CB542E0DB0E9883440D989C
:1045D000044409F10100D1E74FF00008454620E00E
:1045E000605D08EB0A010A910F905846FBF711FB3A
:1045F000C0EB00208DF82C0019F805200BA90F98AE
:1046000004F0CCF99DF82C000A997F28584603D96C
:104610001FF05AFD02E00EE0F6F7C8FA08F10108B3
:104620006D1CB542DCDB0E990D988B440444079950
:1046300004988944401C0490B842CDDB9BE700BF3E
:104640004FF00008454623E0605D08EB0A0110903A
:104650000A915846FBF7DDFAC0EB00208DF83C00CC
:1046600019F805100B9811FB00F0020A0FA9109819
:1046700004F094F99DF83C000A997F28584602D925
:104680001FF022FD01E0F6F791FA08F101086D1C18
:10469000B542D9DB0E990D988B44044407990498D0
:1046A0008944401C0490B842CADB64E700201EE045
:1046B00014F808100298B9F1000F61F3174061F384
:1046C0000F2061F3070024D019F808200B9912FB82
:1046D00001F1090A61F31F600290024695F8223049
:1046E00008EB0A015846F4F725FC08F10100804662
:1046F000B042DDDBB9F1000F01D0079989440E9873
:1047000083440D9804440498401C0490B842CDDBC7
:1047100031E70B99DEE72DE9F04F06468FB0D6E979
:104720000170804696F8210006903568F0680E907A
:10473000D6E906400D90D6E904900B9096F8220039
:1047400008B10020A3E00698B9F1000F04D0FD28BD
:104750004FF0000045D264E0FD2810D3002609E0A8
:104760003A46214628460EF0ABFF0E98761C0544CB
:104770000D9804444645F3DB0FB0BDE8F08F0020F0
:1047800082464045F8DA4FF000094E4608E005EB56
:104790000901A05D069A04F00FF909F10109761CE0
:1047A000BE42F4DB0E9805440D9804440AF1010062
:1047B000E6E74FF0000A564609E019F8062005EB37
:1047C0000A01A05D04F0F8F80AF1010A761CBE4265
:1047D000F3DB0E980B9905440D98894404440BF1C2
:1047E000010083464045E4DBC6E74FF0000A564629
:1047F0000DE019F80610069811FB00F0020A05EB0F
:104800000A01A05D04F0D8F80AF1010A761CBE4244
:10481000EFDB0E980B9905440D98894404440BF185
:10482000010083464045E0DBA6E74FF0000B584609
:104830001FE014F80A100098B9F1000F61F3174057
:1048400061F30F2061F3070025D019F80B200699BA
:1048500012FB01F1090A61F31F60009096F8222013
:1048600005EB0B000099F4F7A6FB0BF1010B0AF125
:1048700001008246B842DCDBB9F1000F01D00B9990
:1048800089440E9805440D9804440898401C0890EB
:104890004045CADB70E70699DDE700002DE9F04FDF
:1048A000804687B0D8E90170814698F821B0D8F8E1
:1048B0000040D8F80C000190D8E906600090D8E9D3
:1048C00004A0039098F8220008B1002030E1BAF16A
:1048D000000F05D0BBF1FD0F4FF0000057D277E07D
:1048E000BBF1FD0F4FF0000015D21AE00025A846DD
:1048F00009E000BF16F8080000F065FB24F8150079
:1049000008F101086D1CBD42F4DB019804440098D5
:1049100006440AF1010082464845E7DB07B0BDE8DE
:10492000F08F82464845F9DA0025A8460CE000BF22
:1049300034F8151016F808005A4603F097FF24F8CB
:10494000150008F101086D1CBD42F1DB019804441B
:10495000009806440AF10100E3E70025A8460CE0B0
:104960001AF8052034F8151016F8080003F07EFF39
:1049700024F8150008F101086D1CBD42F0DB019818
:104980000399044400988A4406440BF101008346CD
:104990004845E2DBC2E70025A8460FE01AF80510FB
:1049A00011FB0BF0020A34F8151016F8080003F09A
:1049B0005DFF24F8150008F101086D1CBD42EDDB18
:1049C0000198044400980644039882440298401CCD
:1049D00002904845DFDBA1E70025284605950294B3
:1049E00098E0305C98F822104FEAD00E8008012938
:1049F00025D002294FD003296AD004298ED10299EB
:104A000031F81520CEEBD221002901DCAEEBD2210A
:104A10004FF6FF7303EAC12CC2F345110B1A002BAA
:104A200000DC431A02F01F010CEB4310A1EB0E0255
:104A300080B2002A01DCAEEB010210441CE00299B6
:104A400031F815100EEBD1221F2A00D31F224FF68A
:104A5000FF7303EAC222C1F3451318443F2800D371
:104A60003F2002EB401082B201F01F0101EB0E006B
:104A70001F2800D31F20104480B2BAF1000F40D08D
:104A80001AF80520BBF1FD0F02D212FB0BF10A0A46
:104A900034F8151054E0029931F81510CEEBD122FC
:104AA000002A00DC00224FF6FF7303EAC222C1F3A2
:104AB0004513181A002800DC002002EB401082B2D7
:104AC00001F01F01A1EB0E000028D4DC0020D2E78A
:104AD000029931F81510CB0A13FB0EF253094FF669
:104AE000FF7202EAC322C1F3451313FB00F08009F1
:104AF00002EB401001F01F0212FB0EF100EB51100F
:104B0000BAE7BBF1FD0F18D324F815000598001D76
:104B10006D1C0590BD42FFF664AF0198BAF1000F1D
:104B200004440098064401D0039882440498401C31
:104B300004904845FFF650AFF0E634F815105A4699
:104B400003F0DEFCE0E700002DE9F04F804687B07F
:104B5000D8E90170814698F821B0D8F80040D8F81B
:104B60000C000190D8E906600090D8E904A00390F9
:104B700098F8220008B100204AE1BAF1000F05D0F0
:104B8000BBF1FD0F4FF0000065D28AE0BBF1FD0FD5
:104B90004FF0000017D21CE00025A8460BE000BF34
:104BA00016F8080000F01AFA04F0FFF824F81500CF
:104BB00008F101086D1CBD42F2DB01980444009825
:104BC00006440AF1010082464845E5DB07B0BDE82E
:104BD000F08F82464845F9DA0025A84612E000BF6A
:104BE00034F8150004F0E1F816F8083001465A468A
:104BF000184603F06BFE04F0D8F824F8150008F10D
:104C000001086D1CBD42EBDB01980444009806448A
:104C10000AF10100DDE70025A84612E034F815008E
:104C200004F0C3F816F8083001461AF805201846B3
:104C300003F04CFE04F0B9F824F8150008F101085F
:104C40006D1CBD42EADB01980444009806440398B9
:104C500082440BF1010083464845DCDBB6E70025C2
:104C6000A84614E034F8150004F09FF801461AF83D
:104C7000050010FB0BF0020A16F8080003F026FEF0
:104C800004F093F824F8150008F101086D1CBD42EA
:104C9000E8DB019804440098064403988244029893
:104CA000401C02904845DADB90E7394620460294E2
:104CB00009F056FE0025284604959BE0305C98F8E4
:104CC00022104FEAD00E8008012927D0022951D0A6
:104CD00003296CD00429C1D1029931F81520CEEBFB
:104CE000D221002901DCAEEBD2214FF6FF7303EA9B
:104CF000C123C2F3451CACEB0001002901DCA0EB91
:104D00000C0103EB411081B202F01F00A0EB0E0278
:104D1000002A01DCAEEB000250181CE0029931F8C9
:104D200015100EEBD1221F2A00D31F224FF6FF735E
:104D300003EAC222C1F3451318443F2800D33F20A1
:104D400002EB401082B201F01F0101EB0E001F28A0
:104D500000D31F20104480B2BAF1000F40D01AF8DF
:104D60000520BBF1FD0F02D212FB0BF10A0A34F849
:104D7000151055E0029931F81510CEEBD122002A1A
:104D800000DC00224FF6FF7303EAC222C1F3451391
:104D9000181A002800DC002002EB401082B201F05B
:104DA0001F01A1EB0E000028D4DC0020D2E70299FD
:104DB00031F81520D30A13FB0EF14B094FF6FF71A2
:104DC00001EAC321C2F3451313FB00F0800901EB94
:104DD000401002F01F0212FB0EF100EB5110BAE777
:104DE000BBF1FD0F19D300BF24F815000498001D76
:104DF0006D1C0490BD42FFF661AF0198BAF1000F3F
:104E000004440098064401D003998A440598401C44
:104E100005904845FFF649AFD8E634F815105A46D4
:104E200003F06EFB03F0C1FFDEE700002DE9F04F59
:104E300006468FB0D6E90170804696F821000590AD
:104E40003568F0680A90D6E906400E90D6E90490DD
:104E50000C9096F822008B4608B10020ADE0059832
:104E6000B9F1000F04D0FD284FF000004DD26CE0E6
:104E7000FD2819D3002112E00022104608E0AB18EB
:104E8000265C9E70265C5E70235CAB545A44401CCA
:104E9000B842F4DB0A98491C05440E980444414585
:104EA000EADB0FB0BDE8F08F002082464045F8DA1B
:104EB0004FF000094E4607E005EB0901A05D059A99
:104EC00003F034FDD944761CBE42F5DB0A98054454
:104ED0000E9804440AF10100E7E700BF4FF0000A12
:104EE000564608E019F8062005EB0A01A05D03F01C
:104EF0001DFDDA44761CBE42F4DB0A980C99054489
:104F00000E98894404440698401C06904045E5DB11
:104F1000C7E700BF4FF0000A56460CE019F806102C
:104F2000059811FB00F0020A05EB0A01A05D03F0F1
:104F3000FDFCDA44761CBE42F0DB0A980C9905446D
:104F40000E98894404440698401C06904045E1DBD5
:104F5000A7E70020039022E014F80A100098B9F1A6
:104F6000000F61F3174061F30F2061F3070028D0B1
:104F7000039919F80120059912FB01F15FEA11214B
:104F800061F31F600090039896F82220284400994E
:104F9000F4F740F80398584403900AF10100824660
:104FA000B842D9DBB9F1000F01D00C9989440A98B5
:104FB00005440E9804440698401C06904045C8DB02
:104FC0006FE70599DCE700F0F801090200F0FC0248
:104FD00001EBC20101EBD00080B2704700F0F80194
:104FE000090200F0FC0201EBC20101EBD00080B22B
:104FF000704770B505460AF0E0FC044628460AF002
:10500000E4FC06460FF0A8FF0546322C01D0312CF7
:105010000BD1002130460DF0EDFE284619F04CFD75
:105020002846BDE870401FF0F7B970BD2DE9F04388
:105030008DB007461D46164689460846DDF8508065
:105040000FF02AFF0446414648460FF0F9FE22467B
:105050001146404601F027FA07F13404022E05D02C
:10506000012E32D000200DB0BDE8F08398E80E008C
:10507000D8F80C0003908DE80E00002269464846DF
:1050800010F0A2FF6A46214604A801F019FA002890
:10509000E9D004AC94E80F0008AC84E80F000222C9
:1050A00008A9484610F090FF08A94246084601F0BA
:1050B00007FA0028D7D094E80F0085E80F000522F2
:1050C0001146284601F0EFF90AE0424621466846BB
:1050D00001F0F6F90028C6D09DE80F0085E80F0022
:1050E0000120C0E7F8B5044614300E46074601F02B
:1050F000C6F90546384601F0D1F90096024694F803
:105100004C102B46206804F0CAFF002800D1FEE7AF
:10511000F8BD70B504460FF019FE0646002506E0FE
:10512000A068006850F82500FFF7F3FF6D1CB5423A
:10513000F6D3608DC1070CD020F0010060852046B9
:1051400012F00EF9204612F021F816B120460DF0AB
:10515000C7FE608D810708D520F0020060852046DB
:10516000BDE87040002111F01ABD70BD2DE9F04777
:105170008046089D1F46A86A00FB01F39B12002889
:1051800007DD934207DD00BF95F8340080070DD49A
:105190008BE09342F8DBCB1943439B12002808DDD8
:1051A000934239DA95F8340080077ED40120BDE8B7
:1051B000F0879342F6DC686A521C504340F3950036
:1051C0000312C0B2FF22002828D000BF2E6BC0F10E
:1051D000FF0404FB06F4A2EB242600BFA3EB0104AA
:1051E000A14636D0002C15DBBC4213DAC0F1FF001B
:1051F000C6F1FF014843A2EB6020C1B295F834002C
:10520000800701D5C1F1FF0118F8040017F001FB78
:1052100008F80400641C1CE0686ACEE74FF0FF0643
:10522000DCE7002C10DBBC420EDAA6EB6000C1B25A
:1052300095F83400800701D5C1F1FF0118F804008A
:1052400017F0E7FA08F80400286B641C361ABC4211
:1052500002DA286BB042E4DBBC4218DA002C16DB21
:10526000686A704380127043C0F34721A86A00281F
:1052700001DAC1F1FF0195F83400800701D5C1F1D1
:10528000FF0118F8040017F0C4FA08F8040095F8B4
:105290003400800707D54946B94506DC00290DDBF7
:1052A000404609E001E0641C01D500207FE7BC42D4
:1052B00004DC391B08EB04000EF001FB022076E74A
:1052C0002DE9F05F06460A9F8A461D46786A00FB74
:1052D00002F18C12002800DD641C97F8343054452C
:1052E00002DA980707D4D5E08C120AEB050CA44526
:1052F00002DA98077ED483E0521C424341F39501C1
:1053000042F395044FEA2129221204F0FF08C9B2A2
:10531000A9EB0A04914505D0002803DA11B9FF2151
:105320009146641E914528D1002C0CDBAC420ADA70
:1053300001EB08004108980701D5C1F1FF01305D7C
:1053400017F067FA305597F83400641C800706D5CB
:10535000A9EB0A01A9424DDA8EE030460AE0AC42E0
:1053600000DD2C46002C45D006DD00BFA5EB040176
:1053700006EB04000EF0A3FA89E04FF0FF0B0028C3
:1053800044DAB86A404248434FEAA028002C0DDBBB
:10539000AC420BDA08FB01F0C0F34721980701D5B6
:1053A000C1F1FF01305D17F034FA3055796AA8F188
:1053B000FF0041438812641E11D4AC420FDAC8F1D9
:1053C000FF014143ABEB6120C1B297F83400800785
:1053D00001D5C1F1FF01305D17F01BFA305597F888
:1053E0003400A41C800709D5A9EB0A01491EA94273
:1053F0004DDC00E04EE00029AFDC48E0AC4202DDCD
:105400000120BDE8F09F002CB0DA40E0C1F1FF00C0
:10541000B96A41434FEAA128002C0EDBAC420CDAFA
:1054200000FB08F0ABEB6020C1B2980701D5C1F1D9
:10543000FF01305D17F0EDF93055796AC8F1FF00D2
:1054400041438912641C0ED4AC420CDA4843C0F3C9
:10545000472197F83400800701D5C1F1FF01305D85
:1054600017F0D7F9305597F83400641C800707D53A
:10547000A9EB0A01A9420DDC0029BFF66EAF06E0D8
:10548000AC4200DD2C46002C04D03FF76FAF4FF04C
:105490000200B6E74FF00000B3E7FEB5C46A0BF0B8
:1054A00037FF05460CF017F904280CD1216C204673
:1054B00061640FF0F6FC06460BF01AF918B10021F2
:1054C00030460BF0A7F928460CF005F9012804D066
:1054D00028460CF000F9032809D1694628460CF04B
:1054E000CDF820460199FAF775FE206460642046E5
:1054F00009F0E8FE206B10B9204611F0B0F9206CDD
:10550000029002AA2321204612F08BFBFEBD000070
:1055100010B5602109480DF078FF00221E210848CF
:1055200016F0C0FB054CB03CC4F8AC00A834F0F752
:10553000CFFF00202070607010BD0000685D01206A
:10554000396500082DE9F04105460F480E46002454
:10555000074616E00168A94200D01DB94168B14272
:1055600009D046B1014638460DF044FF0028F1D17C
:105570002046BDE8F08119F019FFF0F7A9FF0124DA
:1055800038460DF025FFF1E7685D012070B505464E
:105590000A480C4606460DF01BFF0BE00168A942C5
:1055A00004D14168A14207D0002C05D00146304605
:1055B0000DF020FF0028F1D170BD0000685D0120D2
:1055C00010B50446602200210EF035F94FF4FA7050
:1055D0002063002060626420E0620120606404486F
:1055E000206294F85C0040F0100084F85C0010BD6C
:1055F000615601082DE9F84304464FF480601746D0
:1056000000901E46D4E90C2088460023089D1946C8
:105610000EF016F833463A464146009503F009FC71
:10562000626AE16A891A414302EBA120BDE8F8836E
:1056300008B5B0F94E200092B0F94C30B0F94A20CC
:10564000B0F94810FFF7D6FF08BD08B54FF48061E8
:105650000022009140F251231146FFF7CBFF08BD15
:1056600038B504464FF480600090D4E90C20002344
:1056700019460DF0E5FF626AE16A891A414302EBBF
:10568000A12038BDD0E90C128A4201DBC06A704704
:10569000406A704730B5002822DA8B1A002B00DCF4
:1056A000531A64225343C0F30901B3FBF1F1C0F371
:1056B0000953C0F38922C0F3095000EB800003EBCB
:1056C00083034000B1EB430F01D20C4600E00446D7
:1056D00002EB8205B4EB450F03D202EB82004000DF
:1056E00030BDB1EB430FFBD2084630BD10B5029C74
:1056F00020F8481F83804280C48010BD016170473C
:10570000494241637047416170470163704710F837
:105710005C2F61F3041202707047416070470162B0
:105720007047416470470164704781637047C1638B
:105730007047C1607047C161704741624FF00041DE
:10574000C0E90A1270470160704710B542F2107448
:1057500042F2F673A04200D91846A14200D9194678
:10576000A24200D91A460A23401D491D521DB2FB10
:10577000F3F2B1FBF3F1B0FBF3F0120502EB812180
:10578000084400F1004010BD70B5054690F85C007B
:10579000C00606D5686808B9A86810B1284619F08F
:1057A00043FE21480DF039FE04003BD0602229461B
:1057B0000DF086FF2868A84200D124601A48B0384E
:1057C00090F8A91014F85C0F61F3820004F80C093A
:1057D00016F012FA44F80C0B207820F0010004F8BF
:1057E0005C09C0061AD5A16939B120468847616AAB
:1057F00001446162E16A0844E062204619F02CFF2E
:10580000216A20468847A062626801460AB1206882
:105810009047A26812B12046A16A9047F0F758FE5F
:10582000204670BDFEE70000685D012070B538B10C
:10583000D0E90E56731B4FF4B474AE423AD003E075
:10584000FEE700BF03F5B473002BFBDB02E000BFF3
:10585000A3F5B473A342FBDA03B9234699420EDCE5
:1058600003EBD372B1EB620FC16C02DA41F00801B5
:1058700001E021F00801C16441F0100117E0C3F517
:10588000B474944203DCC16C41F00801F4E7C1F543
:10589000B474944203DCC16C41F0080105E01A4481
:1058A0008A4207DBC16C21F0080121F01001C164BC
:1058B000012070BD002070BD10B50C4687212D223F
:1058C000C4E90E120020C4E90B0149006163E16CD8
:1058D00021F00601E16413492164E16C606441F048
:1058E00008016420C4E9120121F00100E064100104
:1058F000206516F081F96065606BA065E06C02219F
:1059000020F01000E06420460EF019FA4FF44471C4
:10591000204611F0A5FE2046BDE810400D2112F0F2
:105920009EB900000080FFFF2DE9F043BBB00446A4
:105930000AF04BF8054620460AF087F8804636AA5A
:1059400034A92846FAF72EFB369800281CDD684655
:1059500003F0D1FE6A4600212846CDF8108010F0F1
:105960003BFCDDE93401CDE90B01A96BE86A084491
:105970000990E96BE86A08440A903698ADF8380057
:105980006946404603F088FE4FF4003949462846F0
:1059900010F02BF907464946284610F047F906460D
:1059A0004946284610F06FF904464946284610F04B
:1059B000E9F8B74201DD394600E03146844201DDB5
:1059C000224600E00246914205DDB74201DD38463D
:1059D00004E0304602E0844200DD204636990C1A8D
:1059E000002C1BDD684603F086FE6A4649462846C1
:1059F000CDF8108010F0F0FBDDE93401CDE90B01AA
:105A0000D5E90B0108440990696BE86AADF83840A4
:105A100008440A906946404603F03EFE37AB34A97D
:105A20002846369AFAF7C0FC0FA806F029F80FAA04
:105A30004FF440312846CDF84C8010F044FD37AA91
:105A40000FA9404605F008FE3BB0BDE8F08300001A
:105A50002DE9F04F89B08A46F9480FF01EF9012868
:105A60007DD1504609F0A9FF0546504609F0ADFF2B
:105A700004464FF0640B4FF4B479022D13D00B2D74
:105A80006ED0032DFCD0112D6BD0122D6AD0162DA7
:105A900069D01B2D68D01D2D61D109B05046BDE8DD
:105AA000F04FFFF741BF0BF033FC050057D00BF070
:105AB00012FE012853D101A928460BF0DFFD05AAEB
:105AC00003A92046FAF76EFA03990198401A01904B
:105AD00002990498081A029094F84C00C00731D13A
:105AE0004FF4003120460FF00AFF054605984FF4A9
:105AF0008031401B0590204610F02CFB00280598B3
:105B000006D1C11700EB9171B5EBA10F00DA8D1032
:105B1000401B0590012801DA012005900198029AA6
:105B2000404302FB020105984043814206DDE06CE0
:105B300040F00101E16416F05FF8606594F84C00F4
:105B4000C0070CD0019911B90298002807D0D4E9F8
:105B50000E06864201DA06F5B476029805E0ABE05F
:105B6000C3E0DCE0FEE006E170E100F0A3FEE16AE4
:105B7000401AA16B451A01E005F5B475002DFBDB59
:105B80004846854202DBA5F5B475FAE705984FF45F
:105B90001D714843B0FBFBF7142003F017FD4FF4D1
:105BA000B4714843B0FBF7F294F84C002946C0F3B7
:105BB000C0072046FFF73AFE00287DD0A06BA26DFB
:105BC000311AA2EB0008A5EB0800002801DD02460F
:105BD00000E042424FF48C739A4205DD94F84C2069
:105BE000120709D5002508E0E26C5FEAC26C04D414
:105BF000120701D54D4200E00D4677B1E16C0A076E
:105C00001ED4CA061CD4002800DC4042984217DD8E
:105C100067F3C3010025E16412E08FB9E26C5FEA2B
:105C2000027C0DD55FEAC26C0AD4002800DC404239
:105C3000C0F5B470984203DD67F3C3020D46E26419
:105C4000A5EB0805606D15F0D1FF216D41434FF4C0
:105C50007A70B1FBF0F0854202DC4042854200DA06
:105C60000546D4E91132A16BD01A771AFF0097FBD1
:105C7000F0F0001DC717454400EB177005EB20102E
:105C8000256C0092084432460DF0DAFC064694F882
:105C90004C00C0F34100022803D1A06C811B606C52
:105CA0000E18200020D0206CB04211D015F0A4FFB7
:105CB00060653146204600E013E000F027FAAE426E
:105CC00006D000222321204611F0ABFF012808D185
:105CD000606CB04202D0A06CB04202D115F08CFFD3
:105CE000606509B0BDE8F08FFEE7E06C20F00101CF
:105CF0002046E1640FF0D5F805460AF0F9FC0446A9
:105D00000BF006FB0BF0E7FC0428EAD1002CE8D0EE
:105D100009B02846BDE8F04F00210AF07BBD50468F
:105D200009F087FE256C132806D0112804D014280A
:105D300007D0122805D009E0201E01D0691C03E01D
:105D4000FEE7201E0DD0691E00F0E0F9206CA8428D
:105D5000C7D009B02046BDE8F04F0022232111F042
:105D600060BFFEE7504609F083FE256C14B1291888
:105D70002046E9E7FEE7504609F078FE054603AA0B
:105D800001A92046FAF70EF9A068002600B1866A3C
:105D9000002120460FF0B3FD804603993044081AD5
:105DA0000299029A01440091019903900B18121A6A
:105DB000091A04A800F0D6FC47F6FF7204A8296867
:105DC00000F034FC4FF0000AE0BB2868019A01683B
:105DD0004068891A029A801A00F06CFDE16A401A44
:105DE000A16B471A02E000BF07F5B477002FFBDB79
:105DF0004846874202DBA7F5B477FAE703984FF4E9
:105E00001D714843B0FBFBF9142003F0DFFB014692
:105E10004FF4B4704143B1FBF9F239462046FFF725
:105E200005FD78B108EB4602114604A800F03BFBE3
:105E300047F6FF7204A8296800F0F8FB287150E7C4
:105E400020F50308FFE785F804A04AE700210FF0DA
:105E5000CCFE0746002120460FF0E8FE0646002152
:105E600020460FF010FF0546002120460FF08AFE65
:105E7000B74201DD394600E03146854201DD2A4660
:105E800000E00246914205DDB74201DD384604E0FC
:105E9000304602E0854200DD284680464FF4403916
:105EA000494620460FF0A1FE0746494620460FF01E
:105EB000BDFE0646494620460FF0E5FE054649462A
:105EC00020460FF05FFEB74201DD394600E0314663
:105ED000854201DD2A4600E00246914205DDB742D7
:105EE00001DD384604E0304602E0854200DD284608
:105EF000801CA0EB08052046FEF71AF9441950460D
:105F000009F0B4FD0168A14200DD0C460460E8E63A
:105F100070B50C460546114600F07AF82146284631
:105F2000BDE8704000F0BBB870B50C4605461146A0
:105F300000F006F821462846BDE8704000F034B86D
:105F400070B505000C461AD0B4F5B47F01DDA1F59B
:105F5000B474D5E90E10421AA4EB010101D502F583
:105F6000B472002901DA01F5B4718B1A002B00DC40
:105F7000531AB42B04DD284610F071FC0EE0FEE746
:105F8000914203DA00230246214604E08A4205DA00
:105F90000023224601462846FDF7E4FB2846EC6331
:105FA000BDE8704023F08ABC70B505000C461AD0DD
:105FB000B4F5B47F01DDA1F5B474D5E90E010A1A78
:105FC000A1EB040101D502F5B472002901DA01F553
:105FD000B4718B1A002B00DC531AB42B04DD284655
:105FE00010F03DFC0EE0FEE7914203DA002322466A
:105FF000014604E08A4205DA00230246214628468B
:10600000FDF7B0FB2846AC63BDE8704023F056BCFA
:1060100070B505000C461AD0B4F5B47F01DDA1F5CA
:10602000B474D5E90C10421AA4EB010101D502F5B4
:10603000B472002901DA01F5B4718B1A002B00DC6F
:10604000531AB42B04DD284610F009FC0EE0FEE7DD
:106050004FF40033914202DA0246214603E08A42BD
:1060600004DA224601462846FDF77CFB2846FDF768
:10607000C3FB28466C63BDE87040FDF7BDBB10B99B
:10608000FEE701F5B4710029FBDB4FF4B4729142D5
:1060900002DBA1F5B471FAE7C16210F0E0BB70B5A4
:1060A00005000C461AD0B4F5B47F01DDA1F5B47437
:1060B000D5E90C010A1AA1EB040101D502F5B4726D
:1060C000002901DA01F5B4718B1A002B00DC531A98
:1060D000B42B04DD284610F0C2FB0EE0FEE74FF4BF
:1060E0000033914202DA2246014603E08A4204DA92
:1060F000024621462846FDF735FB2846FDF77CFB86
:1061000028462C63BDE87040FDF776BB78B1036C80
:106110008B420DD0826C8A4200DA1146426C8A4270
:1061200000DD11468B4203D0016423F0C7BBFEE7BC
:106130007047F0B50D688C68D1F80CE0641BD0E9AD
:1061400000654F68DDF814C0AEEB0707162A75D25C
:10615000DFE802F0C7C71A272D2F454D5D0B656795
:10616000757B7D8F97999B9DA1BD8268A2EB060EE2
:106170000EF1010E621C0EEBDE7E4FEA6E0E02EB9C
:10618000D272AEEB620233E08068821B601C521C4C
:1061900002EBD272521000EBD070A2EB6002002032
:1061A0008AE08068621C801B401C821AF7E700228C
:1061B0000DE08268A2EB060E0EF1010E621C0EEBE2
:1061C000DE7E4FEA6E0E02EBD272AEEB6202C06868
:1061D00007F1010E401B401CA0EB0E006CE0826832
:1061E00004F1010E921B521CA2EB0E02EFE70022FB
:1061F000C068A0EB050E0EF1010E781C0EEBDE7EE2
:106200004FEA6E0E00EBD070AEEB600054E0826897
:1062100004F1010E921B521CA2EB0E02E8E70022D1
:106220000AE08068821B601C521C02EBD272521082
:1062300000EBD070A2EB6002F8433DE051E08068D3
:10624000621C801B401C821AF6E700220DE0826867
:10625000A2EB060E0EF1010E621C0EEBDE7E4FEA83
:106260006E0E02EBD272AEEB6202C068401B401CA5
:1062700022E0826804F1010E921B521CA2EB0E0276
:10628000F3E7E2438BE7E243B2E7E2439FE780684C
:10629000821B00200FE08268C068921BA0EB050EF5
:1062A0000EF1010E781C0EEBDE7E4FEA6E0E00EB57
:1062B000D070AEEB6000521C324428441A44604453
:1062C000C1E9002022443844C1E90220F0BD8268BF
:1062D000C068921B401B07F1010E401CA0EB0E0092
:1062E000E9E700225BE70A6802604A6842608A6860
:1062F0008260C968C16070470A6802604A6842608B
:106300008A688260C968C16070470A6802604A682A
:1063100042608A688260C968C16070470A6802602A
:106320004A6842608A688260C968C16070470A68CA
:1063300002604A6842608A688260C968C1607047CA
:106340000A6802604A6842608A688260C968C160FF
:1063500070470A6802604A6842608A688260C96859
:10636000C16070470A6802604A6842608A68826059
:10637000C968C16070470A6802604A6842608A68FA
:106380008260C968C16070470A6802604A684260FA
:106390008A688260C968C16070472DE9F0470C4681
:1063A000064615461146204600F0EDF8002863D059
:1063B00000222946204600F0A3F800284FF00000F4
:1063C00058D1E26861682768A2EB010C6A68A3688B
:1063D000521AA3EB0709002A06DD521E0A44376051
:1063E000F260C6E901130120E96862688A1AACEB21
:1063F0000203002B0EDDE26891420BDA4A1C1944BD
:1064000006EB0013A768D4F800C0C3E90271C3E922
:1064100000C2401C6A6861688A4200DD1146EB6870
:10642000E268934200DA1A462F682368521AFF1A6C
:10643000002F0CDD002A0ADB06EB00187F1E48F84F
:10644000043B1F4401EB020C88E88210401CAB683F
:1064500024681D1BA9EB0505002D0BDD002A09DBB7
:106460005C1C2B4406EB00150A442C60EA60C5E96D
:106470000113401CBDE8F0874FF0FF30FAE7C16818
:106480004068081A401C704702688168891AC2680F
:106490004068101A401C491C4843704781680068D6
:1064A000081A401C704703685B1A0360836819442C
:1064B00081604168891A4160C1681144C1607047B8
:1064C00070B50B681468A34200DC234603604D6876
:1064D0005468A54200DD2C4644608E689568AE4243
:1064E00000DA35468560C968D268914200DB114602
:1064F000C1600120AB4201DC8C4200DD002070BD98
:106500007CB50D460446006809681646884238DBAB
:1065100061686A68914234DBA268AB689A4230DCF9
:10652000E268EB689A422CDC4EB3CDE900013246BA
:106530006946284600F07AF8002821D0D4E90110F5
:10654000CDE9000132466946284600F06FF8002880
:1065500016D0E1682068CDE9000132466946284638
:1065600000F064F800280BD0D4E90201CDE9000165
:1065700032466946284600F059F8002800D001202C
:106580007CBD00207CBD02688B689A420DDC82686D
:106590000B689A4209DB4268CB689A4205DCC06806
:1065A0004968884201DB01207047002070477CB5B4
:1065B0000D460446806809681646884234DBE06868
:1065C0006968884230DB2168A86881422CDC6068F9
:1065D000EA68904228DC2EB3CDE9001032466946C5
:1065E000284600F023F8E8B9D4E90110CDE900010C
:1065F00032466946284600F019F898B9E1682068E3
:10660000CDE9000132466946284600F00FF848B946
:10661000D4E90201CDE9000132466946284600F07E
:1066200005F808B100207CBD01207CBD2DE9FF41AB
:1066300014460E460A68016805468A422EDBA868A1
:1066400082422BDC72686B689A4227DBEF68BA42A1
:1066500024DC002C5DDD401A401C00EBD0704210A1
:10666000F81A401C00EBD0704010824200DA10464D
:10667000844200DD044600912868002220440290F4
:106680006868019068683146204403906846FFF7C7
:10669000CDFF38B102982044029032E0002004B0CF
:1066A000BDE8F081E8680022001B0190E8680390D3
:1066B00031466846FFF7BAFF18B1029820440290AD
:1066C0000DE0A8680022001B0090A86802903146E7
:1066D0006846FFF7ABFF30B10098001B00900198AF
:1066E000001B019010E06868019068680022204457
:1066F000039031466846FFF799FF50B10098001BA0
:1067000000900398204403903146684612F074F8D4
:10671000C5E70120C3E710B50C6813689C4200DA96
:10672000234603604C6853689C4200DA234643606A
:106730008C6893689C4200DD23468360C968D268F8
:10674000914200DC1146C16010BD03680B44036038
:10675000836819448160416811444160C1681144F3
:10676000C160704710B5029C80E81E0010BD4268F1
:10677000491E1144C16070470268491E114481607E
:10678000704742688A4201D80020704702681AB1F7
:10679000C06801FB00207047FEE770B50446006842
:1067A000002520B1217C09B109F0C2FC256065609B
:1067B000A56070BD10B50446231D002083E80700C6
:1067C00001FB02F00CF004FF01212060217400287D
:1067D00000D1FEE710BD70B5044600680D4698B1C3
:1067E000D4E90101884205D12046091D00F015F8C1
:1067F000002811D0D4E90001E26801FB020025B1B4
:1068000029460CF05DFF03E0FEE700210DF013F8D0
:106810006068401C6060012070BD70B50446007C5B
:106820000D4600280CD0E1682068694312F04EF94B
:1068300038B1A56020606068A84200D96560012079
:1068400070BDFEE72DE9F04781468A46002015F02D
:1068500097FA04464FF000080E4F16E0204615F058
:106860008FFA0546A068B8420ED1E66831684945FE
:106870000AD17168514507D1204615F037FA3046E4
:1068800009F056FC4FF001082C46002CE6D140469A
:10689000BDE8F0879968010870B5C568D5E900467C
:1068A00015F024FA284609F043FC3046A446BDE81A
:1068B000704060470022002801DA0122404200298E
:1068C00001DA4942921C884207D9C1EB011101EB60
:1068D0004101B1FBF0F3103205E0C0EB001000EB1A
:1068E0004000B0FBF1F30020D9B216290BD92C29B6
:1068F00000D80120292900D8401C252900D8401C97
:1069000020290BD90BE0022900D30120062900D34E
:10691000401C0A2900D3401C0F2900D3401C1844F6
:10692000D10601D5C0F15A0091074FEAC27105D5D1
:1069300009B1B43005E0C0F1B40002E009B1C0F51E
:10694000B47080B27047C16000680FF088BF006803
:106950004FF0FF320168C26001F15002904202D153
:106960008268CA6205E001F16002904201D182684A
:106970008A6300680FF073BF10B50C4600206421D5
:10698000C4E90C01A063E062E06360642064A06479
:1069900094F8701021F03F0184F8701084F84C00D6
:1069A00004F15001204600F0A8F804F160012046EF
:1069B00000F0A3F80821204610F052FE10212046D6
:1069C00010F04EFE20460022BDE81040114600F0B7
:1069D000D8B810B50C46002104F15000FEF7B2FD06
:1069E00004F16000BDE810400021FEF7ABBD0000DF
:1069F0002DE9F0410D462F480EF04FF901284FD1F7
:106A0000284608F0DAFF0446284608F0DEFF8046F4
:106A10001B2C0AD0012C45D00B2C43D01D2C3FD170
:106A20002846BDE8F041F5F71FBD4FF400310DF0E9
:106A300091FC0446284609F019F805460068A04272
:106A400000DD0446002140462C600FF0CBF80746DD
:106A5000002140460FF0E7F80646002140460FF0BF
:106A60000FF90446002140460FF089F8B74201DAD9
:106A7000394600E03146844201DA224600E002460F
:106A8000914205DAB74201DA384604E0304602E0C6
:106A9000844200DA2046002802DA2968081A2860B1
:106AA000BDE8F08108F13C014046BDE8F0410FF03F
:106AB000F3BE0000FCF4030820B190F8700000F071
:106AC00007007047FEE738B190F8701001F0070139
:106AD000022902D0006B7047FEE7C16E491C01D04D
:106AE000806E7047806B704720B1C16D491C02D029
:106AF000806D7047FEE7C06A7047086000204860FC
:106B00008860401EC860704730B190F8701001F086
:106B10000701012901D00BE0FEE7016B002907DA2C
:106B2000426B002A04DD806B884201D1012070474E
:106B30000020704738B5134658B190F8702002F025
:106B40000702022A1CD1D0E90C428A4202DD0D461E
:106B500001E0FEE71546AC4201DD214602E08A4233
:106B600000DC1146C26A8A4200DA1146826B8A4210
:106B700006D0009300F1600300F1380200F024F821
:106B800038BDF8B5134640B1C56A8D421BD0D0E977
:106B90000C428A4202DD0E4601E0FEE71646B44290
:106BA00001DD214602E08A4200DC1146826B8A4206
:106BB00000DD11468D4206D0009300F1500300F134
:106BC0002C0200F001F8F8BDF0B599B007461E9808
:106BD0001C4616460D4668B3E068401C40D0A068CD
:106BE000C4E90105002118461560FEF7ABFC6846B4
:106BF000FEF7E6FC21466846FEF7A5FD1949684602
:106C0000FEF78BFD4FF4807200216846FEF795FD7C
:106C100015496846FEF772FD3846002167220FF0DD
:106C200035F801466846FEF770FD6846FEF7ACFD94
:106C300019B0F0BD00211846FEF784FC4FF0FF307C
:106C4000E060384635600FF00AFE00212046FEF76E
:106C500079FC19B021463846BDE8F040FFF74DBF3A
:106C60003068BDE7476901084F69010870B58C6C51
:106C70000D462CB1206C18B103F0EBF80020206415
:106C80002846BDE87040F8F7DDBE00002DE9FF4F53
:106C9000088C85B0C0F30724E01F1E460D46039004
:106CA00003280DD9102C0BD0112C09D00F2C07D094
:106CB000122C05D01B2C03D0132C01D0142C1ED168
:106CC000D5F848805FEA08001AD0D8F80000019093
:106CD000204601F0A8FE81460798FFF7DFFB8346B8
:106CE000287C01280FD00020824670686FF0604138
:106CF000C84231D10398032807D8102006E00020AD
:106D000009B0BDE8F08F0C20EEE72046029000208D
:106D1000009001235A46D8F84000029903F0BFF9C9
:106D2000070013D1D8F8400020B103F092F80020FA
:106D3000C8F8400000200090012259465948029BA3
:106D400003F046F80700DAD0C8F84070079907C981
:106D500086E80700F16006E0401C7060F068401CA7
:106D6000F060D8F8407007997068D7F81080C9684B
:106D70008842C4DC0399032946D80822B2FBF9F102
:106D80003268B2FBF1F301FB132102910BFB09F115
:106D90000123C91D03EBD10103916B6B02FB09F2C7
:106DA0000AEB83012B8D9BB200FB031000EBD20991
:106DB000287C012810D0E868016901EB090600BFB2
:106DC000CDE900685B46296B2046029AF4F798FAF1
:106DD000287C012814D052E003980CF0F9FB06003F
:106DE0000DD00020009032464946039B0198F8F7E9
:106DF000A1FE0028E4D0304609F09AF97FE7FEE7CB
:106E0000304609F095F93AE0102C3BD0112C39D0DE
:106E10000F2C37D0122C35D01B2C33D0132C31D063
:106E2000142CEBD139894FF000098CB2298D2346FF
:106E30008AB200FB02A031684246090100EBD10191
:106E4000CDF800900198F8F775FE0028D6D1696A50
:106E50000C200A0C298D8BB202FB03007268C1F36F
:106E60004E0102FB0100316808EB040201445B465D
:106E7000CDF800900198F8F75DFE0028BED1012002
:106E8000EF623DE70BFB09F1CB08298D8AB200FBCD
:106E900002A03168424601FB09F100EBD10100205C
:106EA0000090E7E7BC5D012038B50D46C968287C35
:106EB000144620B1012807D0022823D033E00C2249
:106EC00020460CF0FDFB22E0084609F0C5F917A1A9
:106ED00012F034FF38BB6B460C22214605F114003A
:106EE00009F025FAF8B900980C281CD12078192847
:106EF00002D06070192020702068202141EA1040E3
:106F0000608004E00120A080E0800E206070206896
:106F100010F47F4F07D0C1B2192902D0400C4000B5
:106F20006080012038BD002038BD000062696E001D
:106F300010B509F0E5FD040011D0094909F0DCFEA7
:106F40000849204609F0DAFE0749204609F0D2FE3A
:106F50000649204609F0CCFE05A0606110BDFEE7A1
:106F6000A96E0108756F01088D6C01086D6C010830
:106F700042494E002DE9F04782464FF00008087C58
:106F80008EB00C464546C146012801D088B371E059
:106F9000E06809F061F96BA112F0D0FE98B92046C3
:106FA000F9F776F806000ED00C20A6640CF010FB62
:106FB000070007D00222E16809F06AF938B13846C3
:106FC00009F0B6F8B9E000200EB0BDE8F0873760F0
:106FD000216AC1F30720090C09074BD4C11F0329FB
:106FE00023D90B38032863D821465046F4F7A2F87A
:106FF00004E007E021465046F4F728F980460128CE
:1070000038D155E0E66830690028DDD03088C0F31B
:107010000727206A000C00072CD4F81F032807D884
:107020000846F9F735F80028CED0E07910BBE1E743
:10703000A7F10B00032807D80E2F05D00846F9F753
:1070400027F80028C0D0CFE70846F9F721F83168C3
:10705000090CC90601D5354622E000F12405308926
:107060000004000C0BD03146284602F03FFF80465A
:10707000012815D02046F8F7E5FC4046A4E71C227D
:1070800031466846E9F73EFE384601F0CCFC0199EE
:1070900089B24843C01DC008ADF808006946E3E75F
:1070A000E56228890004000C01D1208D288101258A
:1070B000E76A47B3206A000CC00703D001213846B5
:1070C00003F012F83946204609F0B8FD060034D026
:1070D000BE4207D000252046F8F7B4FC2046F8F75A
:1070E000D7FFC661E662216A30460A0E03D0090E58
:1070F000090202F0F9FF0DB9A07928B1207A10B188
:107100000DB184F8089016E009F072FC98B1207C6B
:107110008DF82400E0680890E26A07A9D06807901B
:107120005046A36C09F0B2FC38B160642046F8F711
:10713000AFFFC0F81C90012046E72046F8F782FC1C
:1071400041E7000062696E0010B50C461021204630
:1071500010F086FA2046BDE810404FF480610CF034
:10716000EEBD000010B5014603480DF077F9044666
:107170000DF0DAF9204610BDD8F4030870B51546B5
:10718000040012D0A06B884210D9606B30F8112037
:10719000AA4320F811202046FCF74AFB680505D5D4
:1071A0002046BDE8704010F0ACB9FEE770BD70B588
:1071B0000E46050001D0002406E0FEE732462146D7
:1071C0002846FFF7DBFF641CA86BA042F6D870BD11
:1071D000084600214FF6FF728163C0E90F12016378
:1071E0004163C162416C21F003014164014900F037
:1071F0000ABB000098F4030810B5014603480DF0DF
:107200002DF904460DF090F9204610BDB4F40308A2
:1072100010B50C46086B08F08BFF606B08F088FF18
:1072200000202063606310BD2DE9FE4F8A46FC48B4
:107230000DF033FD012833D1504608F0BEFB064661
:10724000504608F0C2FB002704461B2E02D0322E07
:107250004ED02BE0E06BA146002821D00025D9F8C4
:107260002C800FE0D9F8340030F81500400508D51F
:10727000E06BB8B120460DF0BDFDE16BB0FBF1F164
:1072800011E06D1C58F82500002809D0E5A112F086
:1072900055FD002804D058F8250000780028E1D1D9
:1072A000BDE8FE8F0021504608F0C0FC312E22D0F0
:1072B0004FF6FF75012E20D0022E5ED00B2E7CD013
:1072C000092E75D0032E74D0132E73D0142EE7D050
:1072D000152EE5D0112E6ED01D2E6DD0292EDFD1AA
:1072E00094F844008007DBD52046F8F7C8FBD7E7C1
:1072F00021F01CFDD4E72046FAE7504608F070FB69
:1073000006462046216CFCF793FA0AF001F80AF0D1
:10731000E2F9012801D003281AD1694630460AF063
:10732000ADF969462046F8F7BFFC2564A842B7D0FE
:10733000616B31F81010C1F38012002AB0D1C1F393
:1073400000110029ACD1014620642046FCF770FAF8
:10735000206CA842A4D0616B31F81000C0F340212A
:1073600000299DD1C0F3802170E0206C029002AA18
:107370002321204610F055FC92E7206CA8428FD0C4
:10738000504608F02DFB06460AF0A5F9012801D069
:10739000032885D1694630460AF070F969462046CF
:1073A000F8F782FC216C8142A1D020465BE004E02A
:1073B00044E056E05AE0A3E0A2E1216CA94238D0B3
:1073C000626B32F81100C0F3C013ABB1C0F380138D
:1073D00093B9C30503D594F84430DB0714D040F4C7
:1073E000807000BF22F8110094F84400C00703D059
:1073F0002046216C15F0DEF9616B206C31F810002D
:10740000C0F3402131B902E020F48070EAE7C0F314
:10741000802171B1C0F3801159B9C0F3001040B997
:10742000206C029002AA2321204610F0FAFB0128CA
:10743000A2D12046216CFCF7FBF931E7206CA84271
:107440009AD0616B31F81000C0F34011002993D13C
:10745000C0F3801100298FD1C0F30010002884D020
:107460001EE72046216CFCF7E3F947E0A06B0028FB
:10747000E3D0504608F0B4FA07460AF02CF9064665
:107480002FB900200AF0EEF80AF025F9064620464A
:107490000DF007FD09F02CF9216CA942CDD1022E87
:1074A00002D0042E2AD148B394F844100020A26BD5
:1074B000C90701D113E0401C82421DD9616B31F82C
:1074C0001010C1F30013002BF5D1C1F38013002B72
:1074D000F1D1C1F300210029EDD00DE0401C824222
:1074E0000AD9616B31F81010C1F30013002BF5D1EC
:1074F000C1F380110029F1D12064D1E62564CFE6E3
:107500002046216CFCF794F9504608F092FA1328B3
:1075100013D0142835D004264FF00809122852D071
:10752000112886D1002120460EF03BFB8046206CBE
:10753000A84274D12764626BA2E0206CA84201D1FA
:10754000276401E0401C2064A36B216C994200D3A6
:107550002764666B226C07E0491C2164994200D3C2
:107560002764206C90427DD0216C36F81100C0F366
:10757000001CBCF1000FEFD1C0F380100028EBD14C
:1075800057E7206CA84201D1276400E000B9A06B46
:10759000401E20640346626B09E019B1491E08468B
:1075A000216402E0A06B401E2064984266D0216CEA
:1075B00032F81100C0F30016002EEED1C0F3801097
:1075C0000028EAD135E7002120460EF0EAFA80468D
:1075D000206CA84213D12764626B04E0491C21642B
:1075E000A06B81424AD2216C32F81100C0F3001323
:1075F000002BF3D1C0F380100028EFD119E7216BE5
:1076000001EB0010FEF74AFF0346206C216B024697
:1076100001EB00152D6805EB630CA36B24E03BE048
:10762000B4F403080A00000006EB001506EB02178D
:107630004D59CF59BD4214DD01EB00152D6865454C
:107640000FDC09EB00154F5907EB0805654508DB12
:10765000656B35F81050C5F3801717B9C5F30015E1
:1076600025B100E00AE0401C8342DDD8834245D8C2
:10767000DFE6491C2164A06B814201D32564D8E672
:10768000216C32F81100C0F30013002BF1D1C0F3CC
:1076900080100028EDD1CCE6216B01EB0010FEF745
:1076A000FDFE226C216B01EB02131B6803EB6003F0
:1076B00010B21EE006EB001506EB02174D59CF592C
:1076C000BD4214DA01EB00152F68A7EB08059D42B7
:1076D0000DDC09EB00154D599D4208DB656B35F853
:1076E0001050C5F3801717B9C5F3001525B1401E1A
:1076F00000B20028DEDA9CE60028B9DB206498E6B8
:107700005046F6F70DFCCBE52DE9F0410F4650B1A0
:10771000A7F57F41FF3916D00446806BB84212D9D5
:1077200000252E460AE0FEE7E06A6D1C09A150F82C
:107730002500761C12F002FB00B96D1CBE42F3D18D
:10774000A06BB04202D10020BDE8F081E06A50F8A1
:107750002500F9E70A00000008B1006C7047FEE759
:1077600048B1836B8B4204D9406B30F811008243DF
:1077700002D000207047FEE70120704770B5154623
:107780000E4604001ED0A06BB0421CD994F84400F1
:10779000C00706D0E80504D54FF480712046FFF7F6
:1077A00006FD606B30F81610294320F8161031469C
:1077B0002046FCF73DF8680505D52046BDE8704039
:1077C0000FF09FBEFEE770BD70B50E46050001D0FC
:1077D000002406E0FEE7324621462846FFF7CEFFAA
:1077E000641CA86BA042F6D870BD10B5040009D087
:1077F000A06B4200606B0BF063FF2046BDE81040B9
:1078000021F094BAFEE770B50D46040016D0002DA5
:1078100015D094F84400800702D52046F8F72FF9D8
:10782000606C20F00201616420462946EEF7C8FD35
:107830002046E562BDE8704021F078BAFEE770BDF1
:1078400070B50D46040011D0A06BA84203D8A5F571
:107850007F40FF380BD12046216CFBF7E9FF204623
:1078600029462564BDE87040FBF7E2BFFEE770BD26
:1078700010B558B159B1C36853B10368DB68984774
:10788000040001D000F037F8204610BDFEE7FEE707
:10789000002010BD10B550B151B183684BB1F1F764
:1078A000F4FF040001D000F026F8204610BDFEE7EA
:1078B000FEE7002010BD2DE9F0470546DDE9089AF6
:1078C00000681E46174688468047040012D004F11F
:1078D0000C010020A76081E84106C4E900586968EE
:1078E000204688470028204602D108F021FC0020CD
:1078F000BDE8F087FEE700B5020006D000F02BF8E7
:1079000010465DF804EB00F017B8FEE730B14168AF
:10791000491E416001D5002141607047FEE710B566
:1079200040B1017B890706D400F006F8BDE810409D
:1079300008F0FEBBFEE710BD10B18168401A704729
:10794000FEE708B108447047FEE708B14068704799
:10795000FEE71030704718B14168491C416070471C
:10796000FEE730B131B101600021C0E901120173BD
:107970007047FEE7FEE718B1007B00F0010070479A
:10798000FEE720B14168002902D0FFF7BFBFFEE744
:1079900070478068002800D00120704770B50C0047
:1079A0000546164618D011462046FFF7EAFF204646
:1079B000FFF7CBFF002810D12046FFF7DCFF00289F
:1079C0000BD02046FFF7B8FFAA6931469047204602
:1079D000BDE87040FFF7A3BFFEE770BD002800D0F0
:1079E000016270472DE9F0410F460C4601F221106B
:1079F0004FF4527200210BF01EFF00210846314B5C
:107A0000782506E028B14207B2F1604F08D0072878
:107A100008D253F8202000BF04EB800632640EE049
:107A200029A2F9E701EB810204EB820204EB800654
:107A300082F8215102F22112491CC9B23264401C61
:107A4000C0B23828DED321A0C4F81C013846FFF7A5
:107A5000D3FB04F14001E062FFF7D5FE4FF408715B
:107A6000E06AFFF7B1FE002322221949E06A0CF018
:107A700053F9642010F0B4FD0146E06A10F0D9FA21
:107A80004FF40421E06A0CF05AF90121384610F055
:107A900008F90121E06A10F010F900220221E06AE1
:107AA00010F0A3FA4FF4FD6401222146384600F09D
:107AB00015F821463846BDE8F04101231A4600F08A
:107AC000AFB80000780200200A00000000000000AB
:107AD0003BED000808B134307047FEE72DE9F05F58
:107AE000040027D088B2A086D7B284F8367001216E
:107AF00084F8371082464021E06AFFF758FB0025E2
:107B000040222946E06AFFF739FE6D1C072DF7D3A6
:107B1000554639462846F8F797FD834601223946EF
:107B20002846F8F791FA05462E464FF001080BEB70
:107B3000060911E0FEE700BF06EB860104EB8100B9
:107B4000434636A2142100F2211011F09FFE08F1E5
:107B5000010000F0FF08761CB145EDD8791E5046B3
:107B6000F8F772FD0026401B401CC7B213E000BFAF
:107B700006EB860104EB81003B4628A2142100F2AB
:107B8000211011F083FE4022F11DE06AFFF7F6FD9F
:107B90007F1CFFB2761CAE42EAD305EB0B06012731
:107BA00013E000BF06EB860104EB81003B461BA2FD
:107BB000142100F2211011F069FE4022F11DE06A4B
:107BC000FFF7DCFD7F1CFFB2761C2A2EEAD320468D
:107BD000F9F719FAE06AFFF7BFFDA0F57F41FF3919
:107BE00003D0E91DE06AFFF72BFE20460EF037FEBA
:107BF00020460DF0ABF8064600250BE0294620464E
:107C00000DF061F8E16A814203D02246232110F091
:107C100008F86D1CB542F1D3BDE8F09F2564000063
:107C200030B490B1048E8C4207D190F83240944227
:107C300003D190F833409C4208D0018680F832206E
:107C400080F8333030BCF9F7DEB9FEE730BC70475E
:107C500010B50C46142104F12C000BF0D6FB1821B2
:107C600004F138000BF0D1FB002060646065A06473
:107C7000A0656420E064E065206520660320A066BE
:107C80000520E0660A2020676FF00040606694F8E7
:107C9000740020F00F00401C20F0300084F87400C5
:107CA00010BD000070B50C4601F12C0617E000BFB6
:107CB0000BF08EFB050012D0287C400702D46868C8
:107CC00008F036FA287C800702D4286808F030FAD9
:107CD000294630460BF046FC284608F029FA206B6E
:107CE00000283046E4D10BF053FB04F1380509E0DD
:107CF0000BF06EFB0646014628460BF033FC30467F
:107D000008F016FAE06B00282846F1D1BDE8704073
:107D10000BF03EBB2DE9F0438FB00E464A480CF005
:107D2000BCFF01285ED1304607F047FE05463046CD
:107D300007F04BFE0446012D31D00B2D55D01D2DE3
:107D400050D1304607F081FE05460BA920460DF0C4
:107D500077F820460DF0A0F8014602460BA8FEF782
:107D6000A2FB05F134020BA902A8FEF7A9FB00282B
:107D700038D0D5E90F81F5E90D670DF1080C89467A
:107D80009CE80F0085E80F00343D29462046F4F7B3
:107D9000FCF804F12C000BF0ADFB68B34CE009F0EB
:107DA000B7FA02A909F06AFC02996069081A029000
:107DB00020460DF055F9029901442046F8F743FAA0
:107DC0000546606EA8420DD029462046FBF788FD87
:107DD0002046616EFBF784FD204600222321656664
:107DE0000FF01FFF0FB0BDE8F083616EFBF778FD69
:107DF0006FF000406066F5E794F8740000F00F0043
:107E0000012806D0022809D003280CD004280FD05E
:107E100012E029462046F6F789FB0DE02946204668
:107E2000F6F7A7FA08E029462046F6F76FFE03E0CA
:107E300029462046F6F70AFD29462046F3F7DAFFE1
:107E4000343585E8C003CDE708F403082DE9FF5F6A
:107E500016460F4605001C4608D047B1286FB042B1
:107E600006D8002020605860BDE8FF9FFEE7FEE7CF
:107E700028460CF0D2FF804628460CF0BBFF814616
:107E800095F8740000F00F0001280BD0042819D0D9
:107E900005F12C018A46022824D0032874D0002042
:107EA0002060BAE0286F012805D908FB06F1401EC2
:107EB000B1FBF0F065E0002063E078684B4650F8D5
:107EC0002620A4E0CDF80080397C3868C1F3C002D8
:107ED00005EB820150F82600CA6D496D00230BF0B6
:107EE000AFFB4EE0084602910BF076FA82464FF463
:107EF000A02128460DF052FE0390002128460DF0E7
:107F00004DFE0190286F0199C0F1010303FB01812F
:107F1000B1FBF0FB012806D9A8EB0B017143401E11
:107F2000B1FBF0F000E000202060002000900298FB
:107F30000BF04EFA07E0B94207D00098401C0090C1
:107F400002980BF057FA0100F5D1019908EB0100F6
:107F50007043296FBAF1000FB0FBF1F02060ACD094
:107F6000009ACAF101030BFB02F1B1FBFAF1039A8B
:107F7000014402FB03B2B2FBFAF000EBD07001EB5C
:107F80006000206099E7FFE7002128460DF006FE1B
:107F90000146286FC0F1010202FB0181B1FBF0F143
:107FA000012806D9A8EB01027243401EB2FBF0F093
:107FB00000E0002001EBD17100EB610020604FF088
:107FC000000850460BF004FA1DE0087CC00717D1EA
:107FD00095F8740010F0300F4CD000208219286FF3
:107FE000B2FBF0F300FB13204A6852F820006FF058
:107FF0000042904204D0002802DD8044B94204D0FF
:1080000050460BF0F7F90100DFD14B4642463946A6
:10801000284621F044FCA9EB0000606000212846BE
:108020000DF0E7FC8046002128460DF0D5FD2168C3
:1080300040440844206028460DF012F82168081AD0
:10804000206095F8740010F0300F15D000208119D1
:10805000286FB1FBF0F0002128460DF00BFE61689F
:1080600040440844606028460DF0C0F86168081A72
:108070006060F9E6C868B1E7F868E8E718B12C3045
:1080800011B10BF0B7B9FEE70BF0A2B910B50CA017
:10809000C86201200C460863022120460BF04FFE07
:1080A000082120460BF04BFE4FF4806120460BF078
:1080B00046FE2046BDE8104010210FF0D1BA000066
:1080C000436865636B20626F7800000010B591F81B
:1080D00030000C46C00704D1E06A08F029F80020FF
:1080E000E06210BD2DE9F04FE1B0054607F06DFCF0
:1080F0000446284607F0A9FC5D90002120460DF0BB
:1081000005FF479007F0FEFF054620460021272285
:108110000DF0BCFDC0B2012814D00027204600217C
:1081200030220DF0B3FD0646002120460DF09FFDE4
:1081300000EB06084FF0000120462FB10DF06DFD59
:10814000064604E00127E9E70DF043FD064400215F
:1081500020460DF020FD81464FF4003120460DF001
:1081600038FD83464FF4003120460DF056FD82461F
:108170004FF4003120460DF07AFD4F904FF400315E
:1081800020460DF0F3FC4E9020466A224FF4003159
:108190000DF07CFD4D9020466B224FF400310DF028
:1081A00075FD4C9021A803F06BFC5D98259021AAE9
:1081B0004FF4003120460EF086F957B1E069801B7C
:1081C000411BA1EB0B010290A1EB0A00401C0090A7
:1081D00008E060693044421900900BEB0A0010443B
:1081E000401E0290A16901EB080042190190DDE9EF
:1081F0004E1008441044401E03900098529001987D
:108200005390029854900398DDE94C21559052A860
:10821000FEF749F952AA21A95D9803F01DFA00263C
:10822000489649964A96314620464B960DF08FFE69
:108230004990002120460DF078FE48906FF0604094
:108240004A908DF82C6148ABE16A5BA8479A12F01E
:108250008DFD06A802F0B8FA5D980A9006AA0021E2
:1082600020460EF07BF8E06A0D906846FEF707F9AD
:10827000401B00EBD07040103FB1009AA2EB090107
:108280005B9A5891891A569106E0029A02EB09010D
:1082900056915B9A11445891A269404410445790FA
:1082A0005C9956AA0844599006A95D9802F05BFAB9
:1082B00061B0BDE8F08F00002DE9F04F87B00E46A9
:1082C0003E480CF0EAFC012866D1304607F075FB09
:1082D0000546304607F079FB04464FF40038342D4C
:1082E00009D01B2D5BD01D2D56D107B03046BDE8FF
:1082F000F04FFFF7F7BE304607F0B8FB0546002108
:1083000020460DF003FE814607F0FCFE00270646DE
:108310000297039704973946204605970DF017FEFC
:108320000390002120460DF000FE02906FF06040A7
:1083300004908DF8147002AB4A466846E16A12F068
:1083400015FD002120460DF026FC83464746414698
:1083500020460DF03EFC8046394620460DF05DFC7F
:108360008246394620460DF082FC81463946204639
:108370000DF0FCFB06EB0801024601EB0A0306EBDD
:108380000900009910445A1802EB0B012960019969
:10839000884200DC0846686007B0BDE8F08F3046D0
:1083A00007F064FB0546414620460BF0D3FF2968E1
:1083B000814200DD08462860EEE70000E4F3030890
:1083C00008B5C20ABDF8001062F3CF21420962F37A
:1083D0004A1160F30401ADF8001088B208BD08B579
:1083E000C20ABDF8001062F3CF21420962F34A11BC
:1083F00060F30401ADF8001088B208BD08B5C20AE8
:10840000BDF8001062F3CF21420962F34A1160F314
:108410000401ADF8001088B208BD80B2C10AC1EBFA
:10842000C11101EB8101C0F3451240F2652312FB3B
:1084300003F200F01F0000EB40101144C0EBC0003D
:108440000844C0F307207047FF2916D0B1B1028855
:10845000D30A13FB01F31B0A63F3CF22C2F34513C4
:1084600013FB01F31B0A63F34A1202F01F0313FB11
:1084700001F1090A61F3040202807047022200211F
:108480000BF0D9B90004B0EB014F01D101207047C6
:108490000020704781784D2211FB02F1427897232A
:1084A00012FB03F200781144C0EBC00001EB800026
:1084B000C0F307207047884201D101207047002097
:1084C0007047C0F307414D2211FB02F1C0F30722B0
:1084D000972312FB03F2C0B21144C0EBC00001EBC2
:1084E0008000C0F30720704710B560F317442046A2
:1084F00061F30F2062F3070063F31F6010BD0000FB
:1085000010B50346FF2A13D09AB18B4210D041EA2E
:108510000140121D0849D40843EA034208400A40BA
:10852000121A624300EB5210084040EA104080B239
:1085300010BD084610BD00001FF8E00777B583B0F6
:1085400014469DF80D00BDF80C600D46FD2802D2C2
:108550006978022902D82E8006B070BD0228FBD9A6
:10856000FF2929D0E278914202D1627890420FD05F
:10857000C0F1FF02C1F1FF0112FB01F1FF22B2EBDA
:108580001121A17123D0C0EB0020B0FBF1F0E0710C
:108590006088ADF804002888ADF80000DDE900012E
:1085A000FFF770FFA0B12088ADF800000099039894
:1085B000FFF768FF60B11EE02888ADF80000009961
:1085C000039800F0F7FA0090BDF8000014E0FEE711
:1085D000268028886080E0798DF80D002888ADF825
:1085E00000000099039800F0E5FA0090BDF8000043
:1085F000A080A0796071A0882880ADE770B53AB3FB
:10860000FF2A27D08478C2F1FF03E40814FB02F4A8
:10861000CD0A15FB03444FF4784505EAC4044578B8
:10862000AD0815FB02F5C1F3451616FB03554FF4D3
:10863000FC66007806EAD5052C44C00810FB02F061
:1086400001F01F0111FB030004EB102080B270BD8C
:10865000084670BD8178427801F0F801090202F005
:10866000FC02007801EBC20101EBD000EEE770B52F
:108670003AB3FF2A27D08478C2F1FF03E40814FB41
:1086800002F4CD0A15FB03444FF4784505EAC4040F
:108690004578AD0815FB02F5C1F3451616FB0355E9
:1086A0004FF4FC66007806EAD5052C44C00810FBA0
:1086B00002F001F01F0111FB030004EB102080B257
:1086C00070BD084670BD8178427801F0F80109025A
:1086D00002F0FC02007801EBC20101EBD000EEE7F2
:1086E00030B5002A21D0FD2A05D302780A704278DD
:1086F0004A70807818E00478C2F1FF0314FB02F49A
:108700000D7815FB0344240A0C70447814FB02F422
:108710004D7815FB0344240A4C70807810FB02F05E
:108720008A7812FB0300000A887030BD70B50546D8
:10873000000E1446FD2802D20A0E022A01D828464D
:1087400070BD0E46022801D8084670BDFF2A20D011
:10875000E1798A4202D1E17888420FD0C0F1FF016D
:10876000C2F1FF0211FB02F1FF22B2EB11212173D2
:1087700014D0C0EB0020B0FBF1F0607361683046AC
:10878000FFF799FE58B121682846FFF794FE30B1F3
:1087900011E02846BDE8704000F01EBAFEE72560F3
:1087A0006660617B284661F31F60314600F014FA71
:1087B000A060207BE072A06870BD2DE9F041054605
:1087C000000E14460E46FD2802D2310E022902D8B0
:1087D0002846BDE8F081022801D83046F9E7FF2994
:1087E00021D0E2792B0EC3F1FF07914202D1E2784A
:1087F00090420DD0C1F1FF0117FB01F1FF22B2EB56
:108800001121217315D0C0EB0020B0FBF1F0607393
:1088100061683046FFF74FFE60B121682846FFF7D8
:108820004AFE38B120E031462846BDE8F04100F06C
:108830000FBAFEE725606660280CC6F3074111FBFE
:1088400007F100EB1120A072280AC6F3072111FBE3
:1088500007F100EB11206072F0B210FB07F005EB9E
:1088600010202072207BE072A068B2E770B50AB3D6
:10887000FF2A21D0C2F1FF03C40814FB02F4CD0A81
:1088800015FB03454FF4784606EAC505800810FB42
:1088900002F0C1F3451212FB03004FF4FC6202EA3E
:1088A000D000284401F01F0111FB034100EB11200F
:1088B00080B270BD084670BD00F0F801090200F0FA
:1088C000FC0201EBC20101EBD000F1E770B50AB385
:1088D000FF2A21D0C2F1FF03C40814FB02F4CD0A21
:1088E00015FB03454FF4784606EAC505800810FBE2
:1088F00002F0C1F3451212FB03004FF4FC6202EADE
:10890000D000284401F01F0111FB034100EB1120AE
:1089100080B270BD084670BD00F0F801090200F099
:10892000FC0201EBC20101EBD000F1E7002A17D0F5
:10893000FD2A02D30870487011E0C2F1FF0310FB5A
:1089400002F00A7812FB0302120A0A704A7812FB3C
:108950000302120A4A708A7812FB0300000A887028
:108960007047002A19D0FF23CB70FD2A02D38870EC
:10897000487011E0C2F1FF0310FB02F08A7812FB8D
:108980000302120A8A704A7812FB0302120A4A7022
:108990000A7812FB0300000A08707047002A0AD008
:1089A000FD2A07D2C2F1FF0310FB02F00A7812FB86
:1089B0000300000A08707047002A0AD0FD2A07D277
:1089C000C2F1FF0310FB02F00A7812FB0300000A59
:1089D00008707047002208B51146104600F0ADF847
:1089E0000090BDF800009DF8021040EA014008BD6B
:1089F000C0F30741C2B201EB410101EB8201C0F3B8
:108A000007200844C0F3C700704710B50C4600F0BB
:108A1000DDF90346204600F0D9F9834201D1012057
:108A200010BD002010BD801F30282BD2DFE800F0E1
:108A300020181A1C20181A1C202628282426242432
:108A40002424202A28242A2A2A2A2A2A2A2A2A2AA4
:108A5000242A2A2A2A2A2A2A2A2A1C1E1E1E2222BE
:108A6000012070470220704704207047062070479D
:108A7000082070470C20704710207047182070475E
:108A8000202070470020704700B5FFF7CCFFC01DC5
:108A9000C00800BDC01F14280DD2DFE800F00A0A8C
:108AA0000A0A0A0A0A0A0C0A0C0C0A0A0A0A0A0A20
:108AB0000C0A012070470020704708B5020A8DF8A3
:108AC0000120C0F307418DF80000BDF8000040EA26
:108AD000014008BD30B5C0F30744C2F307439C42D0
:108AE00016D8C0F30723C2F30725AB4210D8C0B293
:108AF000D2B290420CD8C1F30742944208D3C1F3DA
:108B00000722934204D3C9B2884201D3012030BD69
:108B1000002030BDC0F307414D2211FB02F1C0F32C
:108B20000722972312FB03F2C0B21144C0EBC0002E
:108B300001EB8000C0F30720704708B503468DF8AD
:108B400001108DF80020BDF8000040EA034008BD88
:108B500078B5C1F30744C2F1FF0314FB03F4C0F37B
:108B6000074515FB024404EBC41505EBC434C4F3FC
:108B7000C754C1F3072515FB03F5C0F3072616FB01
:108B8000025505EBC51606EBC535ED0D8DF8015008
:108B9000C9B211FB03F1C0B210FB021000EBC0110F
:108BA00001EBC030C00D8DF80000BDF8000040EAB8
:108BB000044078BD03B5C1B2C0F3072011FB00F13A
:108BC0009DF80420C0F1FF0012FB0010000A8DF890
:108BD0000400BDF804000CBD30B5030E0246FD2BA9
:108BE00003D3090E61F31F6030BD022B01D8084684
:108BF00030BDC2F3074010FB03F0C1F30745C3F1DA
:108C0000FF0415FB040000EBC01505EBC030C50DDB
:108C1000084665F31740C2F3072111FB03F1C0F3C7
:108C2000072515FB041101EBC11505EBC131C90D79
:108C300061F30F20D1B211FB03F1C2B212FB041198
:108C400001EBC11202EBC131C90D61F3070030BD68
:108C5000024610B5000EFD2801D3104610BD0228B3
:108C600001D8084610BDC0F1FD03100CC1F3074444
:108C700014FB03F400EB142060F31741100AC1F356
:108C8000072414FB03F400EB1424084664F30F20BC
:108C9000C1B211FB03F102EB112161F3070010BD1A
:108CA00010B50446022200210AF0C5FDA01C0222D4
:108CB00000210AF0C0FD201D022200210AF0BBFDA8
:108CC000FF20A071E07110BD10B504460422002100
:108CD0000AF0B1FD201D042200210AF0ACFD04F1D0
:108CE0000800042200210AF0A6FDFF202073607313
:108CF00010BD10B50446042200210AF09CFD201D81
:108D0000042200210AF097FD04F10800042200214A
:108D10000AF091FDFF202073607310BD10B5020EA4
:108D2000FD2A05D20B0E022B02D9022A01D80846D1
:108D300010BDFF2B13D0C2F1FF04C3F1FF0314FBDE
:108D400003F3FF24A4EB1324C2EB0222B2FBF4F2E0
:108D500062F31F60FFF740FF64F31F6010BDBDE8C2
:108D60001040FFF739BFC178FF290FD079B1827861
:108D700012FB01F2120A8270427812FB01F2120A0F
:108D80004270027812FB01F1090A01707047042257
:108D900000210AF050BD010A41EA002080B270476C
:108DA000010A41EA002080B27047010A41EA00202E
:108DB00080B27047030C63F31742030A63F30F2278
:108DC00060F30702104661F31F607047C0F307218C
:108DD000C0F30742090201EB0241C0B208447047E8
:108DE000010C01F0F8010902020A02F0FC0201EB99
:108DF000C201C0B201EBD00080B27047C1B2C0F373
:108E0000074201EB0241C0F307204FF07F4202EB23
:108E1000002008447047FF2208B511461046FFF7AE
:108E20008CFE0090BDF800009DF8021040EA014061
:108E300008BD2DE9FC5F05000C9C74D04FF48067E1
:108E4000BD4270D001EB4108581A00EB4001A1EB84
:108E50000809C8F58061A01AA1EB090B02EB420AD0
:108E600000EB4001A1EB0A00CAF580610090081AEE
:108E70002C460026019043464A4659462046F2F7C2
:108E800016FB401B002801DD014600E0414201299C
:108E900040DD0BFB04F101EB4101891201EB4901BB
:108EA000614308EBA122002A01DD114600E0514296
:108EB00001290CDDC117890241EA90518002D317C4
:108EC000E7F7A3FB18B1241A761C082ED3DB002683
:108ED0002C0001D534461DE0BC4201DD3C4619E0C2
:108EE00043464A4659462046F2F7E1FA411B00291B
:108EF00000DC291A01290DDD854201DD264600E04E
:108F00002746B81B00EBD07006EB6004B44201D0DA
:108F1000BE42E5DBDDE9002102B053462046BDE854
:108F2000F05FF2F7C4BABDE8FC9F18B100F53A70E3
:108F300006F027BDFEE70000F8B507460E4660487C
:108F40000AF06BFA04007CD04FF4497200210AF059
:108F500072FC4FF0FF302760C4E901600025C4E9CE
:108F600003056561E06B822120F0FF70A161122191
:108F700040F4803084F8401000F50030E063502069
:108F80000AF026FBC4F8B00200287AD009F08CFF62
:108F9000D4F8B4221AB12046D4F8B0129047D4F8CD
:108FA000B0027F1E761E4561D4F8B0028561D4F808
:108FB000B002C761D4F8B0020662D4F8B01294F8D7
:108FC000400081F84C000120C4F8680212F014FE41
:108FD000C4F80C03102104F51B700AF016FA384D82
:108FE0002246083D1E21AE693648AC6112F05AFE99
:108FF000C4F8080330B312F0D1FDE8B312F030FD2D
:10900000C4F8040300200BF019FBC4F8CC020020C4
:1090100004F530740BF012FBA06000200BF00EFB87
:10902000606000200BF00AFB2060E0680EF040FC5E
:1090300060680EF03DFC20680EF03AFC022160688A
:1090400001E01DE01EE00EF00BFB022120680EF097
:1090500007FB0021E0680EF02BFF002160680EF096
:1090600027FF002120680EF023FFA068A4F53074CC
:109070000DF0F5FBAE6101E005E002E09EB113E00A
:10908000FEE7FEE7FEE700200FF094FA0746052012
:109090000FF090FA01460C48009000233A46204613
:1090A00012F0EAFCACE7AC61002338220749204605
:1090B000FFF73BFFD4F8080312F0FFFE2046F8BD8F
:1090C000C05C01209D92010894E50308ADB300083F
:1090D00018B100F53A7006F025BDFEE718B907484B
:1090E0008069002809D0D0F8682209B1012101E087
:1090F0004FF0FF311144C0F868127047B85C01208E
:10910000002141637047000018B9034880690028B6
:1091100001D090F840007047B85C01200148806998
:1091200070470000B85C012010B90348806908B19D
:109130008069704782207047B85C012018B100F543
:109140003A7006F03EBCFEE718B100F53A7006F042
:109150003EBCFEE718B908488069002808D090F89E
:10916000001301F00701012903D0032901D0006891
:109170007047406870470000B85C012018B9034888
:109180008069002801D0D0F8CC027047B85C01207B
:1091900018B903488069002801D0D0F8C002704790
:1091A000B85C012018B903488069002801D0D0F8C4
:1091B000C4027047B85C012018B9044880690028CF
:1091C00003D090F80003C0F3C0007047B85C0120E2
:1091D000044A18B1014610460AF00CB910460AF0CC
:1091E000F7B80000C05C012018B903488069002866
:1091F00000D0006870470000B85C012018B903482F
:109200008069002800D0406870470000B85C0120E9
:1092100018B903488069002801D0D0F8C802704707
:10922000B85C012018B903488069002801D0D0F843
:10923000D0027047B85C012008B902488069D0F8B4
:1092400004037047B85C012018B9084880690028F9
:1092500008D090F8001301F00701012903D0032979
:1092600001D040687047006870470000B85C01207A
:10927000006A002800D001207047000018B9064895
:109280008069002804D0D0F86802002801DD0120A0
:109290007047002070470000B85C01202DE9F041C4
:1092A000424C28B1C168616112F002FE606902E0BF
:1092B000FFF734FF6061002876D0816A002973D0FF
:1092C0000A69002A70D0C96800296DD000223921AE
:1092D00000F0B0F8002867D06069D0F8C8020FF03D
:1092E0000BF96069D0F8D00208B10FF005F9606998
:1092F000D0F8CC020FF000F96069D0F8C4020FF08A
:10930000FBF86069D0F8C0020FF0F6F8606900263B
:10931000D0F8C81291B10FF061FC15F0C1FE15F044
:10932000BDFC6069D0F8641251B1FFF7A1FF50B3E2
:10933000606990F83D0001280BD024E0C0F8646219
:1093400005F0D6F86069BDE8F04100223A2100F04E
:1093500071B800254FF0440810E000BF05F5117109
:10936000415C51B900F51B700AF0A6F8626908EB80
:10937000051111448EC980E88E006D1C6069D0F81B
:109380006412A942EAD860694FF4007200214430A7
:109390000AF051FA60692022002100F511700AF0EC
:1093A0004AFA6069CAE7FFE7BDE8F081B85C0120CE
:1093B00010B5040002D10D48846944B1134641221E
:1093C0002046FFF7B2FDD4F8200310B106E00020DC
:1093D00010BD22464221104600F02CF8D4F820039C
:1093E000401CC4F82003012010BD0000B85C01201F
:1093F0002DE9F04190460E4607001AD0FFF79EFE79
:109400000025401E040011D421463846FFF79CFE7B
:1094100050B10168B14207D14168414504D12146AC
:109420003846FFF755FE6D1C641EEDD52846BDE895
:10943000F081FEE71346024600F53A7006F04ABB9B
:109440002DE9FF5F1F46DDF838B016465FEA0109D7
:10945000804616D04046FFF757FE03904046FFF780
:10946000C3FE82464046FFF7C9FE0546BAF1000F2B
:1094700008D03DB14846039900F098FB484502D01A
:10948000FEE7FEE7FEE736B13046039900F08EFBBB
:10949000B04200D0FEE75046039900F02BFE044690
:1094A000BBF1000F04D004FB05F0B84204D9FEE77D
:1094B000CCB1B7FBF4F5BDB1CDE9004908F51E709C
:1094C00002972A4651468146039B00F075FD8DE8C0
:1094D000D00008F525702A4651460446039B00F04B
:1094E0006BFD1EB901E0FEE7FEE700242246494677
:1094F000404600F029F85946404600F03FF8D8F8B9
:109500003C0040F00071C8F83C10BDE8FF9F00002F
:1095100018B90C488069002812D080F84010D0F8A3
:10952000B02282F84C10C26902B15170026A02B1D5
:109530005170426A02B1517000223721FFF77ABFA1
:1095400070470000B85C012018B9064880690028FF
:1095500006D0C0E907128162C16B21F00071C163BE
:1095600070470000B85C012018B9034880690028E2
:1095700000D0C16270470000B85C012018B90348F0
:109580008069002801D080F83D107047B85C012048
:1095900010B5040002D10C4884695CB12046FFF785
:1095A00027FF002807D0D4F82013081AC4F8200396
:1095B00002D006E0002010BD002242212046FFF725
:1095C00039FF012010BD0000B85C012000B501008A
:1095D0004FF000000ED0FFF7A7FD48435030B0F524
:1095E000A07F08DB0020FFF79FFD4843A0215030FB
:1095F00090FBF1F000BD012000BD2DE9F0410446D3
:10960000702015460E460C2A3BD2DFE802F03A06DF
:10961000080A0C0E17171012141654200EE02C20F6
:109620000CE038200AE0502008E06C2006E04020E2
:1096300004E03C2002E0682000E03420603009F0C3
:10964000EBFFF8B196E88E0000F1080888E88E007C
:109650004ECE00F11807846487E84E0004F134010F
:1096600020374EC987E84E0094F84E1080F8581005
:10967000057100F16001416501210165616811B169
:1096800005E0FEE7FEE76060BDE8F08111460A688C
:10969000002AFBD10860F7E77FB5064691F83A004B
:1096A0000C46022826D9206A002823D0D4E90901D3
:1096B00088421FD0208FE16A0922091A0091216B8C
:1096C000081A0190218FE06A0844401E0290218F01
:1096D000206B0844401E039069463046FFF78DFF1B
:1096E0000546406D3C22214609F0EAFF29463046F6
:1096F00000F0B0FD7FBD38B504463C2200210AF0E1
:109700009AF801202062FF2084F83A00FFF762F9FE
:109710000090BDF80000A0839DF80200A0773C20D7
:10972000606138BD2DE9FF5F8246DDE910E48B46BC
:10973000DDE90E800AEB020C03F5B475CDF804C028
:109740001E460BEB020C9146AAEB0203ABEB0207A1
:10975000CDF808C0A84505D1C4E900370198A0603C
:10976000029815E14FF4B475AE4201DDA6F5B4766A
:10977000A84501DDA8F5B478A9EB000100915FEAE6
:109780000E0104D000EBD07045106D1C00E00025E8
:109790005A2196FBF1F098FBF1F1C0B2C9B204284E
:1097A00000D10320042900D10321884279D1464504
:1097B00077DC38B301284AD0022874D003286ED150
:1097C00006F15A0000B212F0A5FC009948430AEBDA
:1097D000E030401B206030B212F09CFC00FB09F02E
:1097E0000BEBE030401B606008F15A0000B212F051
:1097F00091FC00FB09F00AEBE0302844A0600FFA6E
:1098000088F021E130B212F085FC00995A364843C5
:109810000BEBE030401B606030B212F07BFC00FBD1
:1098200009F00AEBE0302844A0600FFA88F012F04B
:1098300071FC00FB09F00BEBE0302844E06008F11C
:109840005A0000B212F066FC0099484323E030B29F
:1098500012F060FC00FB09F00BEBE03028445A36B4
:10986000E06030B212F056FC009948430AEBE03059
:109870002844A0600FFA88F012F04CFC009948438D
:109880000BEBE030401B606008F15A0000B212F0B0
:1098900041FC00FB09F00AEBE030401B2060BDE812
:1098A000FF9F2AE0FFE706F15A0000B212F032FCF7
:1098B00000FB09F00AEBE030401B206030B212F0F0
:1098C00029FC009948430BEBE0302844E0600FFA94
:1098D00088F012F01FFC00FB09F00BEBE030401B9E
:1098E000606008F15A0000B212F014FC009948437D
:1098F0000AEBE0302844A060D1E7C8B1012849D084
:10990000022872D003287FF427AF0029FBD108F189
:109910005A0000B2039012F0FDFB074606F15A0010
:1099200000B2029012F0F6FB87427CDA039893E0D3
:109930000129E8D108F15A0000B212F0EBFB00FB5C
:1099400009F00AEBE030401B20600FFA88F001902C
:1099500012F0E0FB074630B2804612F0DBFB874294
:1099600001DA019800E0404612F0D4FB00995A3623
:1099700048430BEBE030401B606030B212F0CAFB92
:1099800000FB09F00AEBE0302844A060029828446C
:10999000E06084E70229B6D1581B20600FFA88F0F6
:1099A00012F0B8FB00FB09F00BEBE030401B6060ED
:1099B00006F15A0000B2019012F0ACFB074608F124
:1099C0005A0000B2804612F0A5FB874201DD0198E3
:1099D00000E0404612F09EFB009948430AEBE0305D
:1099E0002844A06030B24DE0FFE703298BD106F197
:1099F0005A0000B212F08EFB00FB09F00AEBE030D7
:109A0000401B2060781B606008F15A0000B212F021
:109A100081FB00FB09F00AEBE0302844A0600FFA5C
:109A200088F0804600E016E012F074FB009900FB1D
:109A300001F730B2064612F06DFB009948438742A9
:109A400001DD404600E0304612F064FB00994843D7
:109A50000BEBE0309BE7029812F05CFB0099484367
:109A60000AEBE030401B206030B212F053FB00FBE9
:109A700009F00BEBE030401B606001982844A060C7
:109A80000FFA88F012F046FB00FB09F0E0E710B592
:109A900004462C2109F003FFFF2084F828000F2042
:109AA00084F829002C20606110BD2DE9F0470D4697
:109AB00004000AD0206948B1606887B2060C2068AB
:109AC000010C890626D515B107E0FEE7FEE7C0F3D5
:109AD0000721384600F00EFB0546208980B2A842D7
:109AE00002D10120BDE8F0872088C0F30720FEF7EF
:109AF0009AFF7843C01D4FEAD00A55450AD3208803
:109B00002B46C0F3072231463846EBF74BFAE168A3
:109B1000814201D20020E5E72088C0F30720072812
:109B200017D0082817D0092817D00A2817D00020E6
:109B3000218980008BB2AB4223D2711E226900279B
:109B400003FB012305FB012103EB000908448046C8
:109B500014E00220ECE70420EAE71020E8E74FF4E5
:109B60008070E5E75246494609F044FE20897F1C93
:109B700081B2A8EB0500A9EB01098046B742F1D3F9
:109B800012E02169002708448146C8460AE052468F
:109B9000494609F02FFEA16819FA81F908EB050082
:109BA00080467F1CB742F2D325819AE70A460146D8
:109BB000014800F003B80000845D012030B4C368A0
:109BC0000C461BB1204630BC1146184730BC002063
:109BD00070472DE9F04389B08846040037D02089CA
:109BE000B8F1000F86B233D0002004900590A08811
:109BF0004FF0FF3180B2401E0690606804AA01EB6E
:109C00001040079041466846FCF75AFC002837D0C0
:109C10006846FCF743FC002832DD6846FCF72FFC61
:109C200000282DDDDDE90012204600F078F9054618
:109C30002088C0F30720FEF7F6FE07466846FCF7CB
:109C40002DFC7843C01D4FEAE009019F11E0FEE7BB
:109C500000221146204600F062F96168090C714348
:109C600009F019FE08E04946284609F014FE35447B
:109C70007F1C0398B842F6DA4146204600F021F9ED
:109C800009B0BDE8F08300002DE9F84F88B10188E4
:109C9000C1F30721CA1F032A1ED807290AD00829A1
:109CA0000AD009290AD00A290AD000250024066909
:109CB0000FE0FEE70225F9E70425F7E71025F5E7B1
:109CC0004FF48075F2E700BF06EB8400FFF74BF816
:109CD000641CAC42F8DB5DE0102904D014291CD0D0
:109CE00013293DD056E0416800274FEA11498EB252
:109CF0000189D0F810801FFA81FA0BE04446002554
:109D000004E02046FFF72FF8241D6D1CB542F8D360
:109D1000D0447F1C4F45F1D33CE0416800274FEA17
:109D200011481FFA81F901891FFA81FB4FEA5B0193
:109D3000009104690BFB084A0FE02646002506E067
:109D40001AF805103046FEF77FFB6D1CB61C4D451A
:109D5000F6D300995C448A447F1C4745EDD319E053
:109D6000416800274FEA11498EB20189D0F810806E
:109D70001FFA81FA0CE04446002505E0A178204650
:109D8000FEF762FBE41C6D1CB542F7D3D0447F1C88
:109D90004F45F0D30120BDE8F88F30B438B1846965
:109DA00034B1A4682CB12AB1A44630BC6047FEE7A8
:109DB000FEE7FEE7FEE7000008B5009313460A46FB
:109DC0000146024800F004F808BD0000845D01204F
:109DD0002DE9F05F81461D4693468A461C20DDF83A
:109DE000288009F019FC040003D0B8F1000001D06C
:109DF00005E0FEE72946504600F07CF98046034620
:109E00002A4659465046EBF7CDF8D9F800200746C8
:109E10002946CAB19047060016D0A4F804A0A4F8B9
:109E200006B0657030206080A4F80880192020708A
:109E300029463046FFF7BAFE04F11001E76081E8D9
:109E400041022046BDE8F09F204606F071F900204F
:109E5000F8E710B504000FD02068000CC0060DD53F
:109E6000A06950B1616942680AB10846904720462E
:109E7000BDE8104006F05CB9FEE7FEE710BD38B55E
:109E80000C46098989B200912188C1F307236168D2
:109E90000A0C89B2FFF79CFF051E11D02068302103
:109EA000000C6880286841EA10406880E068EA6831
:109EB000904200D202462169286909F001FC284637
:109EC00038BD7FB5050006D0AC692CB160690028AB
:109ED0000BD011B106E0FEE7FEE769462846F1F730
:109EE000EDFE69466269284690477FBD3EB50C4647
:109EF0000546D4E90301228992B20092CDE901100E
:109F00002088C0F307236068020C81B2284600F065
:109F100053F8012802D12168090C69803EBD70B553
:109F20000C4640B141688BB2A34202D9B2EB114F4B
:109F300002D3002070BDFEE703880169C3F3072345
:109F4000072B14D0082B14D0092B14D00A2B14D0B3
:109F50000025008901EB850180B200FB02157CB170
:109F60001846FEF760FD604305EBD00070BD02258A
:109F7000EFE70425EDE71025EBE74FF48075E8E700
:109F8000284670BD2DE9F05F0F460AA91D4691E8ED
:109F9000000F164604461C2109F07DFC04F108015F
:109FA00081E8200FC4E90076BDE8F09F006811EA5F
:109FB000104000D0012070472DE9F047894608A9DC
:109FC0009A4691E860011746040004D01C2109F06C
:109FD00062FC0DB105E0FEE75146484600F08AF804
:109FE000054605FB07F0404502D90020BDE8F08793
:109FF000A4F80490E78084F801A025810020608007
:10A0000019202070C4E9038604485146C4E905605C
:10A010003046FFF7CBFD0120E8E70000845D01201A
:10A0200010B5064800F00CF804481C3000F008F8A1
:10A030000248BDE81040383000F002B8845D0120CD
:10A040001FB50021054A064BCDE90031CDE90212CA
:10A05000044B054A0549FFF795FF1FBD899A030880
:10A060006B950008779500086F96000873960008B6
:10A0700010B5040004D02068000CC10703D100E033
:10A08000FEE7800601D4002010BD2046FFF7FCFD4E
:10A090002068012141EA10406080084610BD2DE98A
:10A0A000F0419846069D17460E46040012D016B998
:10A0B0002088C0F3072625B93146104600F01AF86B
:10A0C00005462B46324641463846EAF76BFFE168C3
:10A0D000814202D20020BDE8F0816670A780A4F81A
:10A0E000068025812046F6E7026841EA1241418058
:10A0F000704700000A460146014800F003B800001E
:10A10000845D012030B483690C461BB1204630BC0D
:10A110001146184730BC00207047000010B509F008
:10A120007BFA60B10649D1F834210260C1F83401EC
:10A13000D1F83821521CC1F83821826010BDFEE7E9
:10A14000B85C012070B500260EF0FEFC05000DD0B5
:10A15000D5F8B04206E02146284600F00FF800B1DD
:10A160000126E468002CF6D1002E03D1024901201B
:10A17000C1F8400170BD0000B85C01202DE9F0413C
:10A1800007460E4600254868294605E00468026D2A
:10A19000042A0ED0054620460028F7D11C4AB06894
:10A1A000002520B196F84D300BB1736853B1F9B961
:10A1B0001CE03946F0F7ACFC01210DB12C60EAE758
:10A1C0007460E8E740680EE0017907290AD1016D63
:10A1D00041B9416DC969B14204D101210165C2F89B
:10A1E000401112E000680028EED10EE0706860B106
:10A1F000D2F8344107E0E268314620469047401CDF
:10A2000000D001252468002CF5D12846BDE8F08156
:10A21000B85C012002490120C1F8400170470000EC
:10A22000B85C0120044800BFD0F840110029FBD0E1
:10A230000021C0F840117047B85C012010B50446F9
:10A24000542109F02CFBFF2084F820005420606189
:10A2500010BD00002DE9F0414E6D204D0C463061DF
:10A2600095F848014FF06408002705F59A7520B16C
:10A2700084F85A8084F859702BE0306860B14FF44C
:10A2800000210BF067FF38B10120287522462221FA
:10A2900030680DF0C6FC2F7584F85A8084F8597028
:10A2A00004E02A6912B12146284690472D68002D06
:10A2B000F7D194F8590018B1BDE8F041FFF742BF5B
:10A2C00004202065BDE8F0812A6912B121462846A4
:10A2D00090472D68002DF7D1F4E70000B85C01200D
:10A2E000074BD3F83831012B01D000F00BB8406890
:10A2F000002803D0016D012900D000207047000024
:10A30000B85C01202DE9FF410646406817460D461E
:10A31000D8B10EF019FCFEF71DFF04460EF014FC38
:10A32000FEF792FF01467068026D012A0DD0826827
:10A33000002A0ADC0269641EA24206DBC268002A07
:10A3400003DC4069491E884224DA0DB12C681FE005
:10A3500074681DE094F85900B84200D0B8B9206D77
:10A36000012814D104F11808756818E0286D042834
:10A3700014D0286D022803D195F85910B9420DD098
:10A38000424605F118016846FCF79AF830B1246896
:10A39000002CDFD1002004B0BDE8F0812D680DB1A4
:10A3A000A542E3D12046F6E73022002109F043BA66
:10A3B0002DE9F0478146C869C2B015460C46002811
:10A3C0004DD094F85000022849D9606B002846DD32
:10A3D000A06B002843DD702216A809F071F91EA9B0
:10A3E0001D9806F0A9FB012839D12F986FF0604124
:10A3F000C84204D195E80F002DAE86E80F001E98E4
:10A4000004F14406000C40062CD406222946484696
:10A41000FFF7F3F80746406D702216A909F050F9CE
:10A420002846FCF72CF880462846FCF737F801460A
:10A43000208FA28E80B292B2CDE90020029607F161
:10A440001800236B4246044606F006FAD5E90012CE
:10A450002046FCF77AF939464846FFF7FBFE42B042
:10A46000BDE8F087002203A81D9906F08FFB0128A4
:10A47000F5D1039800287DD0006900287FD095E8A9
:10A480000C11D9E906A00DF1C80ED9F81470D9F84D
:10A4900020108EE80C1122680DF1F00E143292E8B3
:10A4A0000C118EE80C11D9F80820DAB132A93CAAB7
:10A4B0000846FCF705F8002861D028686B68C11BC6
:10A4C000A3EB0A02091AD21A32A8FCF73EF932AEFF
:10A4D00009F1340096E81E0080E80E0032A8C9F8A1
:10A4E000404042E0CDE93801CDE9367A36A932AABA
:10A4F0000846FBF7E5FFE8B32846FBF7C0FF074631
:10A500002846FBF7CBFF0146208FA28E80B292B285
:10A51000CDE9002002963A4632A8236B06F09CF95A
:10A52000D5E9001232A8FCF710F92846FBF7A7FF7F
:10A5300007462846FBF7B2FF0146208FA28E80B265
:10A5400092B2CDE9002002963A4636A8236B06F077
:10A5500083F9D5E9001236A8FCF7F7F836A93CAA2A
:10A560000846FBF7ADFF28B136A80090039816AB5C
:10A5700032AA00E003E0046903A94846A04703A803
:10A5800006F0A4FA6BE7000038B5044670220021FB
:10A5900009F051F9FEF71EFA0090BDF80000A4F88A
:10A5A0004C009DF8020084F84E00FF2084F8500013
:10A5B000401C44F8340F6060A08B40F48050A083AE
:10A5C00002482063702044F8200C38BD010000E0F0
:10A5D0002DE9F0419EB01E000D468046144653D032
:10A5E0002068039060680490A0680590E068069079
:10A5F000286B38B9696B4FF48070814202D1A96B26
:10A60000814225D01046FBF749FF07462046FBF75D
:10A6100036FFAB8E298F02469BB205F1440089B20A
:10A620000093CDE90110394603A82B6B06F014F90D
:10A6300003982168084403900498616808440490D2
:10A6400005982168084405900698616808440690BA
:10A6500008F1380203A91AA8FBF732FF002813D02B
:10A66000002207A8E96906F091FA01280CD11AA87E
:10A67000CDE90040002307AA294602964046F7F795
:10A68000C9FD07A806F022FA1EB0BDE8F08100005F
:10A690002DE9FF4FA3B05FEA030916460C465CD0D4
:10A6A000002207A8E16906F071FA012855D1606A15
:10A6B00085B2070C04F15C00FBF7F0FE002803DB19
:10A6C00004F15C000FC801E096E80F000DF10C08E2
:10A6D00088E80F00294603A8FCF74EF8394603A87E
:10A6E000FCF745F81E480DF1680ADDF80C800FC82C
:10A6F0008AE80F002AE0324603A91EA8FBF7E0FE15
:10A7000048B1CDF800A0CDE901B91AAB07AA21469E
:10A710002398F7F77FFD0398284403900598284471
:10A72000059003E00DF10C0A0DF1780B0398B16868
:10A730008842E0DD0498CDF80C80384404900698F7
:10A740003844069008EB0500401E05900498F16817
:10A750008842E7DD07A806F0B9F927B0BDE8F08F19
:10A7600024B0030870472DE9F041074691F85A00DC
:10A7700013460C46022825D9E069002822D000782B
:10A7800000281FD0A06A00281CD005221946384690
:10A79000FEF733FF0546406D6C22214608F090FF1E
:10A7A00094F85D00C00706D06E6D616DE0690FF032
:10A7B00006FBF06128B129463846BDE8F041FFF7B5
:10A7C00049BDFEE7BDE8F08138B504466C220021A2
:10A7D00009F031F8FF2084F85A001434FEF7FAF833
:10A7E0000090BDF8000020839DF80200A0764FF095
:10A7F000FF302064104860614FF6FF70206344F81A
:10A80000340FFEF7E7F80090BDF80000A0809DF837
:10A810000200A07105200DF0CDFE0090BDF80000F3
:10A82000A4F807009DF802006072002060746C209C
:10A8300044F8340C38BD000094E503082DE9FF4FBF
:10A840008346D9B0456D886A0C4602900BF13802F8
:10A850004EA85B99FBF734FE00287DD094F8580091
:10A86000B0F1000901D14FF0010994F85C004FF0FC
:10A870000008C008C00739D0286820B14FF4002173
:10A880000BF068FC88B3CDF8AC80CDF8B080CDF883
:10A89000B480606B2A90206B2B906FF060402C90FE
:10A8A00094F85C002AABC0088DF8B40005A8A26A31
:10A8B000E16910F05BFA05984C90029805F022FCD3
:10A8C0000746206B38442F905B98D0E9001203A80C
:10A8D0000DF075FFA06B3E90E06B049900250144DC
:10A8E0000491216E31B338B124E003E05B98FBF7AB
:10A8F000D5FDE1E7206ADFE75B984268002A19DAB4
:10A900008B68981A002800DCD01A2F9A4FF48063C5
:10A91000524203EB4202904202DD4FF0FF300860EA
:10A92000216E086831B1002804DB0546049A4868A6
:10A93000104404900020666D339034903590606B25
:10A94000329094F85C000DF1C80AC0088DF8D4006C
:10A950004C98CDF800A000E0A7E03490E069002317
:10A9600028443146029A10F0D3F800EB05082AE09B
:10A97000A8EB0500361ACDF800A0E069002340449A
:10A980003146029A10F0C4F8454600EB05080499D8
:10A990002F9808440490206E88B1049911F5806FB7
:10A9A0000DDB016800290ADA05605B9804994068AC
:10A9B000081A216E48605B98216E40688860E069E3
:10A9C000405D002871D00498C119DBF83C00814239
:10A9D000CEDB4846CDF83491B9F1020F02D00328FE
:10A9E00013D022E0E069A8EB0501284432AB029ABB
:10A9F00010F019FA07465B98FBF750FDC01B03994E
:10AA000000EBD07001EB60000EE0E069A8EB0501FF
:10AA1000284432AB029A10F006FA07465B98FBF71F
:10AA20003DFDC11B039808440390D4E9119AD14518
:10AA300002D94846D146824608A8FFF7B5FC94F8EB
:10AA40005A008DF8370036A80B90A08DADF8340071
:10AA500094F82E008DF83600206C109040A80C90D1
:10AA6000A06E0F9094F85B008DF83B00B4F8640082
:10AA7000ADF8380094F866008DF83A0014A83C341C
:10AA8000FFF7DCFBA07F8DF8700002983C3C90F94A
:10AA9000160000B90120309000202D904890FDF75D
:10AAA00099FF4B9000205290C8E1D2E13E99039863
:10AAB00008440390539000202990E06928443F9077
:10AAC000A8EB05002A905CE10020A9F57F410090E9
:10AAD000FF390AD0AAF57F41FF3906D0DE4A29980E
:10AAE00029181268E0699047009029AB4AAA31A959
:10AAF0003F980FF0F5FF94F85C00C00800077DD583
:10AB00003198232803D04899012914D005E04898AA
:10AB100030B1012808D002280AD00020529067E006
:10AB200029982D90012004E000204890529065E083
:10AB30000020489025E1202802D00020529020E1FA
:10AB40005298C0B10020529029992D98081A0728D0
:10AB500013D094F82E008DF82E0194F82C008DF867
:10AB60002C0194F82D008DF82D0102204890529868
:10AB70000028A8D137E00120E5E72D993F9806226B
:10AB8000014448A808F09CFD00208DF826019DF89E
:10AB90002101F6F725FA07469DF82001F6F720FA7D
:10ABA00007EB0010C0B22E909DF82301F6F718FABB
:10ABB00007469DF82201F6F713FA07EB0010C0B222
:10ABC0004B909DF82501F6F70BFA07469DF82401F6
:10ABD000F6F706FA07EB0010C2B24B992E98FDF774
:10ABE000ACFF4B90C1E794F85C00C008000705D5A6
:10ABF0004898022802D10098C01F009040A94A9BA3
:10AC0000319A029805F084F9319810F0AFF908B143
:10AC1000002101E0BDF804112E91606B039A00EB56
:10AC2000D070A2EB6000369004983790606B0A44B5
:10AC3000401C00EBD0714FF0FF3000EB610010447E
:10AC400038902F980499401E08443990DDE9290175
:10AC5000814256D894F85C00C00723D05398549092
:10AC60002E980399401E084456900298049954ABBC
:10AC7000C06814AA014402980069091A029890F960
:10AC80001500091A30985591401E08445790A08D20
:10AC9000ADF8710094F82E008DF873005C9F0021D0
:10ACA0005846B84794F85C0080072AD553985490CA
:10ACB0002E980399401E084456900299029854AB6E
:10ACC000D1E90321511A4900032291FBF2F190F9D5
:10ACD000160014AA00EBD07001EB60000499084440
:10ACE000014655903098401E08445790A08DADF80D
:10ACF000710094F82E008DF873005C9F0021584677
:10AD0000B8474FF6FF7081451DD082451BD0009893
:10AD1000484518D3504516D2B4F84C00ADF834006D
:10AD200094F84E008DF83600B4F84F00ADF871007D
:10AD300094F851008DF873005C9F36AB14AA002183
:10AD40005846B8470AE04898022845D0A08DADF88B
:10AD5000340094F82E0000BF8DF836005C993198CD
:10AD6000CDE9000103AA08A95846029B04F004FAA1
:10AD70002E98002805DD0398616B08442E9908443D
:10AD800003902998B04203D22A9981423FF69CAEA3
:10AD900000203B903C903D90606B3A9094F85C00B2
:10ADA0004546C0088DF8F4004C983C902A98361A15
:10ADB00009D03AA80090E069002328443146029A5D
:10ADC0000FF0A6FE80445B98006803904D9802281F
:10ADD00009D003281AD029E0BDF82C01ADF83400C1
:10ADE0009DF82E01B8E7E069A8EB050128443AABCD
:10ADF000029A10F018F807465B98FBF74FFBC01B50
:10AE0000039900EBD07001EB60000EE0E069A8EB65
:10AE1000050128443AAB029A10F005F807465B9802
:10AE2000FBF73CFB0399C01B0844039004992F983F
:10AE300008440490DBF84410884205DC26B1E06940
:10AE4000405D00287FF432AE1398002801D0FFF750
:10AE500000F85DB0BDE8F08F6CEA03082DE9FE4311
:10AE60008146486B16460C46002842DDA06B002840
:10AE70003FDD072231464846FEF7BFFB476D0546DA
:10AE800070222146384608F01BFC00202865304619
:10AE9000FBF7F5FA80463046FBF700FBA38E228FC6
:10AEA00001469BB204F1440092B20093CDE9012027
:10AEB000424605F118008046236B05F0CDFCD6E92B
:10AEC00000124046FBF741FC786E6FF06041C842CB
:10AED00004D196E80F005C3787E80F00E069012194
:10AEE00080F84D1003B029464846BDE8F043FFF70F
:10AEF000B1B9BDE8FE8300002DE9F04104460068C9
:10AF000010B10069BDE8F08104F114000546FBF7BB
:10AF1000C5FA07462846FBF7B2FA064694F84C10E5
:10AF20003846FFF7E7F800FB06F594F84C200023BD
:10AF300031463846FEF740FF20600028E2D008483E
:10AF4000D0F83C112944C0F83C1194F84C00FDF7AE
:10AF5000A1FD18B100212068FEF73BFE2068D0E774
:10AF6000B85C01202DE9F041054616460F465020F9
:10AF700008F052FB04000ED033463A46294600F052
:10AF80000EF82DB195F84E0084F84E00A86CA06420
:10AF90002046BDE8F081FEE70068FEF7C0BF2DE95E
:10AFA000F0411E4690460F46044607F07DFF0DF027
:10AFB000CBFDA760054696E80F0004F1340C14346D
:10AFC0008CE80F0096E80F000FC496E80F000FC43E
:10AFD000284684F81880D5F8B422343C0AB12146BA
:10AFE0009047D5F8B00208B906E00846C1680029C4
:10AFF000FBD1C460BDE8F081C5F8B042FAE77FB587
:10B000000B6B0C460546002B30D094F83C00022810
:10B010002CD9E169606A814201DA0A4600E0024601
:10B02000A2EB0302009200DD084618440290216A58
:10B03000A06A814200DA0846216B401A0190216A19
:10B04000A06A814200DD0846216B08220844039073
:10B0500069462846FEF7D1FA0646406D4022214651
:10B0600008F02EFB31462846FFF7F4F87FBD38B5CF
:10B0700004464022002108F0DEFB01202063FF206F
:10B0800084F83C00FDF7A6FC0090BDF80000A08508
:10B090009DF8020084F82E004020606138BD2DE943
:10B0A000FF4F81B08B460E9D16461C46E968286905
:10B0B000571AAA6805F11809ABEB020305F1500A0B
:10B0C000B4285CDA6A69B42A7DDA00287BD0002AC9
:10B0D00079D0904277DDB14259DC696F79434FEA0C
:10B0E000A12CE96B7F1C79438912A0F20F15582D12
:10B0F00001D8002909DB451E592D01D8002904DBA0
:10B100005B38B32802D2002900DD0021A2F20F1023
:10B11000582801D8002909DB501E592801D80029D8
:10B1200004DB5B3AB32A02D2002900DD0021ACEB3C
:10B13000010001EB60000125C71AA74200DD274688
:10B14000002F0DDD3B4632465946CDF80090019860
:10B1500000F0CDF8050003D13946019808F0AFFBA7
:10B16000A74200DD2746002F00DA0027CDF800A017
:10B170005CE0B54274D1284605B0BDE8F08F66DDCD
:10B180006A69B42A63DD904261DDB14201DA0120CF
:10B19000F2E7696F79434FEAA12CE96B7F1C794391
:10B1A0008912A0F20F15582D01D8002909DB451E80
:10B1B000592D01D8002904DB5B38B32802D20029BD
:10B1C00000DD002100E042E0A2F20F10582801D873
:10B1D000002909DB501E592801D8002904DB5B3AFD
:10B1E000B32A02D2002900DD0021ACEB010001EB03
:10B1F00060000125C71AA74200DD2746002F0DDD9C
:10B200003B4632465946CDF800A0019800F06FF851
:10B21000050003D13946019808F051FBA74200DD33
:10B220002746002F00DA0027CDF800900198E31B95
:10B230000BEB070138441C460746324600F057F82E
:10B24000060096D12146384608F039FB91E70127E0
:10B25000B846B42805D038B109DAB14209DC0AE0B1
:10B2600043E0B14210DC04E0B14202DC0CE0B14248
:10B2700001DC032708E0234632465946CDF800900A
:10B28000019800F034F807466869B42805D050B139
:10B29000E8680DDAB04203DC0CE0E868B04205DD96
:10B2A0004FF0030802E0E868B042F9DDBFB10EE0FC
:10B2B000B042F5DD234632465946CDF800A001984C
:10B2C00000F015F8804657B1B8F1000F07D0032FF2
:10B2D00002D0012F05D008E0B8F1030F05D10020FE
:10B2E0004AE74046B8F1010FFAD0022044E7F8B52A
:10B2F000069C256AE66A521BE569491B94F834509E
:10B300004FEAC57526B1009475B3F9F72FFFF8BD64
:10B310007DB1207E410725D000F00700012821D013
:10B32000022801D1002A1DDB032827D1002A19DCBD
:10B3300024E0247E04F00702022A13D0032A11D04D
:10B34000012A01D100290DDC620701EB030207D0BD
:10B35000002A13DB49420FD50021002B0EDD0FE040
:10B36000002A02DA0120F8BD10E04A4206D49A42CF
:10B370000ADA991A104405E0994201DB0020F2E74D
:10B38000994201DA08F09BFA0220ECE7F9F798FFFE
:10B39000E9E72DE9F04F8DB08046DDF858900E4674
:10B3A0001C4699F81C00174600F0010A07A809F18D
:10B3B0000801D9F81850FAF7C3FF0898BAF1000F3E
:10B3C00029D0B84249DC0A98B84246DB07984119AF
:10B3D000B14204DC099A3119521B914207DD0899E8
:10B3E0002944B9423DDC0A99491BB94239DBBAF11B
:10B3F000000F16D0801B00D50020A0422FDC099939
:10B40000891B091A491C4218A24200DD211A002991
:10B4100025DB4044E3E0B84211DC0A98B8420EDB79
:10B42000D4E7871BA7420ADC002F03DB39464046DE
:10B4300008F045FA0998851B6D1C002D03DC0020DF
:10B440000DB0BDE8F08FA54204DA611B08EB0500E2
:10B4500008F035FA1FB9A54201D10120F0E702201A
:10B46000EEE7801B019007A8FBF718F8069007A8E5
:10B47000FBF705F80899791AA94202DA681A401E02
:10B4800001E0401B081AD9F82010022303EB400307
:10B49000CA684FF00007D35A32F810209E1A8B6802
:10B4A000496802EB010B069A019933F81000114428
:10B4B000491B01EB0009019929440D1A6D1EBAF1CF
:10B4C000000F21D069E0F11B01EB0B0010F8010C1B
:10B4D000049009EB07005FEA000A08D4A24506DAE7
:10B4E00018F80A10049811F094F908F80A00B5EB5E
:10B4F000070A08D4A24506DA18F80A10049811F0D1
:10B5000088F908F80A007F1CB742DCDB09EB07006A
:10B51000A04201DA014600E02146002901DA0020BC
:10B5200002E0A04200DB2046211A404408F0C7F99F
:10B53000A91B481CA04201DA4A1C00E02246002A4E
:10B5400001DA002104E0A04201DA491C00E02146B2
:10B55000404644E0F11B01EB0B0010F8010CC0F178
:10B56000FF00049009EB07005FEA000A08D4A24537
:10B5700006DA18F80A10049811F04BF908F80A00D6
:10B58000B5EB070A08D4A24506DA18F80A100498A1
:10B5900011F03FF908F80A007F1CB742DADB681C9B
:10B5A000A04201DA691C00E02146002901DA0025E9
:10B5B00004E0A04201DA6D1C00E02546A9EB05017C
:10B5C000621B914201DA084600E01046002801DAC9
:10B5D000002102E0914200DB114608EB050008F073
:10B5E0006EF93CE72DE9F0410546884690F84C009D
:10B5F000FDF750FA002829D00B2205F11401284646
:10B60000FDF7FBFF0646406D3422414608F058F82E
:10B61000746D2561206898B14FF4002739460AF00F
:10B6200099FD68B1394620680CF01AF8324622219B
:10B63000D8F800000CF0F5FA3946206808F07FFBD6
:10B6400031462846BDE8F041FEF704BEBDE8F08172
:10B650003422002108F0EFB82DE9F74FD1F884002B
:10B6600092B016460C46B8B194F83110022913D99D
:10B67000012809D1D4F89000002805DCD4F888000E
:10B6800010B9D4F88C0038B15FF0010194F82E00A5
:10B69000022803D8002202E00021F7E701229146A8
:10B6A00094F82B20022A24D9226A12B3012292464E
:10B6B00094F82F20022A1ED9226FE2B194F8742048
:10B6C000930618D4D20616D001220A9294F830209C
:10B6D000022A12D9A26F82B1012201279346FF28C4
:10B6E00015D394F84300000716D0002094F84220A8
:10B6F00010E00022DBE70022E7E70022EDE700BFD1
:10B7000000EB8003234493F83B30FF2B01D000274C
:10B7100002E0401C8242F3D8F1B303223146129872
:10B72000FDF76BFFD4F890108046456D18300A463F
:10B7300084340490FAF7B7FE216804980A46FAF7B1
:10B74000B2FED4E90112843C0498FAF7FEFF1C22F1
:10B7500021462846E5F7D6FA38206861E069E861B5
:10B76000B4F88000288494F8820085F82200D4F888
:10B7700084006862D4F89000A86294F8310085F8DB
:10B780003400D4F88800E862D4F88C00286385F887
:10B7900035704146129800E001E0FEF75BFDB9F11B
:10B7A000000F4FD096E80F0002AD85E80F00206F24
:10B7B00001281EDD94F82F00FD281AD3E069C0B1DE
:10B7C00094F874000299C0F3800211440291039925
:10B7D000C0F340000844039094F874000499C0F347
:10B7E000C000081A049094F8741001F00101581A6E
:10B7F0000590012202A91298FDF7FFFE456D07464C
:10B800002846FEF71BFD1C2221462846E5F77AFA5A
:10B8100054206861E069E861608EA5F8210094F821
:10B82000340085F82300302204F1380105F12400AA
:10B83000E5F768FA94F82E0085F82000394612984A
:10B84000FEF708FDBAF1000F7ED0206A05F04FFD2B
:10B8500007004FF0000508D0012F06D00C2102A8E8
:10B8600008F01DF8032F6FD008E002A9206A05F048
:10B8700063F9012868D1E7B3012F3BD06FF0604036
:10B8800010950F900D950E958DF84050D4E9081243
:10B890000DAB0BA80FF06AFA06950B980595401EA4
:10B8A00007900C980023401E0890092205A90095D6
:10B8B0003046FAF73EFC052205A91298FDF79DFED9
:10B8C000456D07462846FEF77FFF1C222146284685
:10B8D000E5F718FA6C206861208DA88594F82A0095
:10B8E00085F82E00606AA862206AE8610520387138
:10B8F00053E0FFE794F82D0010B10622314614E022
:10B9000003984FF0FF3180B2401E079003980595D1
:10B9100001EB1040089006950023092205A9009527
:10B920003046FAF706FC062205A91298FDF765FED7
:10B93000456D07462846FEF727FE1C22214628466D
:10B94000E5F7E0F9702000E02BE045F8140F206ADD
:10B95000A86094F82B0085F83C00208D288794F887
:10B960002A0085F83A0094F82C0085F83B0094F8FA
:10B970002D10A88F02AB61F34D30A887A06E28640C
:10B9800093E8070005F10C0383E80700E069A8616C
:10B9900096E80F00483585E80F0039461298FEF703
:10B9A00059FC0A984FF02C0818B30222314612981D
:10B9B000FDF723FE456D07461C2221462846E5F784
:10B9C000A1F945F8148FE069A860B4F86C00A8816B
:10B9D00094F86E00A87394F82F002875206F2861E2
:10B9E00094F87400394600F01F0068751298FEF74D
:10B9F00031FCBBF1000F40D096E80F0002AD85E8A6
:10BA00000F00D4E91E014218114602A8FAF74BFDB7
:10BA1000022202A91298FDF7F0FD0646456DA16FBE
:10BA200018300A460746FAF73EFDE16F38460A46E7
:10BA3000FAF739FD1C2221462846E5F763F9C5F8D7
:10BA40001480E16947F6FF70814203D0A06F08447B
:10BA5000E16F084445F81C0FB4F87500A88094F80D
:10BA60007700A87194F830002873A06FA8600F20A9
:10BA7000687331461298FEF7EDFB15B0BDE8F08F04
:10BA800038B50446942107F00AFFFDF7C4F9009089
:10BA9000BDF8000060869DF8020084F8340024346C
:10BAA000FDF7B9F90090BDF80000A0829DF80200F2
:10BAB000A075FCF78FFF0090BDF80000A4F81900F6
:10BAC0009DF80200E076FF2565770220A077FCF75D
:10BAD00081FF0090BDF80000A4F848009DF8020026
:10BAE00084F84A00FCF776FF0090BDF80000A4F847
:10BAF0005C009DF8020084F85E00094844F80A0BD7
:10BB000004F8035904F8055B04F8015904F8025BD2
:10BB100004F8435B207820F01F000F30207038BD00
:10BB200094E503082DE9F74F91F83A00ADF5107D43
:10BB30000C4602283CD9256A002D39D0D4E90901E8
:10BB4000884235D0208FA84200DA05460FCA4FAE92
:10BB500086E80F00909A4FA943A83832FAF7B0FC54
:10BB6000002825D0606B47F6FF7828BB606AA16A81
:10BB700000F5B4728A4203D001F5B47188421BD13A
:10BB80007DA8FDF784FF94F83A008DF81C02A08B85
:10BB9000ADF81402A07F8DF816020F2086958DF85F
:10BBA0001D02CDF810824FAA7DA9909801F0ADFA40
:10BBB0000DF5137DBDE8F08F4F9847905098489051
:10BBC0005198499052984A904799206A0144479168
:10BBD0004899084448904998216A401A49904A98DF
:10BBE000216A401A4A90D4E909764FF4B47001E012
:10BBF000A7F5B4778742FBDA02E000BFA6F5B4767A
:10BC00008642FBDA4FF00009CDF82C91CDF8309147
:10BC1000CDF83491CDF838910096D4E90B123B461B
:10BC200018A802F0E9FB18A84B90002342464FA940
:10BC30006BA802F045FD6BA84C9000208A9047A8A5
:10BC4000FAF72CFC00280EDD47A8FAF718FC0028AC
:10BC500009DD0123424647A974A802F031FD74A80A
:10BC60004D9001208A9043A8FAF709FC159043A84B
:10BC7000FAF714FC834607F0ABFC0DF58678824694
:10BC800098E80F000DF10C0888E80F002C2107A898
:10BC9000E5F772F8CDF834A094F83A008DF830004A
:10BCA00003A807900F9000208B90616B99B300223E
:10BCB00057A804F06BFF70B3629860B3CDF84C9155
:10BCC0006298CDF850914FF0FF31808880B2401ECD
:10BCD00055906298406801EB104056906298216B35
:10BCE0008088C0F34E000A1AE16A091A53A8FAF7CD
:10BCF0002CFD53A80B906298006908906298008907
:10BD000080B2099062980088C0F307208DF828005F
:10BD1000142808D012E0FFE7A08BADF83100A07F17
:10BD20008DF833000AE012208DF828000B98FAF7FE
:10BD3000A6FBDDE9081202FB00108B9094F83B0093
:10BD40004FF00008C00750D005FB05F0009007F049
:10BD50003FFC5FEA000819D0FF21009A07F06BFD55
:10BD6000681E8890899005EBD5704210CDF8189226
:10BD7000CDF81C92002386A97DA802F0A1FC7DA825
:10BD8000CDE98C09CDF85C80002012E0FEE7034687
:10BD9000002200958CA8179902F086FB20B92A464C
:10BDA0000021179807F047FD17982844179009F1CC
:10BDB00001008146A842EADB7DA802F0B3FBEAB2AB
:10BDC000218F3BAB38B2F4F7A3FDD4E90B123BA8AB
:10BDD000FAF7BBFCEAB2218F3FAB30B2F4F798FD23
:10BDE000D4E90B123FA8FAF7B0FC0498002602270A
:10BDF000069071E05A46FF21504607F01CFDCDF831
:10BE000000B0DDE9032351464BA802F04DFB8DF84D
:10BE1000380094F83B10C9072DD03C9A0499914200
:10BE200011DB3E9A91420EDC30B950465A46002151
:10BE300007F001FD8DF8387053463BAA03A9404630
:10BE40000095E9F718FA40990498884213DB429963
:10BE5000884210DC9DF8380030B950465A4600211F
:10BE600007F0E9FC8DF8387053463FAA03A9404615
:10BE70000095E9F700FA8B9818B39DF8380000B3E5
:10BE80000B9A04998B985268891A099A520802FBF6
:10BE900001000B9A03991268891A0A18002008E019
:10BEA0001AF80010135C11FB03F10B0A0AF80030BA
:10BEB000401C5845F4DB9DF83800012801D18DF86D
:10BEC000387007A9909800F025F80498401C049059
:10BED0000698401C761C0690159886428ADB18A8A6
:10BEE00002F020FB6BA802F01DFB8A9810B174A829
:10BEF00002F018FB504604F01BF9606B10B157A814
:10BF000004F0E4FDB8F100003FF452AE04F010F983
:10BF10004EE60000F0B50746087D95B00C460228B5
:10BF200019D9A06910B1207F002814D007F1380278
:10BF300068462168FAF7C4FA00280CD0BD6C28685E
:10BF4000008986B295F84C0002F042F8020004D055
:10BF500021463846904715B0F0BD60680027E8B329
:10BF6000694608462269FAF7ABFA0028F3D0226A3C
:10BF70002AB169460846FAF7A3FA0028EBD06846CA
:10BF8000FAF78CFA05906846FAF779FACDE90606D1
:10BF9000207D8DF8310094F828008DF83200A068DB
:10BFA0000B90207B8DF83000207B6668FCF73BFD12
:10BFB0002169019A4B680968D21A0B9B03FB026244
:10BFC000009B591A414302EBD100CDE90970A069E9
:10BFD000002874D0217F012971D000E009E0089089
:10BFE000206A00286CD0A0690890606A002868D197
:10BFF00080E06846FAF752FA05906846FAF73FFA89
:10C00000CDE90606207D8DF82B00B4F81500ADF8BB
:10C010002800E07D8DF82A000997A069F8B1217FFA
:10C0200001291CD0CDF820009DE80F000BAE86E85A
:10C030000F00A8694242686941420BA8FAF785FBE4
:10C040000198A969421A00986969411A2846FEF7C1
:10C05000A3FF04900898A8B1606A10B104E00897A3
:10C06000E2E7206AFAF71AFA0990206A0099026852
:10C070004068891A019A101ADDE9082303FB0020A1
:10C080000844089095F84C1004A811291FD00BDC27
:10C09000062923D0072927D00F2916D010297FF48D
:10C0A0005AAF00F03DF956E712290BD0152918D0E8
:10C0B0001A2910D01B29F6D100F03CFD4BE716E001
:10C0C00017E01AE000F038FC45E7032100E0042106
:10C0D00000F02EFE3FE700F0D9F93CE700F09FFBAF
:10C0E00039E700F06EF836E700F0B0FA33E708976A
:10C0F00011E0FEE7206AFAF7D1F90990206A009969
:10C1000002684068891A019A101ADDE9082303FBC6
:10C110000020084408909DE80F000DAE86E80F004F
:10C12000A8694242686941420DA8FAF70EFB2369EB
:10C1300011AE0FCB86E80F00A86942426869414200
:10C1400011A8FAF702FB0198A969421A00986969D7
:10C15000411A2846FEF720FF049095F84C1004A8D9
:10C1600012291DD011DC0F2920D006DC062922D08F
:10C17000072998D100F006FFEDE6102913D0112908
:10C1800091D1042100F09AFFE5E6142908D0152981
:10C1900014D01A290CD01B2985D100F066FFDAE6ED
:10C1A00000F03AFFD7E600F0B0FED4E60321E9E75D
:10C1B00000F0D4FECFE600F00AFFCCE600F084FEEB
:10C1C000C9E62DE9FF5F044690F81B90D4E90157BA
:10C1D000D4E904600390E06802906846FCF760FDD3
:10C1E0005EB1A069B9F1FD0F76D3FCF793FC60F363
:10C1F00007080020D4F800A069E0A069B9F1FD0F9C
:10C2000034D3FCF787FC8DF80C00FF208DF80D006F
:10C210000026236826E00022A5F1100414E003EBB9
:10C220004201BDF80C00088048808880C8800881E1
:10C2300048818881C881088248828882C8820883B0
:10C2400048838883C8831032A242E8DBBDF80C0023
:10C25000AA4204DA03EB4201521C0880F8E7029874
:10C26000761C0344BE42D6DBBDE8FF9FFCF752FCC0
:10C2700060F3070669F30F26B1460026D4F8008064
:10C280000DE0002406E008EB44016A464846FCF74E
:10C2900055F9641CAC42F6DB0298761C8044BE4221
:10C2A000EFDBE1E700240AE0315D404661F30F2057
:10C2B00080460AEB44016A46FCF740F9641CAC4234
:10C2C000F2DB0398029906448A4409F10100814691
:10C2D000B842E7DBC8E7FFE7FCF71CFC60F30708A0
:10C2E0000020D4F800B017E000240DE0315D11FB10
:10C2F00009F0010A404661F30F2080460BEB440130
:10C300006A46FCF71BF9641CAC42EFDB02988344DD
:10C31000039806440AF101008246B842E4DBA3E731
:10C320002DE9F04F044690F81B80D4E90156D4E97A
:10C33000047091B00690E06808900AA8FCF7C4FC6D
:10C3400040465FB1B8F1FD0F77D3FF21A069FCF73C
:10C3500031FD81460020D4F800A069E0B8F1FD0F5E
:10C360002FD3A069FCF74AFD2368002424E00022B3
:10C37000A5F10F0714E000BF43F8220003EB820190
:10C38000103248608860C860086148618861C8618F
:10C39000086248628862C862086348638863C86349
:10C3A000BA42E9DB03E000BF43F82200521CAA4274
:10C3B000FADB0899641C0B44B442D8DB11B0BDE829
:10C3C000F08F0146A069FCF7F5FC82460027D4F8FF
:10C3D000008011E000240AE008EB84090AAAD9F8D9
:10C3E00000105046FCF7A2F9C9F80000641CAC42EA
:10C3F000F2DB08987F1C8044B742EBDBDEE70024C9
:10C400000EE0395D484661F31F600AEB840B8146FC
:10C41000DBF800100AAAFCF789F9CBF80000641CCD
:10C42000AC42EEDB0698089907448A4408F1010003
:10C430008046B042E3DBC1E7FFE70146A069FCF7B5
:10C44000B9FC82460020D4F800B01BE0002411E0C3
:10C45000395D11FB08F0010A504661F31F600BEBD8
:10C4600084010491824609680AAAFCF75FF90499DD
:10C47000641C0860AC42EBDB0898834406980744D0
:10C4800009F101008146B042E0DB97E72DE9F04F6A
:10C49000044687B0D4E90167C57ED0E904A00590C1
:10C4A000E06804906846FCF724FCFD2D00D3FF25CE
:10C4B0002946A069FCF77EFC8146FF2D21D065F35B
:10C4C0001F68C9F3074010FB05F0000A60F3174826
:10C4D000C9F3072010FB05F0000A60F30F2809F0EC
:10C4E000FF0010FB05F0000A60F307084FEA080B95
:10C4F000BAF1000F07D02068FD2D6BD380460025D0
:10C5000065E0CB46F4E7FD2D15D3A069FCF776FC7A
:10C5100001460023226809E0002002E042F82010D2
:10C52000401CB042FADB04985B1C0244BB42F3DBC4
:10C5300007B0BDE8F08F0025D4F8008012E0002499
:10C540000BE000BF08EB84096A46D9F80010584692
:10C55000FCF733F9C9F80000641CB442F2DB04981C
:10C560006D1C8044BD42EADBE2E7002428E01AF8B3
:10C5700004104846FD2909D308EB840B6A46DBF812
:10C580000010FCF71AF9CBF8000018E0022916D9C0
:10C5900061F31F60C0F3074212FB01F2120A62F35B
:10C5A0001740C0F3072212FB01F2120A62F30F20B8
:10C5B000C2B212FB01F1090A61F30700DCE7641C57
:10C5C000B442D4DB04996D1C884405998A44BD4269
:10C5D000CBDBADE78346002033E0002429E01AF8E6
:10C5E0000420484612FB05F1090AFD290AD300BFC1
:10C5F0000BEB8401069109686A46FCF7DEF80699A0
:10C60000086015E0022A13D961F31F60C0F30742E6
:10C610004A43120A62F31740C0F307224A43120A40
:10C6200062F30F20C2B24A43110A61F30700DFE749
:10C63000641CB442D3DB049908F101008B440599D2
:10C640008A448046B842C8DB72E700002DE9FE4FFD
:10C65000074690F81B90D7E90156D0E90480029074
:10C66000F8680090B869FCF755FA4FEAD01BF869F2
:10C670003C68C11700EB517121F00701A0EB010AE2
:10C68000B8F1000F05D0B9F1FD0F4FF0000076D2E0
:10C69000C1E0B9F1FD0F4FF0000015D219E00027FD
:10C6A0000CE000BFBBF1000F07EB0A01204602D0EF
:10C6B00017F00AFD01E0EEF779FA7F1CAF42F1DBDB
:10C6C0000098044408F101008046B042E7DBBDE871
:10C6D000FE8F8046B042FADA002722E007EB0A011B
:10C6E000C81701EB507004EBE00220F0070012784D
:10C6F000081AC0F10700C24002F0010019FB0BF359
:10C70000C9F1FF0212FB0032FF20B2FBF0F010F083
:10C71000FF0F204602D017F0D7FC01E0EEF746FAF3
:10C720007F1CAF42DADB0098044408F10100D0E737
:10C7300000272EE018F8070000B3FF2820D007EBF1
:10C740000A01CA1701EB527204EBE20322F007025E
:10C750001B788A1AC2F10702D34003F0010210FBD2
:10C760000BF3C0F1FF0010FB0232FF20B2FBF0F030
:10C7700010F0FF0F09D0204617F0A6FC08E010E0EB
:10C78000BBF1000F07EB0A01F5D12046EEF70EFAD8
:10C790007F1CAF42CEDB009802990444884409F123
:10C7A00001008146B042C3DB91E700272BE000BFC8
:10C7B00018F8070018B307EB0A01CA1701EB527308
:10C7C00004EBE30223F007031278CB1AC3F107034B
:10C7D000DA4002F0010310FB09F0FF22B0FBF2F097
:10C7E000C0B210FB0BFCC0F1FF0010FB03C0B0FB9C
:10C7F000F2F010F0FF0F204602D017F065FC01E0C8
:10C80000EEF7D4F97F1CAF42D2DB009802990444C2
:10C8100001988844401C0190B042C6DB57E72DE9DF
:10C82000FC5F0646D6E9014590F81B80D6E9047006
:10C830000090D6F80CB0B0694FB1B8F1FD0F5CD3E1
:10C84000FCF768F982460020D6F8009051E0B8F174
:10C85000FD0F27D3FCF75EF9336800261EE00022A7
:10C86000A4F1100711E0985499181032487088709C
:10C87000C870087148718871C871087248728872EE
:10C88000C872087348738873C873BA42EBDB01E05F
:10C890009854521CA242FBDB5B44761CAE42DEDBAA
:10C8A000BDE8FC9FFCF736F982460027D6F80090D9
:10C8B0000CE0002606E009EB060142465046FCF774
:10C8C0007BF8761CA642F6DBD9447F1CAF42F0DB36
:10C8D000E6E7002606E0BA5D09EB06015046FCF7E4
:10C8E0006BF8761CA642F6DB0098D944074408F1A1
:10C8F00001008046A842ECDBD2E7FCF70BF901907F
:10C900000020D6F800A012E0002609E0B95D11FB76
:10C9100008F0020A0AEB06010198FCF74DF8761CB4
:10C92000A642F3DB0098DA44074409F1010081468E
:10C93000A842E9DBB4E700002DE9F04F054685B0D9
:10C94000D5E901608046A869FCF74AFA8146D5E935
:10C95000047095F81BA000902C68E86802902FB135
:10C96000BAF1FD0F4FF0000074D2DFE0BAF1FD0F15
:10C9700030D3002129E000BF701E20F00F0004EB2F
:10C98000400304EB4602A00701D024F8029B09EB08
:10C9900009400DE001C401C444F8080B44F8040C3C
:10C9A00044F8100B44F80C0C44F8080C44F8040C40
:10C9B0009C42EFD302E000BF24F8029B9442FBD3D9
:10C9C0000298491C2044A0EB46044145D4DB05B045
:10C9D000BDE8F08F2088401C039000200190049057
:10C9E0004045F4DA0025A00706D021885246484683
:10C9F000FBF786FD20800125A6F1020B5D4534DAA8
:10CA000004EB450734F81510788881420CD0524663
:10CA10004846FBF775FD24F81500798852464846CC
:10CA2000FBF76EFD788013E000973A680398824226
:10CA300002D1019838600BE03868039052464846AE
:10CA4000FBF75EFD24F815007880009800680190DF
:10CA5000AD1CD3E750E000BF34F8151052464846ED
:10CA6000FBF74EFD24F815006D1CB542F4DB02986F
:10CA700004440498401CB2E70025F80706D03A7831
:10CA800021884846FBF73CFD20800125A6F1020ADB
:10CA9000554529DC785BA0F57F41FF3915D090B171
:10CAA0007A5D34F815104846FBF72AFD24F8150086
:10CAB000781904EB45014278019149884846FBF713
:10CAC0001FFD01994880AD1CE2E724F81590484607
:10CAD00004EB4501F6E77A5D34F815104846FBF79C
:10CAE0000FFD24F815006D1CB542F4DB02980444D8
:10CAF000009807440BF1010083464045BCDB66E724
:10CB000000250BE0795D11FB0AF0020A34F81510DC
:10CB10004846FBF7F5FC24F815006D1CB542F1DB27
:10CB200002980444009807440BF1010083464045F5
:10CB3000E6DB4CE72DE9F04F054687B0D5E901600B
:10CB40008046A869FCF74CF90090010A41EA0020F0
:10CB50001FFA80F9D5E9047095F81BA003902C68A2
:10CB6000E86802902FB1BAF1FD0F4FF000007DD2BE
:10CB7000DAE0BAF1FD0F2FD3002128E0701E20F07B
:10CB80000F0004EB400304EB4602A00701D024F899
:10CB9000029B09EB09400DE001C401C444F8080BF5
:10CBA00044F8040C44F8100B44F80C0C44F8080C3E
:10CBB00044F8040C9C42EFD302E000BF24F8029B2F
:10CBC0009442FBD30298491C2044A0EB4604414503
:10CBD000D4DB07B0BDE8F08F00271FE02088401E9F
:10CBE000002182B20D4614E034F8150090420DD0B9
:10CBF000010A41EA002081B252460098FBF780FC0E
:10CC0000010A41EA002034F8152081B224F81510F9
:10CC10006D1CB542E8DB02987F1C04444745DDDB10
:10CC2000D7E70025F8070CD020883A78010A41EAB6
:10CC3000002081B20098FBF763FCFCF7B6F8208077
:10CC40000125A6F1020A554545DC785BA0F57F4138
:10CC5000FF3929D030B334F8150004EB4502010A3E
:10CC600041EA002081B20492508800E03BE0020AD1
:10CC700042EA002080B201907A5D0098FBF740FC08
:10CC8000059078194278DDE90001FBF739FC019045
:10CC90000598FCF78AF824F815000198FCF785F848
:10CCA000049A5080AD1CCEE704EB450124F81590A2
:10CCB000A1F80290F6E700BF34F815007A5D010A8A
:10CCC00041EA002081B20098FBF71AFCFCF76DF8EE
:10CCD00024F815006D1CB542EEDB0298044403985D
:10CCE00007440BF10100834640459ADB71E70025BC
:10CCF00012E000BF34F815007A5D010A41EA002015
:10CD000081B212FB0AF0020A0098FBF7F9FBFCF76C
:10CD10004CF824F815006D1CB542EBDB0298044476
:10CD20000398074409F1010081464045DFDB50E7E5
:10CD30002DE9FF5F044690F81BA00069D4E9015675
:10CD40005FEA000860690190D4F80C900F460CD09F
:10CD5000A069BAF1FD0F76D3FCF750F80290206875
:10CD6000009005FB07FA002084E0BAF1FD0F4FD3D5
:10CD7000032F07D0042922D1A069FCF73FF82368CC
:10CD8000002442E0206805EB45058046002107E0CD
:10CD9000227E42544218637E5370A37E9370C91C56
:10CDA000A942F5DB00EB0907012406E02A464146CB
:10CDB000384606F085FC4F44641CB442F6DBBDE8FF
:10CDC000FF9F0022A5F1100714E000BF43F82200E6
:10CDD00003EB8201103248608860C86008614861D6
:10CDE0008861C861086248628862C86208634863F3
:10CDF0008863C863BA42E9DD03E000BF43F822005C
:10CE0000521CAA42FADB4B44641CB442D9DBD6E77D
:10CE1000A069FBF7F3FF00907D43D4F800B0002039
:10CE20008046B042CBDA002407E000BF0BEB0401E0
:10CE300052466846FBF754FC3C44AC42F6DBCB441C
:10CE400008F10100ECE719E00024254609E000BFE5
:10CE5000009818F80520011902A8FBF741FC3C4492
:10CE60006D1C5445F4DB00984844009001988044C0
:10CE70000BF101008346B042E6DBA0E7FBF7BEFF03
:10CE800003902068009005FB07FB002018E00024B9
:10CE900025460BE018F8051011FB0AF0020A00986D
:10CEA000011903A8FBF71CFC3C446D1C5C45F1DB3D
:10CEB000009901EB09000090019880440298401C01
:10CEC0000290B042E3DB7AE790F82010102915D0E9
:10CED00007DC062914D0072914D00F2914D1032107
:10CEE0000AE0112907D0122903D015290CD1E8F73F
:10CEF00003BA12F0CDBB042114F062BBE9F7F8BC11
:10CF0000F7F756B9F4F7C9B8704790F8201011290F
:10CF100018D009DC06291AD007291CD00F290FD0F8
:10CF200010291AD1E9F7E8BD122907D0152910D028
:10CF30001A290AD01B2910D113F076BD12F09CBC1F
:10CF4000032100E0042114F03DBCEAF7A9BEF7F785
:10CF5000F4B9E8F7BFBAF4F74CB9704790F820106D
:10CF60000F2909D0102905D0112907D01A2908D175
:10CF7000EAF7F0BFE9F7A8BE032100E0042114F0AE
:10CF800067BD704790F82010112916D009DC0629DA
:10CF900016D0072918D00F290DD0102916D1EAF77D
:10CFA0005AB8122905D015290CD01B290ED113F01F
:10CFB00085BE12F089BD032100E0042114F0ACBE4F
:10CFC000F7F78EBAE8F77ABBF4F702BA704790F831
:10CFD0002010112916D009DC062916D0072918D0EF
:10CFE0000F290DD0102916D1EAF77AB9122905D0E8
:10CFF00015290CD01B290ED113F00EBC12F0C4BEA3
:10D00000032100E0042114F087BFF7F784BBE8F7A1
:10D01000A7BCF4F713BB704790F82010112918D063
:10D0200009DC06291AD007291CD00F290FD0102996
:10D030001AD1EAF72DBA122907D0152910D01A29CA
:10D040000AD01B2910D113F09FBF12F095BF032106
:10D0500000E0042115F04EB8EBF702B9F7F71EBC5B
:10D06000E8F764BDF4F7D4BB704790F8201011299D
:10D0700018D009DC06291AD007291CD00F290FD097
:10D0800010291AD1EAF78CBB122907D0152910D024
:10D090001A290AD01B2910D114F0ECB813F0D2B819
:10D0A000032100E0042115F0A1B9EBF7DDBAF7F791
:10D0B0004BBDE8F7B3BEF4F709BD704790F82020E8
:10D0C000112A17D009DC062A18D0072A1AD00F2AED
:10D0D0000DD0102A18D1EAF705BD122A05D0152A5D
:10D0E0000ED01A2A10D1EBF7EBBC13F03FBAC9B23D
:10D0F000032201E0C9B2042215F00EBBF7F796BE79
:10D10000E9F722B8F4F780BE7047F0B5074691F80A
:10D11000280087B00C46164602285AD9606A0028B3
:10D1200057D094F82900C00653D01046F9F7B6F945
:10D1300005463046F9F7A3F9E369854200DB054669
:10D14000B3EB650F00DD6B103068039070680490DE
:10D15000B0680590F068069094F82910039A480783
:10D16000606A01D418444042104403900807059AAD
:10D17000606A01D418444042101A059094F82900BE
:10D1800004998007606A01D418444042084404901E
:10D1900094F829000699C007606A01D118444042FA
:10D1A000081A0690606A181A00D5002053EA000198
:10D1B00011D094F82810029134F8201FADF8041013
:10D1C000A1788DF80610009003AA31463846EEF794
:10D1D0001CFA07B0F0BD94F82800009003AA31466D
:10D1E0003846236AEEF7D4FBF3E700002DE9F74F4A
:10D1F0000F461168F86A14460A18B96AC0B0521A84
:10D200002792A2681044084429906068396B299AD3
:10D210000844B96A401A2890E068396B0844B96A32
:10D2200008442A90786A279900EBD070A1EB60013E
:10D23000491E0891012101EB600010440A90786AB0
:10D24000289A00EBD070A2EB6000401E0990786A2B
:10D250002A9A00EBD07001EB600010440B9097F815
:10D2600034003A90FD2801D9FF203A90409A08A94D
:10D2700038323BA82C92F9F723F900287ED02146BA
:10D2800017A8F9F74BF84FF0FF310A4617A8F9F73E
:10D290000AF9F869139017A8F9F700F9044617A8D6
:10D2A000F9F7EDF8844217A802DAF9F7F7F801E088
:10D2B000F9F7E5F81399B1EB600F01DD4010139019
:10D2C00027A8FD69F9F7EAF8044627A8F9F7D7F87F
:10D2D000844227A802DAF9F7E1F801E0F9F7CFF87C
:10D2E000B5EB600F00DD4510786A441904FB04F0CB
:10D2F000400006F06DF95FEA00090FD001462B46A9
:10D3000027A87A6A16F0CCFF97F8350010F00106CE
:10D310004FF000002F90309001D008E0FEE701238D
:10D3200017A931A8139A01F0CBF931A82F9008A8BA
:10D33000F9F7B4F806F04CF983461CA82C2200211A
:10D3400006F079FA04A81C90CDF888B02490388CA7
:10D35000ADF8850097F822008DF8870097F8340023
:10D360008DF8840008A8F9F799F8089900EBD070B7
:10D3700001EB600A08A8F9F782F800E0FEE30999DA
:10D3800000EBD07001EB60050A980690001B401C72
:10D39000CDE90401601E1690084407900498514698
:10D3A000504500DC084604900798A84200DB284658
:10D3B000079004A90CA82C9AF9F782F878B317A95A
:10D3C0000CA8139AF9F79CF848BB0CA8F9F766F873
:10D3D000099A0D991090891A01FB04900A9A0C99E8
:10D3E000121B891A0844401E039046B117A90CA8C5
:10D3F000139AF9F7DCF810B101202E9000E02E9678
:10D400001098002820DDCDF888B00C9804900E9874
:10D41000069002208DF88C00DDF8348011E013E0D6
:10D420002E98CDF81480CDF81C8028B30398229054
:10D430001CA94098FEF76EFD039808F101082044EE
:10D4400003900F994145EBDA0A980690001B401CA7
:10D4500004900B985146001B401C05900B980790B8
:10D460000498504500DC08460490681C0599159006
:10D47000814216DD084615E022465846039906F01B
:10D480001FF910980090434659462FA80C9A01F0B6
:10D490000BF88DF88C000128CAD102208DF88C0081
:10D4A000C6E7681C059004A90CA82C9AF9F708F89F
:10D4B00078B317A90CA8139AF9F722F848BB0CA85F
:10D4C000F8F7ECFF0F9A07991090891A01FB049066
:10D4D0000A9A0C99121B891A0844401E039046B1FF
:10D4E00017A90CA8139AF9F762F810B101202E9031
:10D4F00000E02E961098002820DDCDF888B00C981A
:10D5000004900E98069002208DF88C00DDF83C8087
:10D5100011E013E02E98CDF81480CDF81C8050B3A4
:10D52000039822901CA94098FEF7F4FC0398A8F1F8
:10D530000108204403900D994145EBDD08982044F3
:10D5400004900A98001B06900998059001461698C9
:10D5500008440790A84200DB2846079004A90CA8BD
:10D560002C9AF8F7ADFF78B317A90CA8139AF8F71F
:10D57000C7FFA8B16FE022465846039906F0A0F80D
:10D5800010980090434659462FA80C9A00F08CFF43
:10D590008DF88C000128C5D102208DF88C00C1E7E0
:10D5A0000CA8F8F77BFF059A0D991090891A01FBDA
:10D5B000049003904EB117A90CA8139AF8F7F7FF3F
:10D5C00018B101202E9001E045E02E961098002819
:10D5D00041DD2E9838B1002022900C9804900E98CE
:10D5E00006900D9833E0CDF888B0F6E72E98CDF888
:10D5F0001480CDF81C8060B13A98FF280398007819
:10D6000004D097F8341010FB01F0000A8DF8840064
:10D6100014E00398109A0178584606F00CF9109817
:10D620000090434659462FA80C9A00F03DFF8DF814
:10D630008C00012802D102208DF88C001CA9409892
:10D64000FEF768FC03982044039008F101000F994D
:10D6500080464145CADA97F834008DF8840008986E
:10D66000204404900A98001B06900B98001B401C55
:10D6700005900B98079005991598814201DD0846A1
:10D6800000E0681C059004A90CA82C9AF8F718FF74
:10D69000D8B317A90CA8139AF8F732FFA8BB0CA8A7
:10D6A000F8F7FCFE0F9A07991090891A01FB049075
:10D6B0000390109800284BDD3EB117A90CA8139ACF
:10D6C000F8F775FF0020229001E0CDF888B00C98A3
:10D6D00004900E9806900F9836E000BFCDF81480A5
:10D6E000CDF81C8096B117A90CA8139AF8F75FFF24
:10D6F0003A98FF280398007804D097F8341010FB6C
:10D7000001F0000A8DF8840015E021E00398109ADA
:10D710000178584606F08FF8109800904346594615
:10D720002FA80C9A00F0C0FE8DF88C00012802D1C1
:10D7300002208DF88C001CA94098FEF7EBFB0398A3
:10D7400020440390A8F101000D9980464145C5DDB4
:10D7500097F834008DF884000A98001B401C049050
:10D760000A9806900998204405900B980599001B8B
:10D7700007901598814201DA084600E0681C059080
:10D780000798A84200DC2846079004985146504567
:10D7900000DC0846049004A90CA82C9AF8F790FE27
:10D7A00078B317A90CA8139AF8F7AAFE48BB0CA8DF
:10D7B000F8F774FE1699109001FB04900A9A0C99E0
:10D7C000121B891A0844401E0390BEB117A90CA869
:10D7D000139AF8F7ECFE10B14FF0010800E0B046E4
:10D7E00003982290109800282DDD0C9804900E9834
:10D7F000069002208DF88C000D9F21E0B04658461F
:10D80000EFE720E005970797B8F1000F13D15846CE
:10D81000109A039905F054FF109800903B46594622
:10D820002FA80C9A00F040FE8DF88C00012802D140
:10D8300002208DF88C001CA94098FEF76BFB7F1C22
:10D840000F98B842DEDA4946002215E001EB040EDB
:10D85000AEF10100002304EBD47708E091F800C09A
:10D8600090F8008001F8018B00F801C95B1CB3EB54
:10D87000670FF3DB7146521CA242E7DB089816994A
:10D880000490084406900998204405900B98059947
:10D89000001B07901598814201DA084600E0681CD9
:10D8A00005900798A84200DC28460790AAF10100DD
:10D8B00006991090814201DA084601E0AAF10100C0
:10D8C000069004A90CA82C9AF8F7FAFDF0B317A952
:10D8D0000CA8139AF8F714FEC0BB0CA8F8F7DEFDED
:10D8E00011901699049A01FB04900C99891A084426
:10D8F0000390BEB117A90CA8139AF8F758FE10B1FF
:10D900004FF0010800E0B0460398229011980028DB
:10D910002EDD0C9804900E98069002208DF88C0055
:10D920000D9F22E0B0465846EFE705970797B8F1FC
:10D93000000F15D15846119A039905F0C1FE1198B0
:10D9400000903B4659462FA80C9A00E010E000F0EA
:10D95000ABFD8DF88C00012802D102208DF88C00DF
:10D960001CA94098FEF7D6FA7F1C0F98B842DCDA63
:10D970000898169904900844069009980590014665
:10D9800016980844079006991098814201DA0846D3
:10D9900001E0AAF1010006900798A84200DB2846A2
:10D9A000079004A90CA82C9AF8F78AFDD8B317A9F8
:10D9B0000CA8139AF8F7A4FDA8BB0CA8F8F76EFD05
:10D9C0003A90059A0D99891A01FB0490049A0C99D2
:10D9D000891A01EB000846B117A90CA8139AF8F7A9
:10D9E000E6FD10B101202E9000E02E963A98CDF879
:10D9F00088B0002817DD0C9804900E98069002203D
:10DA00008DF88C000D9F0BE02E9805970797D8B1E5
:10DA1000CDF888801CA94098FEF77CFAA0447F1CB2
:10DA20000F98B842F0DA08981699049008440690C6
:10DA30000B98001B401C05900B98079005991598B2
:10DA4000814216DD084615E022464146584605F05B
:10DA500037FE3A9800903B4659462FA80C9A00F0A2
:10DA600023FD8DF88C000128D4D102208DF88C0084
:10DA7000D0E7681C059006991098814201DA0846A3
:10DA800001E0AAF10100069004A90CA82C9AF8F76D
:10DA900017FDE0B317A90CA8139AF8F731FDB0BB36
:10DAA0000CA8F8F7FBFC0F9A07991090891A01FB54
:10DAB0000490049A0C99891A01EB000846B117A941
:10DAC0000CA8139AF8F773FD10B14FF0010A00E0AB
:10DAD000B2461098CDF888B0002818DD0C98049054
:10DAE0000E98069002208DF88C000F9F0CE0059791
:10DAF0000797BAF1000F1CD0CDF888801CA9409878
:10DB0000FEF708FAA0447F1E0D98B842EFDD089892
:10DB1000204404900A98001B069009982044059020
:10DB20000B980599001B07901598814216DA084654
:10DB300015E022464146584605F0C2FD1098009077
:10DB40003B4659462FA80C9A00F0AEFC8DF88C008D
:10DB50000128D3D102208DF88C00CFE7681C0590F6
:10DB60000798A84200DD0546CDF888B0079504A9BE
:10DB70000CA82C9AF8F7A4FC50B300E032E017A9E7
:10DB80000CA8139AF8F7BCFC10BB0CA8F8F786FC9D
:10DB9000051E1DDD0C9804900E9806900D9C14E057
:10DBA00005942A46FF215846079405F044FE009547
:10DBB000234659462FA80C9A00F076FC8DF88C006D
:10DBC0001CA94098FEF7A6F9641C0F98A042E7DA5A
:10DBD00016B931A800F0A6FC484602F0A9FA58464A
:10DBE00002F0A6FA43B0BDE8F08F2DE9F74F91F8A7
:10DBF0002000B2B00C4602287DD9106817905068FA
:10DC0000189090681990D068329A1A9017A91FA896
:10DC10003832F8F755FC00286DD094F82F0010F03A
:10DC20000F056ED0606A00902C2108A8E3F7A4F8D5
:10DC3000BDF80000ADF835009DF802008DF8370002
:10DC4000E069284366D094F82000FD2800D3FF2027
:10DC5000169017A8F8F722FC814617A8F8F70FFCD2
:10DC6000804648464146C14500DB0846E669B6EBBA
:10DC7000600F00DB46101FA8F8F710FC4FF0000AF9
:10DC80000746CDF88CA0CDF890A0002E0BDD3846CD
:10DC900005F09EFC82460023324617A926A800F014
:10DCA0000FFD26A823901F981B902198CDF838A02F
:10DCB0001D901BA808901090FF208DF8340042465C
:10DCC000494604F1240000F02FFA4FF000085FEA03
:10DCD0000009C34646D0022D44D31BA81F9B179AA8
:10DCE0000C9003EB4300A2EB82010144D9F8000041
:10DCF0000844099001E017E003E0002094F82E109A
:10DD000021E0B4F82100ADF8000094F823008DF86C
:10DD1000020089E717A8089094F820008DF83400D5
:10DD200008A93298FEF7F6F835B0BDE8F08F00EBA1
:10DD3000800CA4449CF827C0BCF1FF0F02D04FF028
:10DD4000010B02E0401C8142F1D8022D07D1BBF14A
:10DD5000000F04D0D9F804001844A0EB02080F20EB
:10DD60008DF82C000024C0E01898209920440690DB
:10DD70001A98001B15900698814203DD2299159888
:10DD800081427CDB00202F903A465046169905F0E0
:10DD900052FD0097514623A8069B1B9A00F084FB76
:10DDA0008DF83C00012802D102208DF83C000020B3
:10DDB00007902099069881423CDC1C9006981E90A2
:10DDC000012D02D0022D31D117E0B9F1000F13D08F
:10DDD000189A0698D9F80010801A00EB40021144F6
:10DDE0000A88ADF8352089788DF83710D9F80410F5
:10DDF000085C8DF8340019E0FEE701200790B8F1C7
:10DE0000000F13D02F9000200BE018F80010FD2910
:10DE100006D21AF8002012FB01F10A0A0AF80020C3
:10DE2000401CB842F1DB02208DF83C0008A9329872
:10DE3000FEF770F822991598814255DB1C901598D1
:10DE40001E90012D02D0022D16D12DE0B9F1000F48
:10DE500029D0189A1598D9F80010801A00EB4002C2
:10DE600011440A88ADF8352089788DF83710D9F833
:10DE70000410085C8DF834002F9888B300E033E07C
:10DE8000032D1AD33A465046169905F0D4FC009754
:10DE9000514623A8069B1B9A00F006FB8DF83C0018
:10DEA000012807D009E0FEE70798C8B9B8F1000FCC
:10DEB000E4D115E002208DF83C0000200BE018F8BA
:10DEC0000010FD2906D21AF8002012FB01F10A0AFF
:10DED0000AF80020401CB842F1DB02208DF83C001B
:10DEE00008A93298FEF716F8641CB442FFF63CAF5E
:10DEF0004DB116988DF83400062D22D2DFE805F0DA
:10DF0000211317191919189808A930441C901A9848
:10DF1000801B1E9016988DF8340000200E903298C9
:10DF2000FDF7F8FF44E001208DF83C0009E00220F5
:10DF300003E0BBF1000FFAD101208DF83C00CDF8D1
:10DF40003880189884192098844200DC04461A9876
:10DF5000861B2298864229DB064627E01C941E94E5
:10DF6000012D1ED1B9F1000F13D01898D9F8001067
:10DF7000201A00EB400211440A88ADF83520897858
:10DF80008DF837101699FD29D9F8041002D3085CD2
:10DF900005E0FEE7095C169811FB00F0000A8DF819
:10DFA000340008A93298FDF7B5FF641CB442D5DDF2
:10DFB000BAF1000004D002F0BBF826A800F0B2FAD3
:10DFC000B9F100003FF4B0AE00F016F8ACE6000086
:10DFD00070B504460748054605F0FAF907E00878E9
:10DFE000A04201D1486870BD284605F003FA01003F
:10DFF000F5D170BD045E012002F09AB82DE9FC4114
:10E000001D460379DDF820804B431B129A4209DC40
:10E0100001680091BDF8001029809DF80210A970D8
:10E02000C17878E0837A03EB8304044414F8016C2C
:10E030004E433612B2420BDB34F8051DA27829801C
:10E04000AA70817A01EB8101084410F8021C62E099
:10E05000012466E004EB8406064436794E4336120A
:10E06000B2425CDCF4B304EB84031C1834F8050DF5
:10E07000ADF80000A378B4F80500ADF804002679E7
:10E08000677A4E4336124F43921BC6EB2721C2EBF1
:10E09000022292FBF1F1CEB2E0799DF80410C6F1B4
:10E0A000FF0711FB06F19DF8002012FB071101EBA1
:10E0B000C11202EBC131C1F3C7529DF8051011FB2B
:10E0C00006F19DF801C01CFB071101EBC11C0CEB14
:10E0D000C131C1F3C75110FB06F013FB070000EB81
:10E0E000C01300E01FE003EBC030C0F3C750FAF7E5
:10E0F00024FD0090BDF8000028809DF80200A87063
:10E10000207A10FB06F0E17811FB070000EBC0114C
:10E1100001EBC030C10D88F80010BDE8FC81641C23
:10E12000E4B2A34296D8FEE7F8B50546C07A0307E5
:10E1300008D000F00F0006280AD2DFE800F0090737
:10E14000050505050020F8BD0C4602E0144600E078
:10E15000402404EB4400C01C20F00306E01C20F027
:10E16000030030440C3005F033FA48B100F10C01E3
:10E17000016031180C31C0E90114064600240CE09E
:10E18000FEE7706804EB4402204400903068831876
:10E1900022462846FFF732FF641CB168A142F0D83E
:10E1A0003046F8BDB1F850309B04034B01D4FCF766
:10E1B0000FBAFCF76DBA0000D522010810B500F0C7
:10E1C000C8F92420FBF7AAFF0649C160064901618E
:10E1D0000021816105A14160BDE81040082104488B
:10E1E00005F013B961B400080DF0000853570000A2
:10E1F000045E012091F85A30022B02D9014BFCF742
:10E200001DBB704713CB0008F0B5CD6907469DB024
:10E21000286816460C46002812D0E06E20B1084649
:10E22000E8F73CFA00280BD0702221466846E2F756
:10E2300069FD28680790324669463846FFF7B2FF05
:10E240001DB0F0BDF0B5074691F8440091B01546F9
:10E250000C46022829D902A8FCF7A6F894F8440035
:10E2600000268DF81F000596A08CADF81C0094F8D0
:10E2700026008DF81E00A06A0A90D4E90F01CDE9AE
:10E280000B0128680E90686809490F90E069CDE994
:10E2900000010EAA02A93846236A00F06DFF0D980E
:10E2A000002802D0FBF7D5FD0D9611B0F0BD00009F
:10E2B00013CB0008F0B50B6B9FB00C460646002B45
:10E2C0007ED094F83C0002287AD9616AE0698842DD
:10E2D00003D1A56A226AAA4272D0884201DA0246B4
:10E2E00000E00A4603EBD373A2EB6302159200DC55
:10E2F000084600EB63001790216AA06A226B8142F6
:10E3000000DA084602EBD271A0EB61001690216A98
:10E31000A06A226B814200DD084602EBD27100EB5D
:10E32000610015A9189006F138020846F8F7C8F8F8
:10E3300000285FD0A16A206A884204D12146304675
:10E34000EEF7B3FC0AE0616AE06988422146304694
:10E3500002D1EEF7B5FE01E0EEF73CFD94F83D008A
:10E36000810701D4C00745D06846FBF767FFA08D41
:10E37000ADF8210094F82E008DF8230047F6FF70C9
:10E38000079094F83C008DF82000206B451040F376
:10E39000000794F83D007F1CC00714D0E0691BAA59
:10E3A000401B1B90206A6946401B1C90E069284472
:10E3B000C01B1D90206A2844C01B1E90304600E000
:10E3C00018E0FFF712FC94F83D00800712D5606A50
:10E3D0001BAA401B1B90A06A6946401B1C90606AE8
:10E3E0002844C01B1D90A06A2844C01B1E903046C4
:10E3F000FFF7FBFB1FB0F0BD2DE9F8430646089C74
:10E400001D009046894640F267104FF4B47701D55D
:10E41000002502E0BD4200DB0546002C01DA0024A5
:10E4200002E0BC4200DB0446AC4203DAC5F5B4703E
:10E43000204403E0601B002800DC281BA6F88800AD
:10E44000C6E9045406F108000AF0B9F9154830602D
:10E4500001203071BD4200D9FEE7B42D01D2002069
:10E4600000E00120002C01DBBD4200DDFEE7B42C02
:10E4700005D3A4F1B401B42901D2002700E001279B
:10E4800000902BB24246494606F1180000F062F8AF
:10E4900023B24246494606F15000009700F05AF870
:10E4A000BDE8F8839FB001082DE9F84F00251F460D
:10E4B0009046894606462C46DDF828A00DE00090DF
:10E4C000D0F800C053463A4641464846E047002847
:10E4D00009D0022800D10125641C56F82400002828
:10E4E000EDD115B10220BDE8F88F0120FBE7000057
:10E4F00070B50B4E002400BFC4EBC40006EB8005D2
:10E50000D5F8580108B101F013FE05F5AC701C21D7
:10E5100005F0D5F9641CE4B2042CEDD370BD000005
:10E52000B85C012010B50179022911D10446006AB6
:10E5300000280DD00169002907DA406801F0F8FDD4
:10E54000206ABDE8104001F0F3BD4169491E4161F8
:10E5500010BD70472DE9FC471C46DDF828801646A3
:10E560000F468146B42B01DDB43C24B204F15A00BD
:10E5700000B20DF0CFFD07EB601520460DF0CAFD8F
:10E5800006EB6010CDE900082B4632463946484676
:10E5900000F002F8BDE8FC872DE9F0478846DDE988
:10E5A00008591F4616460446382105F088F9AE4240
:10E5B00004D1B9F1030F01D16D1E761EAE4205DD07
:10E5C0003846474680462846354606463246414646
:10E5D00004F108000AF0F3F82A46394604F1100065
:10E5E0000AF0EDF884F818903246414604F11C0018
:10E5F0000AF0E5F8A7EB0800002801DD014601E07C
:10E60000A8EB0701AA1B002A01DD134600E0731BDB
:10E61000994294F8341002DD41F0010101E021F04B
:10E62000010184F834100023A362244D2560636245
:10E630002371CD074FF480130DD020B193FBF0F57B
:10E640005543AD12A56222B193FBF2F24243901200
:10E650006062A06A0CE022B193FBF2F54543AD1273
:10E66000656220B193FBF0F050438012A062606AB3
:10E67000E062207E420708D000F00700012807D0A2
:10E68000022812D0032814D006E021F0020001E095
:10E6900041F0020084F83400E16A88102063002908
:10E6A00001DA40422063BDE8F087E06A0028EFDC31
:10E6B000EBE7E06A0028EBDDE7E70000EFB20108D6
:10E6C0002DE9F04105461E46144688460846F7F7F0
:10E6D000E5FE07464046F7F7D2FE874200DA3846A5
:10E6E000B4EB600F00DD4410002C00DA002441463A
:10E6F00005F10800F7F724FEAC612E773848286052
:10E70000022028710026D4B1364900204FF47A77D0
:10E71000C0EBC00201EB8202D2F87021A24221D1EB
:10E72000C0EBC00001EB8000D0F86C11491CC0F8B0
:10E730006C11D0F86811102C04DA012203E02E626B
:10E74000BDE8F08122110A44BA4205DA102C01DA40
:10E75000012200E022118F18C0F8687100F5AC703A
:10E760002862EDE7401C0428D2D300204FEA0003C2
:10E77000C3EBC30201EB8202D2F86CC1BCF1000F03
:10E7800008D128B1D2F868C1D0F81080C44501DAA8
:10E7900002F5AC705B1C042BEAD338B14169491C0B
:10E7A000C0E90461102C0ADA012109E01C2004F000
:10E7B00033FF18B14FF0FF3101610BE0FEE721118B
:10E7C0003144B94205DA102C01DA012100E02111AF
:10E7D0007718076121462862BDE8F041EBF772BF68
:10E7E00093B30108B85C01202DE9F0430D4695B0C4
:10E7F000064600F138021C31894601A8F7F760FE91
:10E8000000287DD0B76C95F8300007F11404D7F8D4
:10E810000080C0074FD1286A06F13801401E0090E1
:10E820000EC905A8F7F79EFF606842422068414282
:10E8300005A8F7F78AFF05A94046FBF7CAF9706CEF
:10E840000090AA6A336C05A8521CB16BF7F78AFFD7
:10E85000606842422068414205A8F7F776FF05A9A3
:10E860004046FBF7B6F9A86A0090D5E9073205A83B
:10E870005B1EB16BF7F776FF606842422068414249
:10E8800005A8F7F762FF05A94046FBF7A2F9A86AB9
:10E890000090D5E9082105A8491C336CF7F762FF01
:10E8A000606842422068414205A8F7F74EFF05A97B
:10E8B0004046FBF78EF90023494609A8EA6AFFF7AC
:10E8C000FFFE0020139009A8129001A8F7F7E6FDBB
:10E8D000064604F07DFE8146029D35E03246FF216A
:10E8E000484604F0A8FF00962B46494612A8019A14
:10E8F000FFF7DAFD8046012825D00198216800E065
:10E900002BE0411A60682A1A3846FCF745FB03469B
:10E91000B8F1000F01D0002013E01846B20000212A
:10E9200004F089FF0FE000BF19F80010FF2907D09D
:10E9300003EB800292F803C01CFB01F1090AD170BD
:10E94000401CB042F0D36D1C0498A842C6DA484679
:10E9500001F0EEFB09A8FFF7E5FD15B0BDE8F08377
:10E9600010B5820704D50288491E52BA20F8022B3E
:10E9700002464B0825E01468083B64BA10C210CA6E
:10E9800064BA42F8044C52F8084B64BA42F8084C96
:10E9900052F8044C64BA42F8044C52F8104B64BA72
:10E9A00042F8104C52F80C4C64BA42F80C4C52F835
:10E9B000084C64BA42F8084C52F8044C64BA42F865
:10E9C000044C082BD7D203E014685B1E64BA10C253
:10E9D000002BF9D1CA0705D0491E30F8112052BAD0
:10E9E00020F8112010BD2DE9FF4FA5B00646339D3C
:10E9F000359F4FF00A0A286B40421E90686B1C90AE
:10EA0000A86B1D90D5E91101CDE921011E9991FB5B
:10EA1000FAF40846614201EB810100EB410804F180
:10EA2000010920B20DF076FB05900FFA89F00DF088
:10EA300071FB83465A3420B20DF06CFB019009F152
:10EA40005A0000B20DF066FB03460598C8F10A02B1
:10EA500002FB00F40BFB084191FBFAF01A900198BD
:10EA6000424303FB082191FBFAF01B901A984011D6
:10EA70001A901B9840111B90219800021F90229819
:10EA8000000220903046F7F709FD04463046F7F7BC
:10EA9000F6FC814613940F2F0FD0142F25D0062F8C
:10EAA00023D03846F9F7F0FF60438246122F1ED07C
:10EAB0001B2F1CD0142F1AD004E01020F9F7E4FF0C
:10EAC00000FB04FA00208346B5F85000C0F3003084
:10EAD0000A90286B00B10120149000200D90239023
:10EAE0000B900990149830B150E06000DDE7369843
:10EAF0000AFB0900E7E7686C27996A6B091A491E47
:10EB0000514300EB2120A96C289AAB6B521A521E7C
:10EB10005A4301EB22223168814200DD0146B3688D
:10EB2000834200DC184680467068904200DD104643
:10EB3000F368934200DC1A46154604AA0092024686
:10EB400003AB16A818F0A8FF06A800902A46414675
:10EB500005AB16A818F0A0FF03990598069A431A6A
:10EB60000498121A012C04DD1D02631E95FBF3F3B9
:10EB70000993B9F1010F05DD1302A9F1010293FB1D
:10EB8000F2F20B92803180300D9123900025F5E058
:10EB90001498E8B302A80090706805AB421916A853
:10EBA000316818F079FF04A80090706803AB42192F
:10EBB00016A8B16818F070FF03990598049A0B1A0B
:10EBC00002998C46521A00210991012C07DD1B0283
:10EBD000611E93FBF1F3120292FBF1F10993803075
:10EBE0000D900CF18000112F43D023DC062F74D040
:10EBF0000E2F5FD00F2F46D0102F6FD1369B0A9A61
:10EC0000CDE90314CDE905320D9A0999009200E08F
:10EC100009E0CDE901010DF19808329B98E8070061
:10EC200018F0E7FBA1E00B982399684301EB202043
:10EC30000021D8E7122F65D0142F6CD01A2F4ED098
:10EC40001B2F4BD10A9A0023DDF8D880CDE907327B
:10EC5000CDE9058B099A0DF19808CDE90102CDE9BE
:10EC600003140D98009098E80700329B19F05BF8A8
:10EC70007BE0369A0DF114084FF0040C0A9B0494C3
:10EC800088E80C1008E04FF0030C369B0A9ACDF888
:10EC90001CC00494CDE905320D9B099A00930391A1
:10ECA000CDE901020DF19808329B98E8070019F0B0
:10ECB0003AF95AE00A9B369ACDE90314CDE90523C7
:10ECC0000D9A09990092CDE901010DF19808329B46
:10ECD00098E8070018F0C0F947E034E051E0369BAF
:10ECE0000A9ACDE90314CDE905320D9A09990092EB
:10ECF000CDE901010DF19808329B98E8070018F062
:10ED000063FC32E00A9A0023DDF8D880CDE90732AF
:10ED1000CDE9058B08E00A9A4FF00108DDF8D8C06C
:10ED2000CDE90782CDE905CB099A0DF19808CDE927
:10ED30000102CDE903140D98009098E80700329B7A
:10ED400018F0FFFE11E0369B0A9ACDE90314CDE9D5
:10ED500005320D9A09990092CDE901010DF198084B
:10ED6000329B98E8070018F04DFD3698BBF1000F74
:10ED70005044369001D013998B446D1C4D45FFF6DD
:10ED800007AF29B0BDE8F08F2DE9F34F0C46C969F4
:10ED9000606AD3B0814201DA0A4600E00246E36AC3
:10EDA0009A4203DA814202DA084600E018462E90C1
:10EDB000A16A206A884201DA024600E00A46236B13
:10EDC0009A4203DA884202DB084600E018462F9098
:10EDD000E169606A814201DD0A4600E00246E36AB9
:10EDE0009A4203DD814202DD084600E01846309079
:10EDF000216AA06A814201DD0A4600E00246236BD7
:10EE00009A4203DD814202DD084600E01846539A2B
:10EE100031902EA91BA83832F7F752FB00287DD07D
:10EE2000636AE16904F11C0504F1240704F12C066E
:10EE30000DF12C090DF12408994211D1294602A89F
:10EE400009F0B8FCDDE90201CDE90701394602A865
:10EE500009F0B0FCDDE90201CDE90901314627E006
:10EE6000E06A814211D1294602A809F0A3FCDDE93C
:10EE70000201CDE90701314602A809F09BFCDDE95A
:10EE80000201CDE90901394612E0834218D1394621
:10EE900002A809F08FFCDDE90201CDE90701314646
:10EEA00002A809F087FCDDE90201CDE90901294644
:10EEB00002A809F07FFCDDE90201CDE90B0131E098
:10EEC000294602A809F076FCDDE90201CDE9070137
:10EED000394602A809F06EFCDDE90201CDE909011D
:10EEE000314602A809F066FCDDE90201CDE90B011B
:10EEF0000A990898884203DD414607A809F062FC98
:10EF00000C990898884203DD494607A809F05AFC85
:10EF10000A990C98814205DA494600E0FAE0404639
:10EF200009F050FC0C990898884203DD494607A86F
:10EF300009F048FC0A990898884203DD414607A871
:10EF400009F040FC0C990A98884203DA4946404689
:10EF500009F038FC079909980C9A089B401AD21AB4
:10EF600050431A460A9B0025D21A0B9B41955B1A07
:10EF700002FB0300C60F42950A984095CDE90006B2
:10EF8000DDE90823439544A8FFF706FB86F0010658
:10EF90000C98CDE90006DDE9071232A80B9BFFF7BC
:10EFA000FBFA0C990A984FF0020B884202D1CDE986
:10EFB000001B01E0CDE9001609A890E80E000DA89D
:10EFC000FFF7EAFA44A8409032A841900DA8429079
:10EFD0001BA8F7F763FA074604F0FAFA1BAB824660
:10EFE00093E807002AAB2AAE83E807002D91A08E94
:10EFF000ADF8910094F836008DF8930094F837003E
:10F000008DF89000CDF894A01F96CDE927658DF876
:10F01000A450209594F8430000F00F092EA8F7F7AC
:10F020002EFA05462EA8F7F739FA01462A4604F1CA
:10F030003800FFF779F805004FF0000814D0B9F157
:10F04000020F11D11B982E9900EB4002A1EB810316
:10F0500023961A442B681A4420926A681044A0EB45
:10F0600001080F208DF888001C9E3FE02B963A4641
:10F07000FF2150462D9604F0DEFB009733465146A3
:10F0800040A81B9AFFF710FA8DF89800B9F1010F0C
:10F0900003D0B9F1020F1CD023E0CDB12F9829681D
:10F0A000301A00EB400211440A88ADF891208978AB
:10F0B0008DF893106968085C8DF8900094F837100B
:10F0C000FD290ED210FB01F0000A8DF8900008E037
:10F0D000FEE7B8F1000F04D002281ED0012830D07E
:10F0E00018B11FA95398FCF715FF761C1E98B04263
:10F0F000BCDA504601F01CF80DA8FFF713FA44A83B
:10F10000FFF710FA32A8FFF70DFA002D02D02846BB
:10F11000FEF772FF55B0BDE8F08F0020CDF894A047
:10F120000CE000BF18F80010FD2906D21AF80020E4
:10F1300012FB01F1090A0AF80010401CB842F1DB89
:10F14000CFE7CDF894808DF898B0CAE7017902290D
:10F1500001D000207047406D70470179012901D02E
:10F1600000207047406D70470179052901D00020CB
:10F170007047406D704700002DE9F04790B0814620
:10F18000DDE9185A1E4617460C4628460BF0EEFEDF
:10F19000002877D121690DF10408C1B3202240462F
:10F1A000E1F7B0FDBDF80C000025002869D0BDF8DE
:10F1B0000A1000297DD0BDF90E303A681A44114476
:10F1C000491E09920B91D6E90312891A7A681144F3
:10F1D000BDF91020091A891A0844401E0A910C90A2
:10F1E000A06A4242606A414209A8F7F7AEFA09F103
:10F1F000380100220E4609A8F7F7D9F988B1E0686E
:10F2000078B100223146F7F7D2F9D0BB09E0FFE729
:10F2100000232A4641463046C4F8108000F078FEAC
:10F22000C0E7019878B39DF814000021401E18280B
:10F230001FD20095BDF80C30BDF80A20E06AFAF73D
:10F240002EFF010015D1E06A08B1FAF702FEBDF801
:10F250000C0000951F3020F01F02BDF80A100E238D
:10F260001748FAF7B5FD01000ED0BDF80C00C880B4
:10F27000E1629DF8140020719DF814001A2804D052
:10F280000DE016E019E009E0FEE7206900F02EFE2F
:10F29000206008B19DF81400207100E0257109A8D4
:10F2A0000023A0601A4621464846D047206900F056
:10F2B0002BFF2169414500D1256110B0BDE8F087E1
:10F2C000A05D012010B5040010D0012108F039FA2A
:10F2D0004FF6FF70A0640121E06A04F030FD204683
:10F2E0000022BDE81040272108F09BBCFEE700008B
:10F2F00070B500200C46C86216A1C4E90D10206349
:10F3000094F84C1041F0300184F84C104FF6FF7126
:10F310002064C4E91101E06394F84C004FF480616B
:10F3200020F00F00083084F84C00204604F007FD60
:10F3300009A1204600F0BBFA204605F011FE014667
:10F340000C4805F08BF8054605F0EEF8E562EC6236
:10F3500070BD0000EF81B8004F7074696F6E20318E
:10F360000A4F7074696F6E20320A4F7074696F6E45
:10F3700020330000C0F3030810B50146034805F030
:10F380006DF8044605F0D0F8204610BD9CF3030844
:10F3900070B5C86A0C46002510B105F05DF9E5624C
:10F3A00094F84C00C00603D4A06B00F0C1FEA56326
:10F3B00070BD000070B50E464B4805F06EFC01288C
:10F3C00046D1304600F0F9FA0546304600F0FDFA25
:10F3D0000446132D16D0142D23D0152D21D00B2D1E
:10F3E00023D0322D25D0312D23D0342D25D0112DF1
:10F3F0002FD0122D56D01D2D2AD13046BDE8704099
:10F40000EEF757BC05F04DFD01F072F9054601F02D
:10F410007FFF02F060F904281AD17DBB616C2046A1
:10F420002164BDE87040FFF74DBFBDE87040EAF7CA
:10F4300065B8BDE8704008F086B8304600F016FBAD
:10F4400005460021204606F05EFD00F05BFE686088
:10F4500070BD304600F0EDFA132810D012280ED0FF
:10F46000142816D0112814D01B28D7D00A28EFD181
:10F4700002F0ECF8A042EBD02046D6E720E0204690
:10F4800000F078F8E0B1D4E90F10401C884224D392
:10F4900070BD204600F06EF890B1206C0028F7D0C7
:10F4A000401E1AE000F066F850B1304600F0E0FA75
:10F4B000216C0144E06B421E8A4206DD0B4605E0EA
:10F4C0002046BDE8704000F0B5B81346002B01DAC5
:10F4D000002002E08A42E3DD084620642046BDE8C1
:10F4E000704001210EF0BEB89CF3030808B1C06B58
:10F4F0007047FEE720B1806B002800D101A0704763
:10F50000FEE700000000000008B1006C7047FEE755
:10F510002DE9F04190460E4640B104460025806B2F
:10F520002F4620B10AF032FC002109E0FEE70F70FF
:10F53000BDE8F081A26B525C0A2A00D16D1C491C07
:10F54000814202D2626CAA42F4D10022A8F10105E4
:10F5500008E000BFB8F1000F01D0AA4208D2B354AE
:10F56000491C521C814203D2A36B5B5C0A2BF1D174
:10F57000B754DDE710B530B1C06A012106F0EAFDED
:10F5800080F0010010BDFEE72DE9FC410F46084662
:10F5900000F013FA0546202805D03946244805F026
:10F5A0007CFB012839D1384600F00FFAC46A0646C0
:10F5B0000B2D0ED0012D17D00C2D30D0202D2CD19D
:10F5C0003846EDF706FE3946BDE8FC41184805F01F
:10F5D00064BB01F09DFE02F06EF800281DD130469C
:10F5E000BDE8FC41F5F759BF01F092FE050014D0CB
:10F5F00002F071F8012804D0284602F06CF80328C4
:10F600000BD16946284602F039F820460199F0F7F7
:10F61000E1FDA064304607F022F9BDE8FC814FF619
:10F62000FF70A0643046BDE8FC4107F018B9000047
:10F63000C0F303082DE9F843040038D0012104F099
:10F64000C9FB204605F08CFC0146E06A08F08CFB03
:10F650004FF0FF31E06A07F05DFA0121E06A07F040
:10F66000FFFF00222621204608F0DBFA2046F0F7B3
:10F67000F3FE8046A16B03F0D4FB6FF04041E06ADB
:10F6800008F0D7FC404608F037FFE06A06F014FDAA
:10F690000546204606F010FD854210DC94F84C002B
:10F6A00000F00F00042803D0082801D007E0FEE78F
:10F6B000204606F001FD0146E06A08F0BAFC40462B
:10F6C00005F0F6FB07460021E06A06F08FF90546D3
:10F6D00000211022E06A06F0D9FA46190021112211
:10F6E000E06A06F0D3FA4119B819471894F84C00AB
:10F6F0003D4600F00F06082E02D0042E1BD02DE050
:10F70000F9F70CFDF9F7A0FD216A2944884225DAB2
:10F71000F9F704FDF9F798FD216AA569411AA94294
:10F7200001DA042605E0F9F7F9FCF9F78DFD216A05
:10F73000451A6D1E12E0A069401B0FD5F9F7EEFCCB
:10F74000F9F782FD216AA569411AA94206DD08265A
:10F75000F9F7E4FCF9F778FD216A451ABD4200DDAE
:10F760003D462946E06A08F0B4FA002120460DF033
:10F7700079FF0020082E06D0042E09D0012E0CD0CF
:10F78000022E0FD015E0009000230D22E06A0DE05C
:10F79000009000230A22E06A08E000900023102273
:10F7A000E06A03E000900023E06A1322214604F09F
:10F7B000BDFBE06A08F0A0FE94F84C0000F00F00DA
:10F7C000012801D0022817D1E06A06F09FFC064606
:10F7D000E06A06F0B0FC0546F9F7A0FCF9F734FD45
:10F7E000A84209DCF9F79AFCF9F72EFD281A311A1C
:10F7F000491EE06A08F04DFC00214046A26B04F06F
:10F800000EFE022808D04FF0000303281A4601D04C
:10F81000012104E0032102E000231A46022101B085
:10F820004046BDE8F04304F072BB2DE9F0410E46BE
:10F83000040004D026B100252846E56307E0FEE772
:10F84000FEE70A2902D1E16B491CE163401C315CEF
:10F850000029F6D1E06B401CC4E90F053046656411
:10F860000AF094FA471CA06B30B194F84C10C9060A
:10F8700002D400F05DFCA563384603F0A9FEA06346
:10F8800090B131460AF066FA94F84C0020F010016D
:10F89000204684F84C1006F0E2FFE06A002804D00D
:10F8A000BDE8F04106F0DBBFFEE7BDE8F08170B5D2
:10F8B0000E46040004D026B100252846E56307E083
:10F8C000FEE7FEE70A2902D1E16B491CE163401C17
:10F8D000315C0029F6D1E06B401CC4E90F0565647A
:10F8E00094F84C00C00604D4A06B10B100F020FCCA
:10F8F000A56394F84C0040F0100184F84C102046A9
:10F90000A66306F0ACFFE06A002803D0BDE87040B3
:10F9100006F0A5BF70BD10B5040013D0206C88425E
:10F9200011D0E06B884200D8411E21646164E06A16
:10F9300018B1002120460DF095FE2046BDE810408C
:10F9400006F08DBFFEE710BD10B50C464FF4806188
:10F95000204607F085FE0421204607F081FE4FF483
:10F960000031204604F0EBF90121204604F0E7F9CC
:10F970002046BDE8104002F02DBCC86A0021C162DB
:10F980007047F8B507461C4615460E460C2003F096
:10F990001FFE009028B10660C0E90145786808B1F3
:10F9A00005E0FEE7042201213846F6F703FF694629
:10F9B0003846F6F710FF0098F8BD806820F4004044
:10F9C000704708B140687047FEE70068704710B59F
:10F9D00028B1EFF73EFB002800D0006810BDFEE71D
:10F9E0008168012923D0022921D003291FD00429AD
:10F9F0001DD008291BD0092919D00A2917D00B2995
:10FA000015D00C2913D00E2911D00F290FD0102991
:10FA10000DD011290BD0132909D0142907D015298D
:10FA200005D0182903D0192901D00020704700F013
:10FA30001DB810B58168112901D0002010BD00F05B
:10FA400015F80028FAD0006810BD81681D290BD078
:10FA50001C2909D01E2907D0202905D01F2903D031
:10FA6000212901D000207047AFF300800069704762
:10FA700010B58168122901D0002010BDFFF7F6FFF4
:10FA80000028FAD0006810BD40687047C068704711
:10FA90000849096F0AE04A68824202D00A68824235
:10FAA00003D10A7E42F001020A7649690029F2D1A7
:10FAB00070470000B85C0120014940690867704741
:10FAC000B85C012002490A6F426108677047000074
:10FAD000B85C0120F0B587B01E4614460F460500FD
:10FAE00013D068461C22002103F0A5FE0496009462
:10FAF000CDE901476846FFF7E5FF01226946284640
:10FB000000F039F8012806D100E0FEE7002269463E
:10FB1000284600F030F8024A0599116707B0F0BD99
:10FB2000B85C012010B504000BD0FFF750FF0100B6
:10FB300008D02046EFF7BEFA2046EAF7ADFF0120D5
:10FB400010BDFEE7002010BD70B5060002D00024F5
:10FB5000756809E0FEE721463046EFF77AFA01685A
:10FB60003046EFF7A7FA641CAC42F4D33046BDE848
:10FB70007040EAF791BF2DE9F04786B092460D46F6
:10FB8000040006D0287EC00705D0002006B0BDE8DE
:10FB9000F0870120FAE7142221466846E1F7B2F81F
:10FBA000207D4FF0010800F0010940F001002075B0
:10FBB0000026676822E031462046EFF74AFA0068DF
:10FBC0000168D1B18168C1F30042B2B9C1F3C0325A
:10FBD000524512D131F4004102D0AA688A420CD1B8
:10FBE0004168E960016828468847287E81070AD471
:10FBF000C00702D04FF0000805E0761CBE4202D2DA
:10FC0000287EC007D7D0B9F1000F0DD1287EC007DC
:10FC100003D06846EAF74FFF06E0207D20F00100A0
:10FC200020752046EAF738FF4046AFE710B50C468E
:10FC300081681B2906D1FFF719FF0168A14200DD89
:10FC40000C46046010BD017E41F002010176704750
:10FC500004480349026E9160006E0021C160704744
:10FC600081F60008B85C01202DE9F0478A4601685A
:10FC7000D1F818808169D9B1D8F8042002EBC10706
:10FC8000417C890707D53968D8F80000C1F3130112
:10FC90000844BDE8F0873A79797912FB01F1DAF886
:10FCA000106029B1B0F80E90B8F81200800B01D0A6
:10FCB0000020EEE73968D8F80000C1F313014518B9
:10FCC00000240E211046FAF715FAB8F81210C1F305
:10FCD0004321012906D0022966D0042971D00829C0
:10FCE00070D0FAE000235BE0B9F1000100D139796E
:10FCF0008AB2002149E000BF14F007040ED0012CA5
:10FD000011D0022C14D0032C17D0042C1AD0052C9F
:10FD10001DD0062C20D0072C29D034E095F800C047
:10FD20004FEA0C6C1CE095F800C04FEA4C6C17E0F1
:10FD300095F800C04FEA8C6C12E095F800C04FEACD
:10FD4000CC6C0DE095F800C04FEA0C7C08E095F80B
:10FD500000C04FEA4C7C03E095F800C04FEA8C7C71
:10FD60004FEA2C2C4FEA1C6C06F801C00BE095F80A
:10FD700000C05FEACC7C01D04FF0FF0C521E06F8A9
:10FD800001C092B26D1C491C641C97F804C08C45DC
:10FD9000B2DCB9F1000F01D00024154406445B1C0D
:10FDA00079799942A0DC98E000224F4B42E000BFF5
:10FDB000B9F1000101D0884601E097F804800021E4
:10FDC0002DE03BE070E000BF14F0030406D0012CEE
:10FDD0000BD0022C0ED0032C15D01EE095F800C0DD
:10FDE00003EB9C1C9CF800C00AE095F800C0CCF323
:10FDF000011C03E095F800C0CCF3810C13F80CC093
:10FE000006F801C009E015F801CBA8F101080CF0D3
:10FE1000030C13F80CC006F801C0491C641C97F8C9
:10FE200004C08C45D0DCB9F1000F01D0002445445A
:10FE30000644521C79799142BADC4EE0DFF8A88082
:10FE4000002308F1040822E0B9F1000100D139795A
:10FE50008AB2002110E000BF14F001041BD04CB1A5
:10FE600015F801CB521E0CF00F0C92B218F80CC012
:10FE700006F801C0491C641C97F804C08C45EBDCF3
:10FE8000B9F1000F01D00024154406445B1C7979B8
:10FE90009942D9DC21E095F800C008EB1C1C9CF8C5
:10FEA00000C006F801C0E5E7002313E0B9F1000146
:10FEB00000D139798AB2002106E000BF15F8014B64
:10FEC000521E745492B2491C3C798C42F6DC0644B2
:10FED00015445B1C79799942E8DC00215046F9F71A
:10FEE000F0FF5046D5E6000055B0030870B5044653
:10FEF000006860B1627C550822F0020262744268B8
:10FF000020469047617C65F34101617470BDFEE756
:10FF10002DE9F05F994693460C00074611D08FB14A
:10FF2000017D4FF0010A002605462AEA9108204685
:10FF30002022314603F07FFCB8F1000F03D04B467E
:10FF400002E0FEE7FEE70023D5F800C05A4621464E
:10FF50002846E04738B1607CC00701D016B102E006
:10FF6000256010E02E46ED69002DE5D176B1B8F19F
:10FF7000000F01D04B4600E0002335685A46214669
:10FF80003046A84726600120BDE8F09FF86800EBE6
:10FF9000D0704008E080801CA0800020E0812060BC
:10FFA000B98921816081A08184F810A0607C40F033
:10FFB000010060740020E7E72DE9F0479A460C46FF
:10FFC0008146092A50D000271146D9F81850F0F779
:10FFD0006BF8061E46D0E8684FF0000850B1514655
:10FFE0004846F0F761F8020004D031464846F0F781
:10FFF00099F980466868298A00EBC60001FB08F180
:020000040802F0
:100000000A110168090D07B14900114408310909B5
:10001000A180417921810179E18090F906206281F6
:1000200090F90700A081287D08B36A8AC2F34322B1
:1000300011FB02F2D21DD208521E0244B2FBF0F2B2
:100040004243E281688AC0F343202074607C20F040
:1000500001006074A66127B14FF6FF7000EA41000D
:10006000E0800120BDE8F08701272022ACE70020D6
:10007000E081E7E770B50446006820B1017D09071B
:1000800002D4002070BDFEE7617C4D0841F0020102
:1000900061744268002120469047617C65F341010C
:1000A000617470BD10B588B0202929D3A1F5C06452
:1000B0001C3C25D0A1F588545F3C21D0B1F58B5F65
:1000C0001ED0A4F2AC63032B1AD9A3F50063042B52
:1000D00016D91D3B072B13D9373B102B10D9A1F58F
:1000E0007E44FF3C0CD0A1F57844FF3C08D0134679
:1000F0000A466946FFF70CFFBDF8040008B010BDC2
:100100000020FBE7C068704758B1C169002909D0D9
:100110000268002A06D09368002B03D001461046DF
:100120001847FEE77047007DC0F3C000704700002D
:100130000349884203D0002801D000F003B870477B
:10014000205D012070B506460BF0FBFE084D04460D
:100150003146D5F8D4010BF024FFD5F8D811A142CF
:1001600001D9081B00E00020C5F8D80170BD0000CF
:10017000B85C012070B504464068C0B10269C2B1E4
:100180002168904705466068406850B1A16841B158
:10019000401C03D0C86808B1FFF7CAFFA068FFF78A
:1001A000C7FF002020606060A060284670BD0B2063
:1001B00070BD092070BD000070B560B161B162B161
:1001C000002313600B600378413B1A2B18D243784D
:1001D0003A2B15D102E0FEE7FEE7FEE700240223FA
:1001E00006E000BF04EB84046400303C2C445B1C3C
:1001F000C55C2D2D02D01DB1402BF3D3402B01D176
:10020000002070BD5B1CC55C2E2D0CD05DB1402B59
:1002100009D2156805EB85056D001560C65C35448F
:10022000303D1560EEE701200C6070BD70B50446EE
:100230000848054603F0CCF808E008680078A042BA
:1002400001D1086870BD284603F0D4F80100F4D14C
:1002500070BD0000A45E012010B5044609F096FDB3
:1002600040B1215C2E2907D02F2903D05C2901D071
:10027000401EF6D102A010BD2044401C10BD00005D
:10028000000000000421014803F0BFB8A45E012073
:100290002DE9FC41174605460E002ED0684600F0B9
:1002A00021F99DF80000FFF7C1FF040027D0A168E5
:1002B00009B1884728B3E06828B36C606068401CC7
:1002C00023D0E36801993A462046984768B3411C19
:1002D0002BD02860606868B1102003F09DF9A860F9
:1002E000A8B16168491C13D04FF0FF31016048008C
:1002F000A96848600020BDE8FC810B20FBE70320D3
:10030000F9E70120F7E70920F5E72D60E2E7FEE7CE
:10031000021D00F10C013046FFF74EFF28B1A9681D
:1003200000200860A9688860E4E70C20E3E72DE975
:10033000FC411C0016464FF0000300D023604268C9
:1003400072B155687DB155697DB1D2696AB10193C9
:1003500045686A685AB101AB324600F016F80FE002
:100360000B20BDE8FC815269F0E70920F9E701AAFA
:10037000009200680A4601466F6933462846B8472E
:10038000002CEED001992160EBE72DE9FF4F0546E7
:10039000806899460027D0E900C18668D0F80C80B3
:1003A0006868144683B0436832469B46BA46B445F3
:1003B00057D88E4255D88E1BA1EB0C00761C801BA3
:1003C000401C5B1C02D1B44200D9741EB44208EB3D
:1003D000000106D82246049803F072F9C9F80040DB
:1003E00076E03246049803F06BF9A868002342686F
:1003F000D5E90010521CC769B847A11BCDF804A06D
:1004000001A88A465A465945009008D904980B46D7
:100410008219D5E900104769B847074619E0D5E9C0
:100420000010134647694246B8470746A868416826
:10043000491C01600198AA68431E19445160514645
:10044000824500D2084682B204984146304403F007
:1004500037F901983044A04200D20446C9F8004060
:1004600033E0C76929680023B8475C4509D9CDF84E
:100470000090D5E9001023464669049AB047074624
:1004800023E0B8F1000F06D1584603F0A1F8A9689F
:10049000C860E0B1804601A8CDE9000AD5E90010A6
:1004A0005B4647694246B8470746A8680660019A16
:1004B000A868511E31444160944200D22246C9F8D6
:1004C00000204146049803F0FBF80FB106E0FEE778
:1004D000A868D9F8001082681144816007B03846D6
:1004E000BDE8F08F0B7863F3070223B111F8013FE9
:1004F0003A2B00D1491CC0E900217047F8B51346DA
:1005000045680A460446DDB1EE696868D0B10EB3AD
:10051000286AF8B10020FBB1012B1FD0022B0ED1AD
:1005200028462168B047002809D1D4E900106A465E
:10053000036A9847002802D1A26800999160F8BD2B
:100540000B20F8BD36B1216801B02846B446BDE89D
:10055000F04060470920F8BDA16802E0A1688B68FF
:100560001A448A60F8BD000004480349026E116114
:10057000006E002141617047B90D0108B85C01208F
:1005800070B506000D461AD0084600F0DEF8A868DF
:1005900010B9284603F04EFEA8684660304602F0C7
:1005A0008BFF04000AD03046256002F011FFA04204
:1005B00005D13046BDE8704000F0B2B8FEE770BD2E
:1005C00010B50B4802F029FF04000FD0042102F0FF
:1005D0001CFF0020E060217F206121F0030141F039
:1005E0000C0160612177A061204610BDFEE700008C
:1005F000F05C012010B504000DD0084A0849EFF75F
:10060000AAF96269002A07D0002805D12046BDE872
:10061000104001211047FEE710BD0000F53302082D
:10062000D133020870B5060043D004F03AFC040050
:100630003FD0207FC0073CD10021204600F0EAF8DF
:10064000204602F0C5FE32E02868B0422BD1E068B7
:1006500088B10068B0420ED02046EFF7DDFD0246BB
:10066000E0681421006807F0DCFA012821D1E06875
:10067000006806F0F4F8E560002D1AD0216909B190
:10068000204688472046EFF7C7FD0246E068132161
:10069000006807F0C6FA01280BD1E0680068BDE8E1
:1006A000704006F0DCB82946204602F0A3FE0500A3
:1006B000CAD170BD10B504000DD0084A0849EFF743
:1006C0004AF96269002A07D0002805D12046BDE812
:1006D000104000211047FEE710BD0000FD33020866
:1006E000033402080148406C70470000B85C0120E8
:1006F000002802D0007FC0F340007047002803D0DC
:10070000C068002800D00068704708B102F064BEDD
:10071000FEE700002021014802F077BEF05C0120D6
:1007200070B50446007FC0F3C00540F00800207794
:100730004007204602D4FFF75DFF01E0FFF7BAFF54
:10074000207F65F3C300207770BD2DE9F041064698
:1007500004F0A7FB04003DD0E068002740B3006828
:10076000B04220D1207FC10702D020F001002077C5
:10077000204602F02DFEE16888420FD1204602F0AB
:1007800040FEE168884209D12046EFF745FD024668
:10079000E0681421006807F044FA02E02046FFF701
:1007A000BFFFE06820B1E0680068B04200D1E760B8
:1007B000204602F00DFE11E028682946B04220468E
:1007C0000AD102F0CFFE2846FFF7B2FCB06800283D
:1007D00000D04760BDE8F08102F00CFE0500EBD1CF
:1007E000F8E713B548B1FFF789FF040003D0802173
:1007F00005F0C0FC10B101201CBDFEE701AA1121CB
:10080000204607F00EFA1CBD0149486470470000FD
:10081000B85C012070B504001CD0207FC0F34002FA
:100820008A4218D061F3410020772046FFF766FF27
:10083000050010D02046EFF7EFFC0246E0681321D8
:10084000006807F0EEF9012805D12846BDE87040A0
:1008500006F005B8FEE770BD2DE9F0478AB05FEA03
:10086000030ADDE91387DDF8489015460E46044675
:100870000FD14FF4807189450BD1884509D1551EA0
:100880000020E560761E2060C4E901060AB0BDE8DC
:10089000F087202102A8E0F76FFA0496CDE9075609
:1008A00009950125CDE9007543464A46514602A8FF
:1008B00007F097FFCDE9007543464A46514604A824
:1008C00007F08FFFCDE9007543464A46514606A81A
:1008D00007F087FFCDE9007543464A46514608A810
:1008E00007F07FFF04990298884200DB0846089AC7
:1008F0000699914200DB1146884204DA0499029875
:10090000884205DB03E006981146904200DB08466A
:10091000206004990298884200DC0846089A0699EB
:10092000914200DC1146884204DD04990298884215
:1009300005DC03E006981146904200DC0846401EA4
:10094000A06005990398884200DB0846099A079938
:10095000914200DB1146884204DA059903988842E7
:1009600005DB03E007981146904200DB0846606013
:1009700005990398884200DC0846099A0799914234
:1009800000DC1146884204DD05990398884205DCA5
:1009900003E007981146904200DC0846401EE060E4
:1009A00074E700001CB50D4CD4F82C1199B90C4A11
:1009B000D2E900319268CDE90012024618210948B7
:1009C000F6F779FF08A1C4F82C01F7F707F8D4F877
:1009D0002C01002800D001201CBD0000B85C0120C3
:1009E00074EA0308B8EA0308494D4147450000008E
:1009F0000248D0F82C01F6F7CCBF0000B85C01200B
:100A000070B50025CD62886D0C4620F07C0040F06A
:100A100003008865084605F04FFBE063204604F0BC
:100A200047FAC4E910054FF48070A064E064A06D3B
:100A3000002240F08000A065114604F1340007F068
:100A4000BEFE0B4904F150000A4607F0B8FEA06D47
:100A5000022120F4706000F51060A065204606F0C9
:100A6000FFFD2046BDE870404FF4803103F067B9C8
:100A70003200002010B50146034803F0EFFC0446A5
:100A800003F052FD204610BD78F303082DE9F04134
:100A900080460D4817461E46D0F82C010022F6F776
:100AA000F9FE051E0DD0F6F747FF0446C760007A31
:100AB000012803D1606809F057F96060C4E9048631
:100AC0002846BDE8F0810000B85C012010B504465E
:100AD0000068002812D0C2680AB121469047FFF78B
:100AE00087FF00280AD0206C002807D0616C0029FD
:100AF00004D0BDE810400022F6F750BF10BD000042
:100B000010B5054802F089FC040004D01C2102F055
:100B1000CAFE204610BDFEE7D85D012070B505680D
:100B20000E460021AC682CB11346014632462846D9
:100B3000A0470146084670BD30B593B00D46044647
:100B40004C21684602F0AFFE2046039400F0CFFB34
:100B50008DF8100029466846F1F78EFA002800D07B
:100B6000012013B030BD000070B50D4604461C21B5
:100B7000054802F04AFC2046FFF714FF2846BDE86E
:100B8000704000F0CDB90000D85D0120F0B50D46F1
:100B900087B0164604464C2102F085FE85B12846F2
:100BA000E56000F0A4FB2074FFF722FF0025F8B1F8
:100BB0002148D0F82C0120642EB1B07818B117E08C
:100BC000002007B0F0BD217C206C8DF80810E16892
:100BD000019100226946F6F74BFE070008D0F6F7B0
:100BE000ABFEC168E1620069676420600120E8E74C
:100BF00004F120012046F1F73FFA20600028E0D000
:100C000026B1316861603179217201E06560257239
:100C1000426821469047054601280AD1E06A40B162
:100C2000416941B1816931B1217A11B10021F9F7EE
:100C300048F92846C5E7FEE7B85C0120F8B50C0086
:100C400051D0051D0079294F30B32088C0F307210A
:100C5000142921D0A08880B2F9F74CFA06462089E1
:100C600081B23046B14217D001462046F8F71DFF49
:100C7000012811D000962088C0F307236068020C79
:100C800081B23846F9F7A4F806002CD0002322469A
:100C90001946F9F782F83446687810B32088C0F313
:100CA0000720A0F10B0104291BD3F7F7F3FEC0B115
:100CB00001212046F9F77AF998B92088C0F3072076
:100CC0001A280ED020212046F9F770F908B12046E5
:100CD00005E021463846F9F7D2F8040003D0F9F7C9
:100CE000C7F92046F8BD0020F8BD0000BC5D01201A
:100CF000C160704781607047016070474160704714
:100D000010B591F858000C4600F00300012801D0FE
:100D1000022808D1E06AFFF70BFA0020E062A06D1C
:100D200040F00300A06510BD2DE9F0418AB088466F
:100D30000846FEF742FE05464146704803F0ADFF07
:100D400001281CD14046FEF740FE044607A900F0EA
:100D5000D7F8322D16D007AF4FF480761B2D20D058
:100D6000312D5CD0162D73D0342D70D01D2D03D0B5
:100D7000202D01D01A2D02D14046EBF7BBF90AB065
:100D8000BDE8F08194F8580000F00300022804D177
:100D90002046E16A00F005FAF1E7204606F0B1FBD3
:100DA000EDE74046FEF762FE0546606C28B9A06C90
:100DB000B04202D1E06CB042E1D0204605F07CF9AF
:100DC0008046204604F074F80646B4F84C00B4F8A7
:100DD000481080B289B2CDE90010029732464146F0
:100DE00003A8636CFFF738FD0398296840428142ED
:100DF00000DD0846286004994942884200DC084624
:100E00002860059AA2EB0801884200DC08462860A9
:100E10000699891B884200DC08462860AFE7B4F8D1
:100E20005800C0F303200B2803D00D2801D00E2852
:100E3000A5D1204617F06BFD606C0028ADD1A06CE9
:100E4000B042AAD1E06CB042A7D198E700E04DE0F3
:100E50004046FEF70BFE0546204605F02DF9E16BF6
:100E6000884238D1204604F023F8216C884232D1E0
:100E7000A06CB04204D1E06CB04201D1606C50B3C0
:100E8000204605F019F90646204604F011F80246FE
:100E9000B4F84C00B4F8481080B289B2CDE9001023
:100EA0000297636C314603A81434FFF7D5FC03980E
:100EB0002168002208440390049861680844049063
:100EC00005982168084405900698616808440690D2
:100ED00003A8296806E06946204603F054FF002273
:100EE00068462968F5F7A2FB287148E74046FEF7F7
:100EF000BDFDE16B0160216C416040E778F30308C0
:100F000070B50D4658B10446C16B006D07F078FB13
:100F10002860216C606D07F073FB686070BDFEE7B0
:100F20001CB50D4CD4F8301199B90C4AD2E90031F6
:100F30009268CDE90012024618210948F6F7BBFC79
:100F400008A1C4F83001F6F749FDD4F830010028B3
:100F500000D001201CBD0000B85C012080EA03081D
:100F60008CEA0308494D4147455F48454144455295
:100F7000000000000248D0F83001F6F70ABD00007A
:100F8000B85C01202DE9F04389B015460E460400F7
:100F90007FD0B4F85800C0F303200A2801D90026F6
:100FA0003546206DB04202D1606DA8426DD020461A
:100FB00007F0A2FA204605F07FF88146204603F0AC
:100FC00077FF804607A92046FFF79AFFB4F84C0048
:100FD000B4F8481080B289B2CDE9001007AF02978B
:100FE0004246494603A8636CFFF736FC03996069E3
:100FF000084403900499A069084404900599606925
:10100000084405900699A0690844069003A9204663
:1010100005F042FC2A46314604F1500007F0CFFBB0
:10102000204603F015FF05460021F8F757F8204643
:1010300006F067FA01212846F8F750F807A920467C
:10104000FFF75EFFB4F84C00B4F8481080B289B2E4
:10105000CDE9001002974246494603A8636CFFF7AA
:10106000FBFB03986169084403900498A169084454
:10107000049005986169084405900698A1690844A0
:10108000069003A9204605F007FC09B0BDE8F083EF
:10109000FFE7FEE72DE9F0418AB00D46040007D0D6
:1010A000B4F85800C0F303200A2806D900250DE043
:1010B000FEE700BFA5F5616501E04FF46160854280
:1010C000F8DA01E005F56165002DFBDB606CA842F4
:1010D00064D0204607F010FA204604F0EDFF804669
:1010E000204603F0E5FE074607A92046FFF708FF64
:1010F000B4F84C00B4F8481080B289B2CDE90010C1
:1011000007AE02963A46414603A8636CFFF7A4FB7C
:1011100003996069084403900499A0690844049005
:1011200005996069084405900699A06908440690ED
:1011300003A9204605F0B0FB2046656403F088FE55
:1011400005460021F7F7CAFF204606F0DAF901212B
:101150002846F7F7C3FFB4F84C00B4F8481080B243
:1011600089B2CDE9001002963A46414603A8636C65
:10117000FFF772FB03986169084403900498A16922
:101180000844049005986169084405900698A1698F
:101190000844069003A9204605F07EFB0AB0BDE88E
:1011A000F0812DE9F0418AB00E46040013D005F01D
:1011B00056FB304600F09BF80546032805D06946EB
:1011C0003046FFF7B9FC012806D020460EF0CDF9D5
:1011D0000AB0BDE8F081FEE725B1012D19D0022D3E
:1011E00017D05DE00098000CC00605D57069002896
:1011F000EED0B0690028EBD094F8580000F003005E
:10120000012801D0022802D1E06AFEF791FFE662D0
:1012100046E0E16AB14212D094F85800002700F08D
:101220000300012801D0022800D10F46304608F003
:101230009BFD38B1E06217B13846FEF779FF022D09
:1012400001D02DE0FEE7204600215A2204F01EFDC9
:101250004FF000080746CDF81480CDF81880CDF87F
:101260001C8020465B224146CDF8208004F00EFD14
:10127000059020465C22414604F008FD06906FF080
:10128000604007908DF8208005AB3A46314603A8B0
:1012900009F06CFD0398ADF804000498ADF8060061
:1012A000A06D65F30100A065019881B2E16301982A
:1012B000010C21640098010AA06D61F38600A0650D
:1012C000204606F040F9204617F021FB606C38B943
:1012D000A06C4FF48071884202D1E06C884202D049
:1012E000204606F00EF9204605F0B9FA70E730B155
:1012F0000078A0F120015F2903D801207047032066
:101300007047802801D302207047002070470000FA
:101310000148406D70470000B85C012010B5F7F738
:10132000FDFE184802F079F804002AD04FF4A272AA
:10133000002102F080FAE07A224640F00600E072D6
:101340001E2111480AF0AEFC6062F7F7E7FE20624A
:10135000002020700120A0720A2084F8280084F860
:1013600029004FF4C870A0856420E085322084F8FD
:101370002B00032084F82A004FF48070206320465D
:1013800010BDFEE7005D0120F91702082DE9F04FBE
:101390008DB04FF0000A0446CDF818A090F8280050
:1013A0000290D4F8D090CDF814A0E16CD4F8B80035
:1013B000D3460844C4F8B800216DD4F8BC000844F2
:1013C000C4F8BC0029E100BF4FF000084FF480755D
:1013D0002E46CDF81C804F46CDF8208019E0002124
:1013E000384604F0C3FD40440FFA80F80021384627
:1013F00004F0BFFD00900021384604F0C2FD014614
:1014000000984E4345432D123612384603F0A4FD92
:101410000746002FE3D105B9012506B90126D4E915
:101420002E01B8F1000FCDE9030105D14FF4807012
:10143000854201D186420FD0C8F1000001B24FF4BD
:10144000803090FBF5F290FBF6F3002507A8CDE97C
:10145000000503A807F0C5F90398002800DC404206
:101460000499002900DC494288424FF0010001DD67
:10147000834600E005901021484604F06BFE0028EA
:101480007ED0059D5F462E46B846484603F0C0FD17
:10149000C10700D10027810701D44FF000084107A0
:1014A00000D40025000700D40026484603F08EFE35
:1014B00050B10AAB6A4603214846EFF7F5FC9DF8A8
:1014C000000048B1012009E0484603F0C9FD099039
:1014D000484603F021FE09E04FF0FF3009909DF8E7
:1014E000280008B1012001E04FF0FF30019048468C
:1014F00003F074FE50B10BAB0AAA0C214846EFF77B
:10150000D3FC9DF8280048B1012009E0484603F0CB
:101510006DFE0090484603F02DFD09E04FF0FF30CE
:1015200000909DF82C0008B1012001E04FF0FF3041
:101530000099002901DC00280DDD1DB1049A0299F3
:101540008A4205DA3EB10299049A49428A4202DC93
:101550000C21CA4606910999002902DC019900294B
:1015600011DD1FB1DDE902128A4207DAB8F1000F7E
:1015700009D0DDE9021249428A4204DCCA4600E091
:1015800036E0032106910099002900DC002500289F
:1015900000DC00260998002800DC002701980028BC
:1015A00001DC4FF000081FB1DDE90201814212DACF
:1015B000B8F1000F04D0DDE90201404281420ADDAA
:1015C0001DB104990298814205DA8EB102980499FE
:1015D000404281420CDCBBF1000F01D0032100E04E
:1015E0000C2194F8100161F3030084F8100118E055
:1015F0004FF48071484604F0ADFD3BEA000010D185
:101600004FF40071484604F0A5FD01460598884353
:1016100007D1484603F0A0FC8146B9F1000F7FF4E2
:10162000D3AEBAF1000F0CD094F81011069860F305
:10163000030184F810110020C4F8D8A044F8B80FB2
:1016400060600DB05046BDE8F08F00000148806D2D
:1016500070470000B85C0120002801D0D0F82001BC
:1016600070470000044A18B10146104601F0C2BE9E
:10167000104601F0ADBE0000005D012030B10278DF
:10168000012A05D0032A03D04FF0FF30086002E0A2
:10169000426B0A60806B48607047002805D0017873
:1016A000012903D0032901D00020704790F81001D0
:1016B00000F00F007047002805D00178012903D001
:1016C000032901D000207047D0F8D80070470028C7
:1016D00000D0007A7047002800D0007870470022C0
:1016E0000A604A60002808D00278012A01D0032A43
:1016F00003D1C26C0A60006D48607047F0B591B0CC
:10170000040074D03B4D6C65206A00286FD02046E1
:10171000F1F7B2FDE07A400769D5206AD0F8D0022F
:10172000002864D100276E4630464022002102F096
:1017300082F82078012804D0022807D0042808D095
:1017400009E0606C0990A06C0A9004E0D4F81801DC
:1017500000E00A200B906268204632B13146904783
:101760000E9810B90AF048FA0E90A07A022804D018
:101770009DF83C0008B1012600E000262046F1F764
:101780007BFDAF659DF8200020720E99E160012875
:1017900005D02078042806D1BDF83400B8B1216AFC
:1017A0000E98C1F80C032078012806D0022809D031
:1017B00004280CD003280FD012E069462046F1F728
:1017C000EDF90DE069462046F1F708F908E06946B1
:1017D0002046F0F7C9FE03E069462046F0F735FEE3
:1017E0002046F1F749FD002E9DD16F65AF6511B020
:1017F000F0BD0000B85C0120C068FFF77FBF0000AB
:1018000070B50D4638B1BDE87040F1F7C5BD294649
:10181000F1F7C2FD2046FFF725FF0400F7D101498B
:10182000886570BDB85C01202DE9F04F0446C06C9E
:1018300087B010B9206D00287BD0D4F8D8905FEA2B
:10184000090015D12046FFF7A1FD5FEA000970D01D
:101850002046F1F78DFE2021D4F8D00005F071FF6D
:1018600000220C21484606F0DCF9E07A800760D4BB
:101870004FF4807B4FF000085D465E464F460021E6
:10188000384604F073FB40440FFA80F800213846D4
:1018900004F06FFB82460021384604F072FB464399
:1018A00005FB0AF545F30F2546F30F26384603F0EE
:1018B00053FB0700E3D105B9012506B9012600272E
:1018C000B8F1000F03D15D4501D15E4513D0C8F1D9
:1018D000000001B24FF4803090FBF5F290FBF6F07F
:1018E00003B204A80597CDE9000712B2049704F1EA
:1018F0004C0006F076FF0297039794F8100100F071
:101900000F000328484615D003F070FC05464846F2
:1019100003F030FB03460C2000902A464846216D18
:10192000EDF7E0FA0390484603F072FBC10711D0CF
:1019300014E03BE003F0F0FB0546484603F090FB63
:101940000246032000902B464846E16CEDF7CAFAA8
:101950000290E8E70299002900DD0297810703D48D
:101960000299002900DA0297410703D4039900295C
:1019700000DD0397000703D40398002800DA0397DB
:1019800003AA02A9204612F069FADDE902124846CC
:1019900006F0ABF8E07A800708D454F8B80F029943
:1019A00008442060606803990844606007B0BDE89F
:1019B000F08F2DE9F84F0446D0F8D8005FEA00090F
:1019C0007DD094F81001000779D094F82970402157
:1019D000484604F0BFFB002518B9C4F8C450C4F849
:1019E000C050484603F0F2FB8046484603F0F6FB41
:1019F000064694F810016FF0604A00F00F01642071
:101A0000CAF1000B0C2902D003293BD05DE0C4F8D9
:101A1000C050B6B10C21204600F0CEF800906A46C6
:101A200000212046C4F8C45012F018FA5246594614
:101A30004846009BEDF77AFC009901230A18002123
:101A40003BE054F8C41FC7F16402514391FBF0F02E
:101A50002060484603F08EFA0746484603F0C6FB6E
:101A600002460C2000903B4648462168EDF73AFAC2
:101A7000024620600021484606F037F814F8B90CF9
:101A8000C43C20E0C4F8C450B8F1000F27D00321B3
:101A9000204600F091F80090002269462046C4F8E4
:101AA000C05012F0DBF9524659464846009BEDF70C
:101AB000BBFB0099012301440022484600E079E085
:101AC00005F01CFFE07A800774D4D4F8C000002829
:101AD00070D1D4F8C40000286CD10EB33BE054F8A8
:101AE000C01FC7F16402514391FBF0F020604846EB
:101AF00003F0B6FA0746484603F00EFB0346032000
:101B000000903A4648462168EDF7ECF9014620601E
:101B10000022484605F0E9FF14F8B50CC03CD2E7B6
:101B2000484603F063FB0646484603F023FA002EBE
:101B300006DC00280FDD002E02DA0123324603E026
:101B4000002808DA012342420021484605F0D6FE6B
:101B5000E07A80072ED4B8F1000F1BD1484603F07D
:101B60007FFA0646484603F0D7FA002E07DC002825
:101B700010DD002E03DA01230022314604E00028A4
:101B800008DA012300224142484605F0B7FEE07A18
:101B900080070FD422460E21484606F042F8E07A2C
:101BA000800707D494F8100120F00F0084F810018A
:101BB000C4F8D850BDE8F88F002804D0032906D017
:101BC0000C2901D000207047D0F8CC1001E0D0F8EB
:101BD000C81090F829200020C2F16402642303E0B9
:101BE0000844514391FBF3F10029F9D1704770B5D6
:101BF0000C4686B00546012104F0ACFAD8BBD4E906
:101C00000001CDE90401022204A9284606F026FCC1
:101C100004A9284604F0B5FA064605F114000FC8D9
:101C20008DE80F004FF48011284604F093FA38B184
:101C3000284603F031F9014602466846F4F733FCC2
:101C4000002204A96846F4F7F1FC80B1284603F0AD
:101C50007DF8401E04000AD4A86804A9006850F862
:101C60002400FFF7C4FF002803D1641EF4D516B189
:101C7000284606B070BDFFE70020FAE7134602468B
:101C800000F59470FDF726BF002806D00278022ADE
:101C900001D0042A01D1C0F82011704710B5024CC0
:101CA00084E80F0010BD000014010020002800D0BF
:101CB00041607047002804D00170C17A41F00201F0
:101CC000C1727047002803D0C17A41F00801C17287
:101CD0007047000070B5264D2879002846D12C4663
:101CE00020464FF40172002101F0A5FD4FF4497127
:101CF00004F1080001F089FB4FF4A27104F14800DF
:101D000001F083FB1B48A066012684F828600320AD
:101D1000E0658A20206343206067174806F0DEFDF7
:101D200001F0AEFCF8F77CF907F0C0FD06F002FC0C
:101D300009F0ACFFFEF7A6FA01F0EEF8F3F7E8FBC6
:101D4000FEF7E8FCF8F70EFDFCF738FA06F090FA1B
:101D500006F042FF08F036FC00210846FEF704FFBB
:101D6000F5F7E6F84420112801D02E7170BDFEE78A
:101D7000B85C0120D4C3B2A1CDAB341270B588B029
:101D80000D46040003D1F7F7C9F9040023D0F7F793
:101D900075FA00281FD0E06B400100D5FEE7002651
:101DA000BDB1049620460596F7F7D4F9401E06907B
:101DB0002046F7F749FA401E079004AA29466846CC
:101DC000F4F77EFB002806D094F84000072804D0E2
:101DD0000BE0C4F8646208B070BD009820F0070002
:101DE0000090029840F00700029094F83D0002280D
:101DF00008D06A4635212046F7F71CFB0128EAD1B6
:101E0000002514E004AD95E80F0004F1440585E8D1
:101E10000F0001201FE000BF04EB051100226846FF
:101E20004431F4F76DFB0028D5D16D1CADB2D4F868
:101E30006402A842F0D86946202802D304A9C4F855
:101E40006462D4F8640204EB00104430F4F75DFAE5
:101E5000D4F86402401CC4F86402002238212046F1
:101E6000F7F7E8FAB7E72DE9F04107469846154637
:101E70000E461C2001F0D0FB04000DD0C4F81880E1
:101E8000E560C4E9007625B1284601F0C5FBA060F5
:101E900018B12046BDE8F081FEE7FEE710B50C461C
:101EA0000421204605F0DCFB0020A06484F84C00EF
:101EB00084F84D00034602460521204602F027F82B
:101EC000002323220649204601F026FF0022114666
:101ED000204606F01AF82046BDE8104000F03CB954
:101EE000E51E020870B5FDF770FD040058D0F5F747
:101EF00033FC0146A0F57F40FF3877D02046F5F748
:101F000003FC050072D06AA107F018FF694E002893
:101F100047D069A1284607F011FF002847D067A1E4
:101F2000284607F00BFF002847D065A1284607F098
:101F300005FF00284DD063A1284607F0FFFE0028CA
:101F400047D061A1284607F0F9FE002854D0A06CC4
:101F500000284BD05DA1284607F0F0FE00285BD09A
:101F60005CA1284607F0EAFEF0B35BA1284607F023
:101F7000E5FED0B359A1284607F0E0FEB8B358A15A
:101F8000284607F0DBFE98B356A1284607F0D6FE98
:101F90000028A06C5AD02946BDE8704009F0B6B9B7
:101FA000FEE7002184F84C10204631680AE0012148
:101FB00084F84C102046716804E0022184F84C102B
:101FC0002046B168F5F71FFC2046BDE8704000F0E0
:101FD0008BB800222721204605F023FE012865D179
:101FE000A06C002862D004E016E020E05EE023E070
:101FF00027E0002227210BE000222621204605F0C1
:1020000010FE012852D1A06C00284FD000222621BA
:10201000BDE8704005F005BE0A21A06C09F0F2F899
:10202000A06C09F0BFFB002840D0A06CEEE7A06CCC
:10203000BDE8704009F07DBAA06CBDE8704009F0C1
:1020400081BAA06CBDE8704009F0AABA09F0A6FBFD
:102050000546A06C09F0CAFB00782D280FD02B286C
:10206000A06C16D0002109F025FC2D21A06C09F0F0
:10207000C9F8A06C691CBDE8704009F01BBC0121C7
:10208000A06C09F017FCA06C09F08AFA2B21A06C57
:1020900007E0012109F00EFCA06C09F081FA2D2166
:1020A000A06C09F0AFF82946A06CE4E770BD000011
:1020B0006162630028020020414243003123000096
:1020C000EF808D00EF849C00EF808C00456E74657E
:1020D00072000000EFA2A200EF819300EF81940054
:1020E000EF959A002B2F2D002DE9F041044607466D
:1020F00090F84D00174EC00708D094F84C0056F8E1
:1021000020103846BDE8F041F5F76FBBA06B4000EA
:1021100001F05EFA0546A06B420097F84C0056F8B5
:102120002010284601F0CCFA002006E035F8101007
:1021300021F4806125F81010401CA16B8142F5D874
:1021400029462046F5F751FB2846BDE8F041FDF74A
:10215000EFBF00005002002010B5044690F84C007C
:10216000054951F820102046F5F74DFB2046BDE803
:102170001040FFF7B9BF00002802002070B500250D
:10218000CD6291F85C006E1E20F0300000F0F0008F
:102190004E630C4681F85C002A46294604F154003F
:1021A00006F00DFB300CC4E91050A064C4E90E65C4
:1021B0000221204605F054FA0021204600F0EAFDF5
:1021C0002046BDE8704001A100F014BE546578744B
:1021D0000000000010B50146034802F03FF9044634
:1021E00002F0A2F9204610BDB8EF030810B591F82F
:1021F0005C000C46C00602D4E06AFDF799FF00209F
:10220000E06210BD2DE9FF5F8A46534802F045FDAC
:1022100001287DD15046FDF7D0FB05465046FDF71D
:10222000D4FB0446322D0DD0312D0BD01B2D0ED0FA
:10223000342D1BD01D2D6BD104B05046BDE8F05F8E
:10224000EBF7F6BB04B0BDE8F05F00F03FBB002148
:1022500003F056FEFDF756FFC11700EB9170811099
:1022600004B05046BDE8F05FFDF7E0BC94F85C00B8
:10227000000660D50021204603F042FE834600217F
:10228000204603F04FFE81460021204603F059FE10
:10229000074694F85C000026810600D50826400613
:1022A00001D546F001060021204603F081FE6FF0C3
:1022B0004041884204D1608D000501D44D1003E0F7
:1022C000204602F0AAFD05460021204603F0EBFB64
:1022D000A84204DC0021204603F0E5FB0546204629
:1022E000D4F8348000F016FD00200390CDE900976B
:1022F0008DF80C6002956B465A4604F14C00E16A79
:1023000008F034FD4146204600F01EFD002100E0AB
:1023100020E0204603F0C4FB0146206D814203DC2F
:102320000021204603F0BCFB206594F85C0020F0FF
:10233000800084F85C005046FDF798FB0268E16C71
:102340008A4200DD114601604168226D914200DC45
:1023500011464160BDE8FF9FB8EF03082DE9F04F3B
:1023600099B00C46050040D0F4B30021122203F0CE
:102370008DFC21681022A1EB000B0021284603F000
:1023800085FC6168A1EB000A13A9284602F00EFD46
:102390000026344613A8EF6AF4F771F8059000217F
:1023A000284603F0ADFD0C90FDF7ACFEB04681462B
:1023B000CDF83880CDF83C80CDF8408041462846A5
:1023C000CDF8448003F0AEFD0E900021284603F0C6
:1023D000B8FD0F902846EEF746F88DF8440013A894
:1023E000F4F75CF8109032E000E0FEE7FEE70F99AA
:1023F0000598414401EB490181420BDD95F85C00F1
:1024000000F00F00012805D19DF8440040F00400C1
:102410008DF844000EA800900023B819591E0C9A9C
:1024200008F076FB044408EB090082450BDC344AD3
:10243000009469461268384690470A280AD0385DE9
:1024400040B9641C06E00F99264601EB0008B85D10
:102450000028CCD14FF00008CDF8488007EB0609E2
:1024600028464146EA6A01F0DAFF01460C980EADB3
:1024700013AA8DE82500A31B4A4612A8E7F7CBFE56
:102480008DF85C804546CDF818802CBB28E006AB63
:102490000AAA0BA9484608F023FB9DF84400000750
:1024A00006D5069917A819F8011008F04AFD98B941
:1024B000DDE90B100A9AFDF7F5FD129A10448345E9
:1024C0001CDB06993144A14218D0A919795CA9B145
:1024D0000E99069D0844129006983044A042D6D327
:1024E000084C4846069922689047054622683146BE
:1024F0003846904719B02844BDE8F08F0695EFE7BD
:1025000068EA03086CEA03082DE9F74F8EB0174616
:10251000050050D0002F4FD00295EC6A00212246D2
:10252000284601F07CFF079020780026E8B3564A41
:1025300020460F99126890478046039604960596A8
:1025400006960298EDF78FFF8DF8180000212846B7
:1025500003F0F7FC04900021284603F0E3FC03900D
:102560000021284603F0CCFC0190FDF7CBFD82460C
:1025700009A9284602F01AFC09A8F3F780FF0D907C
:1025800009A8F3F78BFFB1464E460590A05D4D4676
:10259000F0B34FEA4A0B04990D98494459448142DB
:1025A00029DD029890F85C0000E006E000F00F00E2
:1025B00001281AD01FE0FEE7FEE77E600798012899
:1025C00003D0022809D0032803D03E6011B0BDE833
:1025D000F08F284602F021FC05E0284602F01DFCA1
:1025E00000EBD07040103860F0E79DF8180040F024
:1025F00004008DF8180003A8009000236019591EEC
:10260000019A08F085FA0644B0450AD3A05D00E0BF
:1026100007E030B1049A09EB0A0002EB00093546E5
:10262000B9E7B8F1000F10D004EB080010F8010C66
:102630000A2801D00D2808D114F8080028B9049AF6
:1026400009EB0A0002EB000945462C44A8EB050102
:1026500003AB2046019A08F0E6FB0F990890A942C7
:1026600002D0039908440890019803AA09A98DE8AB
:102670000700731B224608A80799E7F7CCFD0898C6
:10268000C7E90009A2E7000060EA030820B190F85A
:102690005C00C0F340107047FEE708B1C06A7047A5
:1026A000FEE708B1806C7047FEE708B1406C7047E8
:1026B000FEE700002DE9F04117460D46040028D042
:1026C00047B394F85C00C00626D4204604F0C7F84F
:1026D000E06A07F05BFB0646384607F057FB8119B6
:1026E000491CE06A06F0F2F9E062A0B1A5F57F416D
:1026F000FF3903D109490968884705463A46294602
:10270000E06A08F0CBFB2046BDE8F041002100F074
:1027100071BBFEE7FEE7FEE7BDE8F08170EA030863
:102720002DE9F04F97B089465FEA000835D0B9F13E
:10273000000F33D00EA9404602F038FB4FF0000BDB
:10274000CDF814B0CDF818B0CDF81CB0CDF820B04D
:1027500040465C465D465946D8F82C7003F0D0FBE5
:102760000290FDF7CFFC82460EA8F3F788FE149086
:102770000EA8F3F793FE07900021404603F0E1FB1B
:1027800006900021404603F0CDFB05904046EDF752
:102790006AFE8DF82000002626E0FEE7FEE7069898
:1027A0008119149801EB4A0181420BDD98F85C0015
:1027B00000F00F00012805D19DF8200040F0040032
:1027C0008DF8200005A8009000233819591E029AA0
:1027D00008F09EF90544D9F8041006EB0A0081427E
:1027E00005DD06992C460E18385D0028D7D14046E5
:1027F0000021D8F82C2001F012FE0026022802D079
:10280000032812D01CE0291B381905AB029A08F0E6
:102810000AFB06460EA8F3F741FE00EBD071491003
:1028200006EBD670A1EB60060AE0291B381905AB50
:10283000029A08F0F8FA06460EA8F3F72FFE861B58
:10284000CDF82CB08DF848B04FF00008CDF830B07E
:10285000019405B36D1E0198A8421CD801AB0CAAC7
:102860000BA9384608F03CF99DF82000000706D572
:102870000198395C12A808F064FB0028EBD1DDE96F
:102880000B12B0460298FDF70DFCD9F80010304449
:10289000814215DA0194DDE90B120298FDF702FC82
:1028A0000599401C0844D9F80020A8EB01018A4290
:1028B0000ADB4044824207DC012017B0BDE8F08FFC
:1028C0000599019C0E18C6E70020F6E72DE9F04FA8
:1028D0000446C06AABB000287ED04FF0FF3AC4F87F
:1028E00038A094F85C00002640F0800184F85C1069
:1028F00020462596269627961CA9289602F056FA79
:102900000021204603F0FCFA22900021204603F02B
:1029100018FB26900021204603F004FB259020465A
:10292000EDF7A1FD8DF8A0001CA8F3F7B7FD2790E7
:10293000204600F0EFF925ABE16A1AA8229A08F0C8
:1029400015FADDE91A12C4E91812204604F0FBFD5D
:1029500094F85C0042F2107B00F00F00022804D0D3
:1029600003287DD001287CD0C4E10021204602F05C
:10297000A9FF81460021204602F0A7FF070006D1EB
:102980005A464FF496712820F2F7DFFE0746684654
:10299000F2F716FE21466846F2F7D5FE5146684624
:1029A000F2F7BFFE4FF496716846F2F7BEFE684636
:1029B0000E99F2F7B8FE00251CA8F3F76FFD1A99DF
:1029C000884251DAAA461CA8F3F768FD1A99401A02
:1029D00083460246514600E08FE16846F2F7ADFEBD
:1029E000C7496846F2F799FEC5492046F2F7CEFD81
:1029F000A84620B1456B90F85C00C0F340085A46E9
:102A000051463846F2F746FE854200DD05460D95F3
:102A1000B8F1000F09D09DF85C000B9940F002005E
:102A20008DF85C00099809910B9039466846F2F7D9
:102A30006CFE39466846F2F77AFEB9F1000F07D00E
:102A400094F85C00494600F00F0268460AF013F95A
:102A50006846F2F799FE002D01DAC4F854A001E0AF
:102A60004FE0E8E0012504E0A5492046F2F76AFDC1
:102A700066651CA8F3F703FD1B9988427EDA002DDA
:102A80007CD11CA8F3F7FBFC1B99451A2298FDF793
:102A900039FB2A1A00216846F2F74FFE9949684629
:102AA000F2F73BFE97492046F2F770FD01004FF028
:102AB0000000024604D0486B91F85C10C1F340025C
:102AC0000C99814200DA08460D904AB19DF85C00ED
:102AD0000B9940F002008DF85C00099809910B9069
:102AE00039466846F2F711FE39466846F2F71FFE8E
:102AF000B9F1000F73D094F85C00494600F00F0262
:102B00008DE00021204602F0DDFE804600212046B7
:102B100002F0DBFE050006D15A464FF496712820DC
:102B2000F2F713FE05466846F2F74AFD214668466D
:102B3000F2F709FE51466846F2F7F3FD00271CA89C
:102B4000F3F7ACFC1A99884237DA20221146229812
:102B5000FDF7A8FA1A9900EB400008444242002110
:102B60006846F2F7EAFD66496846F2F7D6FD29465F
:102B70006846F2F7CAFD6249204600E029E0F2F714
:102B800005FD08B1476B00E0002728460B9A09991C
:102B9000F2F780FD874200DA0D97B8F1000F07D0F9
:102BA00094F85C00414600F00F0268460AF063F8B2
:102BB0006846F2F7E9FD012704E051492046F2F7A3
:102BC000C1FC66651CA8F3F75AFC1B99884200DA21
:102BD00037B14C492046F2F7B5FCA6658AE026E0FD
:102BE0002298FDF78FFA1B9908444242002168465B
:102BF000F2F7A3FD43496846F2F78FFD2946684680
:102C0000F2F783FD3F492046F2F7C0FC00B1406B6C
:102C1000B8F1000107D094F85C0000F00F0268469C
:102C20000AF029F803E00C99814200DD0D90684616
:102C3000F2F7AAFD5EE01CA8F3F721FC1B9988427D
:102C400058DA2298FDF75EFA1B99884252DA2E492B
:102C5000E06A0968884703284CD91CA8F3F71EFCD2
:102C600005462E2211462298FDF71CFA25990844A4
:102C7000A0EB8000284402901CA8F3F700FC03900E
:102C80002298FDF73FFA26990844039991FBF0F248
:102C900000FB12152298FDF735FAA8420398A0EB25
:102CA000050006DC03902298FDF72CFA03990844EE
:102CB00001E02699401A0390002202A92046FFF75E
:102CC0004DFB0646E06A07F061F8104A05463146BA
:102CD0001268E06A90470E4E049003E0326804A93F
:102CE000E06A90470498C01CA842F7D8204604998F
:102CF00000F02AF8204603F0B2FD2BB0BDE8F08FBB
:102D0000E9400308EF40030870EA030860EA03089B
:102D100068EA030810B5416B491C11D090F85C10AB
:102D2000C9060DD4002106E0446BC36A2344CA548B
:102D3000491C042904DA421892F83020002AF3D101
:102D40004FF0FF31416310BD70B50446406B0D4636
:102D5000401C00D0FEE7681C1BD0656394F85C0043
:102D6000C00616D4E06A0422411904F1300007F0CD
:102D700015F800202E2303E0401C8B54032804DAAE
:102D8000E16A2A188E5C002EF6D1E26A28440021FE
:102D9000115470BD70B50D46040020D01349F2F7F0
:102DA000D1FB13492046F2F7CDFB0022114604F176
:102DB000540005F004FD022D12D0032D10D0042D77
:102DC0000ED094F85C0020F04001C8B265F3030017
:102DD00084F85C002046BDE87040FFF777BDFEE751
:102DE00094F85C0040F04001EFE70000E940030880
:102DF000EF40030808B111F07DB9FEE70FB410B53C
:102E000004AA039900F029F810BC5DF814FB10B176
:102E1000816403F024BDFEE710B1416403F01FBDDF
:102E2000FEE770B50D46040016D094F85C00C006AD
:102E300005D4E06A18B1FDF77BF90021E16235B1F4
:102E400094F85C0040F0100184F85C10E5622046C4
:102E5000BDE87040FFF73ABDFEE770B516460D4677
:102E600004001FD0FDB103F0FAFC2046FFF752FF2B
:102E7000E06A38B194F85C10C90603D4FDF758F93C
:102E80000021E1623146284608F097F8E06294F8A4
:102E90005C0020F01001204684F85C10BDE8704012
:102EA000FFF714BDFEE7FEE710B5040008D050227E
:102EB000002100F0C0FC2046BDE8104000F001B841
:102EC000FEE710B504000AD00023FF2084F84E006E
:102ED0001A4619461846F5F707FBA06410BDFEE731
:102EE00010B504460021162202F0D0FE10F0FF00BB
:102EF0000ED00849CA6D82420AD30A6E042101EB42
:102F0000C001515852F830202046BDE8104010470B
:102F100010BD0000B85C012010B5064CE06DC0008B
:102F200000F056FB2066FCF793FEBDE81040FDF76D
:102F30001BBB0000B85C012038B508460C4608F001
:102F400037FE0090BDF8000024F82C0F9DF8020019
:102F5000A070FF20E07038BD70B5A6B00D460846E1
:102F6000FCF72BFD06461D2807D01E2E05D029464E
:102F7000964801F092FE01287DD12846FCF725FDF8
:102F800004461D2E77D12846FCF75FFD05466846AE
:102F9000F8F776FD6A4600212046049503F093FA7F
:102FA000DDF83200F5F724FD0646F5F713FD01467E
:102FB000324654F82C0FF5F7CBFD2590BDF8940060
:102FC000ADF832009DF896008DF834000E98F5F7B4
:102FD0000FFD0646F5F7FEFC014632462068F5F780
:102FE000B7FD2590BDF89400ADF838009DF8960027
:102FF0008DF83A00BDF83D00ADF894009DF83F0013
:103000008DF896002598F5F7F3FC0646F5F7E2FCF7
:10301000014632462068F5F79BFD2590BDF89400E7
:10302000ADF83D009DF896008DF83F002098F5F72B
:10303000DFFC0646F5F7CEFC014632462068F5F780
:1030400087FD2590BDF89400ADF880009DF89600AE
:103050008DF882001B98F5F7CBFC0646F5F7BAFC15
:10306000014632462068F5F773FD2590BDF89400BF
:10307000ADF86C0000E0A7E09DF896008DF86E00BA
:10308000BDF87500ADF894009DF877008DF89600B6
:103090002598F5F7ADFC0646F5F79CFC014632464F
:1030A0002068F5F755FD2590BDF89400ADF8750042
:1030B0009DF896008DF87700F5F78CFC0146E278D4
:1030C000DDF83200F5F744FD2590BDF89400ADF829
:1030D00032009DF896008DF83400F5F77BFC014630
:1030E000E2780E98F5F734FD2590BDF89400ADF820
:1030F00038009DF896008DF83A00F5F76BFC014614
:10310000E278BDF83D00ADF894009DF83F008DF8E1
:1031100096002598F5F71CFD2590BDF89400ADF8B4
:103120003D009DF896008DF83F00F5F753FC0146F1
:10313000E2781B98F5F70CFD2590BDF89400ADF8EA
:103140006C009DF896008DF86E00F5F743FC014683
:10315000E2782098F5F7FCFC2590BDF89400ADF8D6
:1031600080009DF896008DF88200F5F733FC01464B
:10317000E278BDF87500ADF894009DF877008DF801
:1031800096002598F5F7E4FC2590BDF89400ADF87D
:1031900075009DF896008DF8770014F8031F2198AC
:1031A00050394143AF2091FBF0F1219114F8031BFA
:1031B000249A5039514391FBF0F02490A4F11E025F
:1031C00069462846F8F748FA26B070BD94EF030820
:1031D000084600210163C162416B21F00301416394
:1031E000022104F03DBA00002DE9F04F95B00D46E4
:1031F000654801F052FD012840D12846FCF7DDFB6F
:1032000006462846FCF7E1FB04461B2E29D04FF06A
:103210000409342E35D01D2E30D12846FCF715FC7C
:103220008046206B002829D0E06A002826D010A90B
:10323000204601F005FE204601F0DEFF10990F1A2E
:10324000204601F0DFFF11990E1A6846F7F70FFFCD
:103250006A4600212046CDF8108003F0D5F80025FD
:1032600088E00021482202F011FD04462846FCF7C0
:10327000FDFB01460068A04200DA0C6015B0BDE815
:10328000F08F206B0028F9D0E06A0028F6D028469D
:10329000FCF7ECFB0022114613463C4F266B20E066
:1032A000D4F82CC05CF83350C5F34178B8F1010F65
:1032B00003D125F0C048B84502DD954200DD2A461D
:1032C00009EBC3055CF80550C5F3417CBCF1010F67
:1032D00003D125F0C04CBC4502DD8D4200DD2946FE
:1032E0005B1C9E42DCD8C0E90021C7E7204602F003
:1032F000E3FE8346204601F0DBFD8246E06A594644
:1033000050F835000CF06AF938440790E16A09EB8F
:10331000C500085851460CF061F908900821E06A90
:1033200001EBC501405859460CF058F93844099052
:103330000C21E06A01EBC501405851460CF04EF9F2
:103340000A9094F83400C00719D00899AAEB01003C
:1033500030440A990890AAEB010030440A9069466B
:103360004046F7F74CFE9DF83D006D1C20F0010033
:103370008DF83D00206B401EA842B7D87EE7089824
:10338000304408900A98E8E770EF0308FEFFFF1F3B
:103390000021AFF300802DE9F0410E46074600F012
:1033A00017F8044608E02146384600F023F80546A1
:1033B00036B12046B0472C46002CF4D1BDE8F08150
:1033C0002146384600F0CEF82046FCF7B1FEF2E781
:1033D000002800D04068704700B503460022FFF780
:1033E000F7FF03E01846521C00F004F80100F9D181
:1033F000104600BD0068091D4058704700684058DD
:103400007047002800D08068704700224260C91CC5
:1034100021F0030182600160704770B504460068C6
:10342000083000F0D5F8050013D0014600222046F0
:1034300009F024FB29462046626809F019FB6168FF
:1034400019B12A46204609F019FB6560A06800B949
:10345000A560284670BD2DE9F0410C4606000AD053
:103460004CB1FFF7B5FFA04208D13046FFF7D5FFBA
:10347000051E01D01EE00020BDE8F0813068083054
:1034800000F0A6F8051EF7D030682A4607593046E6
:10349000394609F0EDFA3A462946304609F0EEFA87
:1034A0002A462146304609F0E9FA224629463046A6
:1034B00009F0DEFA2846DFE770B5044600680830F8
:1034C00000F086F8050013D001460022204609F0DE
:1034D000CFFA29462046A26809F0D0FAA16819B1AE
:1034E0002A46204609F0C4FAA560606800B9656004
:1034F000284670BD28B1416809B9806808B100202C
:103500007047012070472DE9F04114460E460746EA
:10351000A14225D014B13868055902E0FFF771FFC8
:103520000546AE421CD03146384600F01BF8324604
:103530002946384609F09CFA2A463146384609F0B1
:103540009DFA32462146384609F098FA224631461D
:10355000384609F08DFA04B9BE60002D00D17E60B6
:10356000BDE8F08170B504000DD0FFF731FF0022F7
:103570008842204608D1FFF73DFF6060011E01D060
:1035800000221EE0A26070BDFFF73BFF884220686A
:1035900008440AD10168A16029B12046BDE8704005
:1035A000002209F065BA626070BD05682046FFF729
:1035B00021FF064602462946204609F059FA2A46C6
:1035C00031462046BDE8704009F058BA7047000007
:1035D00008B100F005B8014870470000205D0120E7
:1035E00070B50C4C0146D4F8D40108F009FD050073
:1035F0000DD008F0A6FCD4F8D8110844C4F8D801BE
:10360000D4F8DC11884200D80846C4F8DC0128460A
:1036100070BD0000B85C012070B5040009D0FFF750
:10362000DFFF050007D02246002100F004F92846FC
:1036300070BD024870BD002070BD0000205D0120FB
:1036400010B58A42029C10D001DB904207DA8A4210
:1036500001DB884209DD8A4203DC904201DC20461E
:1036600010BD8A4203DC884201DB184610BD521AA5
:10367000E41A401A604390FBF2F0184410BD0000B9
:1036800070B54FF400410C4808F07DFC0B4D04214F
:10369000C5F8D40105F5F0700446FFF7B6FE2046E4
:1036A000FFF70AFF040005D0D5F8D40108F0A5FC07
:1036B000206070BDFEE70000B8DC0020B85C01208F
:1036C00030B50346102A06D308E000BF11F8014BBD
:1036D00003F8014B521E002AF8D130BD03F0030459
:1036E00001F00305A54243D14EE00C781C704C78E4
:1036F0005C708C789C70CC78DC700C791C714C7987
:103700005C718C799C71CC79DC710C7A1C724C7A6E
:103710005C728C7A9C72CC7ADC720C7B1C734C7B56
:103720005C738C7B9C73CC7BDC730C7C1C744C7C3E
:103730005C748C7C9C74CC7CDC740C7D1C754C7D26
:103740005C758C7D9C75CC7DDC750C7E1C764C7E0E
:103750005C768C7E9C76CC7EDC760C7F1C774C7FF6
:103760005C778C7F9C77CC7FDC772031203A2033CC
:10377000202ABAD805E000BF11F8014B03F8014B2D
:10378000521E002AF8D130BD4CB3C4F1040405E048
:1037900011F8015B03F8015B521E641EFCB1002AA4
:1037A000F6D11CE010C9203A10C310C910C351F85B
:1037B000084B43F8084B51F8044C43F8044C51F8BB
:1037C000104B43F8104B51F80C4C43F80C4C51F88B
:1037D000084C43F8084C51F8044C43F8044C202A98
:1037E000E0D804E011F8014B03F8014B521E002A07
:1037F000F8D130BD10B4884202D38B18834202D274
:1038000010BCFFF75DBF88420CD98118491E5B1EB2
:1038100004E000BF13F8014901F80149521EF9D232
:1038200010BC7047034603E011F8014B03F8014B4D
:10383000521EF9D2F4E710F0030309D0C3F10403D8
:1038400003E0521E00F8011B5B1E0BB1002AF8D1E9
:1038500001EB012303EB014303EB01630EE008C01E
:10386000203A08C040F8083B40F8043C40F8103BC0
:1038700040F80C3C40F8083C40F8043C202AEED8C4
:1038800002E000F8011B521E002AFAD170470A46D6
:103890000021FFF7D0BF0A460021FFF7CCBF0A4640
:1038A0000021FFF7C8BF0A460021FFF7C4BF0A4640
:1038B0000021FFF7C0BF0A460021FFF7BCBF0A4640
:1038C0000021FFF7B8BF58B1026D8A4206D0C26B23
:1038D0008A4206D190F86900012802D80120704779
:1038E000FEE7002070472DE9F0410446FCF765F83B
:1038F0000A283FD12046FCF768F805462046FCF729
:10390000C5F80446C06BA84202D0206DA84231D150
:1039100094F8680084F8690029462046FFF7D3FF31
:10392000002827D104F15C063046FFF751FD074619
:1039300001463046FFF75EFD05001BD03946304694
:10394000FFF710FE3846FCF7F3FB14F8680F294622
:10395000401E20703046FFF705FE2078401E04F818
:1039600068092046296800F037F92846BDE8F0418B
:10397000FCF7DEBBBDE8F08110B538B104465C3021
:10398000FFF706FD002084F8680010BDFEE7000088
:103990002DE9F0410C460121204604F0B2F9002146
:1039A000204604F07EF994F86A00002520F03E00DD
:1039B00084F86850C0B284F8695020F0010084F89F
:1039C0006A00042104F15C00FFF71FFD204600F0AF
:1039D00035FE0121E06200F0B2F96564E564256519
:1039E000656521463448A56400F038FD064600F0C0
:1039F0009BFD324F3046394604F06BF901213046C9
:103A000004F05BF90121304604F04BF94FF4804893
:103A10004146304600F093F90221304603F020FE83
:103A2000254831462430266300F018FD064600F094
:103A30007BFD6FF040423946304604F04FFA0021DA
:103A4000304604F02EF902231A460021304604F0D5
:103A500010F90221304603F003FE4146304600F0E3
:103A60006EF93046A663F3F77DFB064623460A222D
:103A7000134900F051F94146304600F060F9002149
:103A8000304604F00EF93046E663FCF7F3FF0DA173
:103A9000FDF787FBA06BFEF79DFB0646012100F0BA
:103AA0004EF9656323462664A565BDE8F0412322EF
:103AB0000549184600F030B998EE0308640000206C
:103AC000E7380208EF819300B93C020810B50C46B4
:103AD0000021204604F0E5F802231A460021204682
:103AE00004F0C7F82046BDE81040022103F0B8BD3D
:103AF00001F15C00FFF74CBC10B50C46084601F024
:103B00002BFAC16A204604F02FF90121204604F067
:103B1000C8F802231A460021204604F0AAF82046DD
:103B2000BDE810404FF4804100F009B910B591F89C
:103B300030000C4618B9E06A08B1FCF7F9FA002029
:103B4000E06284F8300010BD10B580B10446806B8F
:103B5000002834D0616B002931D094F86A10C1F389
:103B6000420119B3012903D0022909D11DE0FEE762
:103B7000002102F0CFFF0021D4F8340004F09DF8BA
:103B8000A06B03F0EDFB606B03F0EAFBA06B04F0AD
:103B9000B3FCA06B01F02EF90028A06B4FF00101DF
:103BA00009D0BDE8104003F05BBD012102F0B2FF77
:103BB0000121606BE2E7BDE8104000F0C0B810BD25
:103BC00010B50C460121204604F06BF82046BDE8F4
:103BD0001040022103F044BD70B50D46040015D01D
:103BE000606B10B1E16A04F0BFF88DB104F15C00C4
:103BF000FFF713FC58B1056094F86800401C84F886
:103C000068002846216B04F0AFF804E0FEE7FEE709
:103C10002046FFF7B1FE6563A06D48B1A16C002995
:103C20004FF0010102D000F0D5F801E003F089FD6A
:103C3000A06CE0B194F86A00C1070CD0C0F3011089
:103C40000128206D4FF001010AD000F078F8022120
:103C5000206D03F005FD94F86800022823D210E0DF
:103C600003F0FEFC0221206D00F069F8F3E794F800
:103C70006800022817D294F86A00C0F301100128E6
:103C800011D00121E06B00F05AF80221E06B03F043
:103C9000E7FC00222321204603F0C3FF2046BDE8B5
:103CA0007040FFF751BF0121E06B03F0D9FC022106
:103CB000E06B00F044F8ECE710B5FBF7E7FE04001A
:103CC0000DD0606B80B1226C72B1C16A41B11046F7
:103CD000FFF790F80121206C03F0C2FC04E0FEE73E
:103CE0000121104600F02BF8A06C002813D0626D63
:103CF000002A10D0C16A41B11046FFF77BF8606D11
:103D0000BDE81040012103F0ABBCBDE8104001212B
:103D1000104600F014B810BD2DE9F0411D461646BE
:103D20000F4604000AD000F085FAA0682B46324600
:103D30003946BDE8F0410830FBF723BEFEE7F0B599
:103D400089B00C46050044D002F004FA00283ED1A8
:103D5000284602F0E9FD0746E00702D0284602F0B7
:103D60007EFD686A20436862E00711D00221284680
:103D700002F000FA60B1284601F093F8060007D07F
:103D8000FCF738FC3046FCF7B9FC08B102F067FDDF
:103D9000284602F0C9FDB84202D114F0C07F07D016
:103DA000284601F0D9F802F0F5FD284602F0F2FDB0
:103DB000E0060CD504AA6946284601F029FA6946AE
:103DC000284602F069FD04A9284602F065FD09B005
:103DD000F0BDFEE72DE9F0410D46040016D0208D20
:103DE00040EA050188421DD0204615F077F84FF4CF
:103DF0008001204602F0AEF9002813D026462F4657
:103E0000204600F0A3FF0546002409E0FEE7214616
:103E1000304600F058FF10B13946FFF7DBFF641C55
:103E2000AC42F4D3BDE8F0812DE9F0410446408D69
:103E30001646C0F305100F463F2800D3FEE70023C7
:103E4000FF223146204613F0B3F806F47F0047B155
:103E500038B92021384610F01DFB10B1204602F081
:103E6000FEFC32463946204603F095FC618D002564
:103E70004FF00408C1F3051009E000BFE36808EB48
:103E8000C5029A58930101D4D20102D56D1CA842F3
:103E9000F4D84FF0806000EBB1204FEAB05060855D
:103EA00010F47C7F0DD0C0F30510C100E06804F071
:103EB0000DFEE06030B1608D6FF00702C0F30510B9
:103EC0000BE0FEE7FEE7E16802EBC00C8C4401EB7F
:103ED000C003DCE9001CC3E9001C401EA842F2D864
:103EE000E068082100EBC500FFF7D1FCE06840F86E
:103EF0003570E16808EBC5000A5866F317020A50EE
:103F000031462046BDE8F041FF2203F033BB70B5D7
:103F100016461D460446002203F0F2FF2A463146AB
:103F20002046BDE8704003F091BF00002DE9FF4F2F
:103F300083B09A46DDF840B00398884628B104F073
:103F4000DBFAB8F1000F01D006E0FEE7039801F0BC
:103F500003F85FEA00082BD000242546039800F000
:103F6000FBFF5FEA000924D0002101F01DFF009053
:103F70000021484601F076FF01900021404601F003
:103F800013FF07460021404601F06CFF06460598E6
:103F900080B1162836D2DFE800F0EF132536404412
:103FA000546668158085959EA3B3BCC1C6CBD0E38B
:103FB000FEE7FEE70021404601F0A4FC012822D0E4
:103FC0003C461EE0404600F028FF0446039802F0FD
:103FD00073F8014604EBD470401001EBD171A0EBF3
:103FE00061004AE0404600F018FF0446039802F0E2
:103FF00063F804EBD471491000EBD070A1EB6000C2
:1040000009E03546B8E0404600F007FF0446039853
:1040100002F052F8201AC419F3E73C461AE0851959
:10402000AAE0404600F0F9FE0446039802F044F886
:10403000014604EBD470401001EBD171A0EB61009C
:1040400007E0404600F0E9FE0446039802F034F829
:10405000201AC419404600F0CDFE0546039800F032
:1040600027FF281ADBE73C4608E0404600F0D5FE73
:104070000446039802F020F8201AC419404600F0C4
:10408000B9FE0546039800F013FF05EBD571491002
:1040900000EBD070A1EB6000C1E7039800F008FFCF
:1040A000454269E0404602F007F80446039802F0F2
:1040B00003F8014604EBD470421001EBD170A2EB7F
:1040C0006004EAE7404601F0F7FF0446039801F078
:1040D000F3FF241AE1E7404600F0EAFE05464BE014
:1040E000404601F0E9FF0446039801F0E5FF014670
:1040F00004EBD470401001EBD171A0EB6104EAE74E
:10410000404601F0D9FF0446039801F0D5FF241A78
:10411000E1E7039801F0D0FF44422DE0039801F05D
:10412000CBFF44420DE0039801F0C6FF44421BE080
:10413000404601F0C1FF04461EE0404601F0BCFFCE
:104140000446404600F0B4FE0546039800F0B0FE79
:1041500005EBD571491000EBD070A1EB60050BE0C9
:10416000404601F0A9FF0446404600F0A1FE054686
:10417000039800F09DFE2D1ACAF341702C4F0128C0
:104180000FD12AF0C046BE420BDC404601F094FF3E
:10419000B6F1805F01DB79108E1B7043642190FBC8
:1041A000F1FACBF34170012810D12BF0C046BE428A
:1041B0000CDC404600F07CFEB6F1805F02DB6FF065
:1041C00070418E1B7043642190FBF1FB0021484637
:1041D00001F098FB0128484626D000F041FF00BFBF
:1041E000D8F81420D9F814105244511A01440098F8
:1041F000081A0444484600F0F9FFD8F81820D9F806
:1042000018105A44511A014401980022081A054412
:104210000121039803F074FE039807B02A46214653
:10422000BDE8F04F03F012BE00F076FFD8E70000C3
:10423000FEFFFF1F10B5040010D0A06800280CD1AD
:104240003420FFF7E9F9A06048B1418E41F4707164
:104250004186A06841F00301418610BDFEE7FEE7FC
:10426000F0B50D4689B00646012101F073FFE8BBA9
:10427000304600F075FE044600F0EAFD0746F4F70C
:10428000C7FFA04213D03846F4F7CCFFA0420ED0AF
:104290003846F4F773FFA04209D03846F4F782FF9E
:1042A000A04204D03846F4F773FFA04225D130462F
:1042B00000F0F2FD044606F1140104A8F2F71CF820
:1042C0002246114604A8F2F7EEF8294604AA084649
:1042D000F2F7F6F8002811D03046EFF7F0FC20B1E5
:1042E00001222946304601F06FFE00E005E030462D
:1042F0002AE0012101F02EFF10B1002009B0F0BD2D
:1043000004F114000FC88DE80F004FF4801120460F
:1043100001F020FF38B1204600F0BEFD0146024604
:104320006846F2F7C0F82046EFF7C9FC20B1012239
:104330006946204601F048FE29466A460846F2F7DB
:10434000BFF80028DAD0204600F006FE0400D0D1E5
:104350000120D3E72DE9F0410E460746002501F084
:10436000F1FC040033D03146384601F0E2FC02286B
:104370002DD904EBD470012101EB6004314638469D
:1043800001F0DDFC00EB04083146384601F0C5FCC5
:1043900004463146384601F0C6FC002C01DD2146BA
:1043A00000E06142002801DD024600E04242914205
:1043B00005DD002C01DD204604E0604202E000281B
:1043C00000DC404210EB080000D528460546314687
:1043D000384601F0B3FB04000DD03146384601F0F9
:1043E000A4FB022807D93146384601F0A4FB20443B
:1043F000A84200DB0546384631466A2201F046FCF9
:104400000446384631466B2201F040FC844200DD10
:104410002046002800DD05442846BDE8F08170B53F
:104420000D4606465E2201F031FCC4B230462946F4
:10443000272201F02BFC04B90124204670BD002383
:104440001A460921FFF763BD002803D0006888429F
:1044500001D1012070470020704700002DE9F04194
:104460000E46054600272F4A00E0006890B1016A19
:104470001142FAD0006AC0F30F1000BFFFF7CCF86A
:10448000041E15D0C4E900566FF0030526B1B068CC
:1044900080B334E03846F1E7F4F740FE060003D07D
:1044A000D6F8BC0230B107E02046FBF741FE002001
:1044B000BDE8F081C6F8D872D6F8D8128900091D77
:1044C00004F004FBB8B1D6F8D812491CC6F8D812CB
:1044D00005EB8101C6F8BC02445067610020A7616A
:1044E000F4F738FE401EE0610020F4F7ADFE401EF8
:1044F000206215E000E0FEE73046FFF79BFEB06863
:10450000018E491C89B20186B0688900006804F0F8
:10451000DDFAB1680860B168098E05EB810144508D
:104520002046C5E7F0FF0F0070B5040036D002F05A
:1045300031FA002000F0FAF9204607F081FA21460E
:10454000206800F02CF8012000F0F0F9FF224FF471
:104550007021204603F00EF8204602F0F4FFFCF72D
:10456000C1F8020007D0204602F0CEF918B121466A
:104570001046FCF705F8204600F0EEFC05000DD0D3
:1045800022462A2103F04DFB22462B21284603F028
:1045900048FB2046BDE8704002F061B970BD70B5BF
:1045A0000D6806460C46286820B120603046FFF7AB
:1045B000F6FF25606A68002A04D021463046BDE82F
:1045C0007040104770BD00002DE9F0414D680C4669
:1045D000EDB1284600F044FD0746284600F006FEEF
:1045E000064628460021102201F050FBA96912223C
:1045F0000844801BA061401E20622846002101F073
:1046000045FB69690844C01B6061401EE06141F2DE
:1046100002006062002D06D043F20200C4F82400BC
:1046200043F20230606240F0740040F40060606267
:1046300002D040F400406062BDE8F08110B5014650
:104640000448FFF70BFF040003D0FFF76DFF20467F
:1046500010BDFEE7F0AF030870B50546408DC004FD
:104660002CD4E5B1284602F0FAF8284600F074FC94
:104670000400284614D008F029FA608DC0041DD427
:10468000204603F0ABFA00222A21204603F0C9FAA3
:104690002046BDE8704000222C2103F0C2BAFEE79C
:1046A00000F0D6FB040009D0D4F8C802A84228467E
:1046B00005D108F00BFA0020C4F8C80270BDBDE8AF
:1046C000704008F003BA08B1FFF7C6BFFEE710B5A7
:1046D0000446006882680AB1214690472068006855
:1046E000002801D02060F5E710BD70B50C460846E3
:1046F000FBF7CEF9002000F019F9204603F0D8F8B6
:10470000012000F013F900212046F0F71BFF20469E
:1047100000F0C7FB10B12046FCF717F8A06800288E
:104720000ED00068002518B1FBF702FDA0680560F7
:10473000A0680830FBF708FAA068FBF7F9FCA56051
:1047400070BD00002DE9F047AAB00746FBF735F928
:1047500005463846FBF739F9002604461A2D44D0A1
:104760001D2D7CD0202D3DD13846FBF76EF9054636
:1047700001462046E9F7CDFD0021204601F01EF953
:1047800000282FD00021204601F0F2F8002829D07F
:104790006846F7F775F98DF830608DF82E608DF862
:1047A0002B608DF831606A4600212046049501F0A7
:1047B0008AFE0021204601F0ECFB0746002120463E
:1047C00001F0CEFB064604F1140125A8F1F78BFD9C
:1047D0003246394625A8F1F766FE25AA69462846DD
:1047E000F6F73AFF2AB0BDE8F0873846FBF73EF906
:1047F000054600780228F5D0204600212D2201F040
:1048000045FA012710B102202870EBE7002120466D
:1048100001F054FA82460021204601F0BAFB81469D
:104820000021204601F09CFB804604F114016846FB
:10483000F1F759FD424649466846F1F734FE5246C3
:1048400069466868F1F75CFE80B30021204601F0FC
:1048500089F8FD2832D300212046622200E034E0AE
:1048600001F014FAC0B2FD2828D3204600212022EE
:1048700001F00CFA10F0FF0F0FD020460021252286
:1048800001F004FAC0B2FD2818D3204600212422EA
:1048900001F0FCF9C0B2FD2810D3204600212622E9
:1048A00001F0F4F978B10021827A0AE006E000BF55
:1048B00001EB81030344DB78FD2B01D22F7091E7DC
:1048C000491C8A42F4D82E708CE73846FBF7BDF8B5
:1048D00007466846F7F7D4F86A4600212046049751
:1048E00001F0F1FD0021204601F042F828B19DF8C9
:1048F000740040F020008DF874000021204601F083
:1049000048FB06460021204601F02AFB054604F13B
:10491000140125A8F1F7E7FC2A46314625A8F1F74E
:10492000C2FD25AA694638465AE70000014981F8C8
:1049300028007047B85C01202DE9F04188B0884616
:104940000846FBF73AF804464046FBF73EF80546B2
:10495000012C29D00B2C29D0032C46D0322C46D048
:10496000112C55D0132C7DD00C2C7CD00E2C7BD050
:10497000142C7AD0312C79D02A2C78D02C2C77D0CA
:104980001B2C76D01D2C75D0202CFCD01A2CFAD0E4
:10499000172C70D0182C6FD0192C36D1102108B0DC
:1049A000BDE8F04102F0CDBE202171E1202102F0EE
:1049B000C8FE4046FBF75AF8FCF77DFE002824D1DC
:1049C0000821284601F0C6FB00281ED04DB195F8FD
:1049D00028004FF00101C007284603D002F0B1FEC5
:1049E00032E0FEE7FFF7F6F92EE02021D7E700F0EE
:1049F000ADF90646002406E0A868006850F82400D7
:104A000001F0C8FF641CB442F6D308B0BDE8F081E1
:104A1000082101F09FFBF8B14046FBF70AF8044675
:104A2000132806D0112C04D0142C07D0122C05D03A
:104A300008E001212846FFF7CDF903E001212846CF
:104A400002F07FFE0A2CE0D008B02846BDE8F04115
:104A50000022232103F0E5B84FF40161284601F05C
:104A600079FB0AE076E09DE09EE0B4E0B5E0D1E0BD
:104A7000F2E0F6E0FFE004E109E10028C5D02846B5
:104A800001F033FF0028C0D10027284600F0E8FAE3
:104A90000646284600F040FB04464046FAF7C9FFA8
:104AA00012281BD011280CD013282AD01428ACD1DE
:104AB000284600F0ADFA800703D0002E37DC002C2A
:104AC00035DC284600F0F4F90446284600F09AFB4D
:104AD000E11704EB9171A0EBA1010BE0284600F077
:104AE000E7F90446284600F08DFBE11704EB9171CD
:104AF00000EBA10108B03A462846BDE8F04103F0BA
:104B000059B8284600F084FA8007E7D0002E01DC6F
:104B1000002CE3DD284601F0CFFA0446284600F0D9
:104B20006BFBE11704EB917100EBA1010BE0284650
:104B300001F0C2FA0446284600F05EFBE11704EBE0
:104B40009171A0EBA10108B03A462846BDE8F041BA
:104B500003F01CB84FF4806101F0FCFA18B1012198
:104B6000284602F0F4FF284600F09BF9FBF7C0FD51
:104B700006460224FCF7CCFB10B94046FAF730FF9A
:104B8000FCF7A9FD022801D0042800D106241EB19B
:104B900044F0080128467BE021462846FFF71AF931
:104BA000082172E0402173E0402102F0CAFD28464E
:104BB00000F053FE02287FF428AF04AA6946284675
:104BC00000F026FB6946284601F066FE04A9284647
:104BD00001F062FE19E70E21E1E6002100F066FE19
:104BE00004460021284600F01FFF204302D028463B
:104BF00001F0D0FE284600F0A9F80646002406E0A1
:104C0000A868006850F8240001F0C4FE641CB44297
:104C1000F6D3FAE60021012201F038F806462846CC
:104C20000021022201F032F804460021284600F05B
:104C30003DFE07460021284600F0F6FE384305D128
:104C40006FF04040864201D08442C3D108B028466C
:104C5000BDE8F04101F09EBE688D40F0020068851D
:104C6000F4E70021FFF776FB014608B04046BDE8B7
:104C7000F041FAF7DBBF08B04046BDE8F041FFF76E
:104C800061BD202102F05DFD4021284687E610210C
:104C900008B0BDE8F041FFF79DB810B50C4600B96B
:104CA0002068006868B1C1680029FAD00021E1607D
:104CB000C26821469047217E0120C90700D000200C
:104CC00010BD012010BD68B18068002809D00029FE
:104CD00002DA028E511803D4038E0A468B4202D8A0
:104CE00000207047FEE7006850F82200704700007F
:104CF00030B530B1846824B3208E002912DB002344
:104D000009E0FEE7256855F823502D68954201D14A
:104D100021B1491E5B1C8342F4DB12E0206850F88D
:104D2000230030BD401E01F101010AD4D4F8003047
:104D300053F820402468944201D121B1491C401EFF
:104D4000F6D5002030BD53F8200030BD20B180687A
:104D5000002800D0008E7047FEE730B538B1836878
:104D60004FF00000002B0DD002461C8E08E0FEE73D
:104D70001D6855F822502D688D4200D1401C521CF0
:104D80009442F5D830BD70B50D46044600F11401CB
:104D90002846F1F7B1FAA068002806D0816A2846B3
:104DA000BDE870400A46F1F77EBB70BD70B50C4699
:104DB00005001ED000F044F80021284600F0F4FF62
:104DC0002168084420600021284601F01CF8A168F1
:104DD000081AA0600021284601F044F861680844E0
:104DE00060600021284600F0B0FFE168081AE0602A
:104DF00070BDFEE770B504000ED0002101F032F85E
:104E000006460021204600F0A0FF0546204600F09F
:104E10004FF8801B401B70BDFEE770B504000ED03C
:104E2000002100F0C1FF06460021204600F0EBFF04
:104E30000546204601F040F9801B401B70BDFEE78F
:104E40000A4620B100F114011046F1F755BAFEE709
:104E500070B548B1416809B100F082F80D4D0446C3
:104E60002846FEF7B5FA12E0FEE70021D0F8D82276
:104E700007E000BFD0F8BC3253F82130A34208D07D
:104E8000491C8A42F6D801462846FEF7B3FA0028A4
:104E9000EBD170BDC05C01208068002800D0C06AE2
:104EA000704720B18068002800D040687047FEE756
:104EB00010B11430F1F7E3BAFEE770B505460021F2
:104EC00000F0E8FD04462846FFF7F2FF0444002105
:104ED000284600F0C4FD204470BD10B5020007D084
:104EE00000F03AF8010004D0896800200B8E09E038
:104EF000FEE74FF0FF3010BD0C6854F8204094429C
:104F0000F9D0401C8342F7DCFEE78068002802D01D
:104F1000408EC0F381207047F0B4468D00240425F4
:104F2000C6F3051613E000BFC76805EBC40C57F8BD
:104F30000C705FEAC71C09D527F07F479F4205D157
:104F4000C06850F83400F0BC04F057BF641CA6429F
:104F5000EAD8F0BC00207047002800D040687047B5
:104F600000B530B10146FFF7F7FF0028FAD1084637
:104F700000BDFEE72DE9F047060009D0DFF8889074
:104F80004C46FFF7E3FE07460025DFF880A016E059
:104F9000FEE7B0685146006850F82500804601F0F1
:104FA000E2F858B940460021192200F06FFED8F807
:104FB00020100844844200DD204604466D1CBD429A
:104FC000E7D30021304600F065FF804600213046DF
:104FD00000F0D3FE05464C4502D0306A401B241A2F
:104FE000304600F043FC07463046FFF761FFA0EB78
:104FF0000800401B391A304600F004F9081A8442B0
:1050000000DD2046BDE8F087010000E0010004005B
:10501000806818B1408EC0F3831070470F2070472E
:1050200070B50C4605460C49F0F7B0FA10B1C06AED
:10503000404202E0284600F0DFF820600749284699
:10504000F0F7A4FA10B1C06A404202E0284600F02E
:10505000D9F8606070BD0000193F03082F3F0308B6
:105060002DE9F05F05000BD0002100F051FC012874
:1050700007D0A868002801D0006A4042BDE8F09F30
:10508000FEE70021284600F0D6FE83460021284690
:1050900000F0A2FE81466FF0604A54462846FFF7B2
:1050A00055FE0746002615E0A8681949006850F823
:1050B0002600804601F057F858B9404600211A22D0
:1050C00000F0E4FDD8F81410081A844200DA2046F3
:1050D0000446761CBE42E7D3544504D0696901EB0F
:1050E0000900041B00E00B4C284600F0CDFB0646EF
:1050F000284600F0E1FFA0EB0B01A1EB0900311AFB
:10510000284600F079F808448442B7DD2046B5E728
:1051100001000400010000E02DE9F04706000FD077
:10512000002100F0F5FB01280BD0DFF89890304605
:105130004C46FFF70BFE07460025DFF88CA01CE06D
:10514000FEE7B068002800D0006ABDE8F087B068CC
:105150005146006850F82500804601F004F858B91F
:10516000404600211B2200F091FDD8F81C10084495
:10517000844200DD204604466D1CBD42E7D3002179
:10518000304600F058FE05460021304600F024FE6F
:1051900007464C4502D0F069401B241A304600F007
:1051A00073FB8046304600F087FF401BC11BA8EB15
:1051B0000101304600F020F8081A8442C5DD20467F
:1051C000C3E70000010000E001000400806800283F
:1051D00003D090F83200C0F3810070478068002847
:1051E00003D090F83200C0F30110704780680028A7
:1051F00001D0406A404270478068002801D0006AB0
:10520000404270478068002801D0406A40427047A1
:105210002DE9F04F93B016460C464FF0FF37054688
:1052200000223B46114620460097F1F79BFA0022E8
:105230003B46114630460097F1F794FA1021284674
:1052400000F088FF002816D0284600F006FB070073
:1052500011D00020FCF706FA8146022F08D010E09A
:10526000FCF729FAA84209D04846FCF7FBF9814629
:10527000B9F1000FF4D113B0BDE8F08FB9F1000F10
:10528000F9D02846FFF7B2FF02902846FFF772FEDA
:105290000D902846FFF7E4FE0B902846FFF73CFFF1
:1052A00009902846FFF7B4FE82464FF0000810F040
:1052B0000C0F14D0012F10D0032F02D0022F07D0D3
:1052C0000DE00298002808DC0D98002805DC06E0B7
:1052D0004846FCF7E2F90C2801D14FF00108002004
:1052E0000A905FEA8A7014D0012F10D0032F02D0E9
:1052F000022F07D00DE00B98002808DC0998002841
:1053000005DC06E04846FCF7C8F9032801D1012076
:105310000A900A9850EA0800ADD04FF48031284630
:1053200000F0F6FA012800D000204FF480370F90EB
:105330003946284600F086FC07903946284600F09A
:1053400000FC10903946284600F02EFC8146394674
:10535000284600F04DFC834628460122394600F0DD
:1053600095FC059028460322394600F08FFC07463D
:105370002846FFF79DFD0390284600F09DFE8246DB
:105380005FEA080000D0059808900A9800B10598D7
:10539000119028464FF480311D2200F077FCC0B2F6
:1053A000022809D828464FF48031322200F06EFCE2
:1053B000C0B202287FF65FAFDDE9021001440D980C
:1053C00008440C905FEA08004FF0A00878D00C98D1
:1053D0000028FBD0A8697060286AF0600F9840B17F
:1053E000696901EB090030600599491E0844B06005
:1053F00007E0E969A1EB0B00B0600599401A401C79
:10540000306007990398411A1098091A1198081AE0
:105410000399029048430C9990FBF1F00090002012
:10542000F3F782FE00EB8001502000EB4100B0F565
:10543000A07F0ADB0020F3F777FE00EB800150200D
:1054400000EB410191FBF8F000E00120002F01DDAD
:10545000394600E00099884205DA002F01DD384620
:1054600018E0009816E00020F3F75EFE00EB8001E4
:10547000502000EB4100B0F5A07F0ADB0020F3F7DD
:1054800053FE00EB8001502000EB410191FBF8F04E
:1054900000E001200399884200DB08460299039B43
:1054A0000A1A0C99C91A00290BDCA9690798084443
:1054B0007060296A1098091A1198081A401EF06045
:1054C00087E00D9B401E534393FBF1F1511A079A5D
:1054D000AB691144194408447160F060AA690798E7
:1054E0001044814236DA70600020F3F71DFE00EBB5
:1054F0008001502000EB4100B0F5A07F0ADB0020C6
:10550000F3F712FE00EB8001502000EB410191FB0C
:10551000F8F000E0012071680844F168884219DD64
:105520000020F3F701FE00EB8001502000EB41006A
:10553000B0F5A07F0ADB0020F3F7F6FD00EB800159
:10554000502000EB410191FBF8F000E00120716870
:105550000844F0602A6A1198F168121A1098101A1B
:10556000814236DDF0600020F3F7DEFD00EB8001C4
:10557000502000EB4100B0F5A07F0ADB0020F3F7DC
:10558000D3FD00EB8001502000EB410191FBF8F0CE
:1055900000E00120F168081A7168884219DA0020D9
:1055A000F3F7C2FD00EB8001502000EB4100B0F5A5
:1055B000A07F0ADB0020F3F7B7FD00EB800150204D
:1055C00000EB410191FBF8F000E00120F168081ABE
:1055D00070600B9909985144084403900A98002878
:1055E0003FF449AE03980028FAD0296A1098081AA7
:1055F000E0600599401A401C606068692060E869B5
:10560000A060AAEB09010898A1EB0B01081A02900F
:10561000039900FB0AF090FBF1F000900020F3F7F3
:1056200083FD00EB8000502606EB4000B0F5A07F24
:1056300009DB0020F3F778FD00EB800006EB40016A
:1056400091FBF8F000E00120002F01DD394600E079
:105650000099884203DA002F16DC009F14E0002036
:10566000F3F762FD00EB800006EB4000B0F5A07F91
:1056700009DB0020F3F758FD00EB800006EB40014A
:1056800091FBF8F700E001275046574500DB07463D
:1056900002980399C01BA1EB0A01002916DC0F98A0
:1056A000696940B108984944401E08442060E9698E
:1056B000A1EB0B0008E001EB09002060E969089804
:1056C000A1EB0B01081A401EA060D4E5099A4243E1
:1056D00092FBF1F1401A0F99D9B369697F1E0A183C
:1056E000089949445018C219A26020606A6911449F
:1056F000814233DD00202160F3F716FD00EB8000CE
:1057000006EB40004FF4A077B84209DB0020F3F726
:105710000BFD00EB800006EB400191FBF8F000E090
:10572000012021680844A168884217DD0020F3F7B2
:10573000FBFC00EB800006EB4000B8420ADB0020D7
:10574000F3F7F2FC00EB800006EB400191FBF8F070
:1057500001E036E0012021680844A060A168EA6900
:1057600072E0A0600020F3F7DFFC00EB800006EBA6
:1057700040004FF4A075A8426BDB0020F3F7D4FC87
:1057800000EB800006EB400191FBF8F0A168081ADD
:105790002168884299DA0020F3F7C6FC00EB80000C
:1057A00006EB4000A84256DB0020F3F7BDFC00EBFF
:1057B000800006EB400191FBF8F0A168081A206018
:1057C00059E56A69484410447F1EC119A1602060F0
:1057D0006A6902EB0901884232DA00202160F3F79E
:1057E000A3FC00EB800006EB40004FF4A077B8422A
:1057F00009DB0020F3F798FC00EB800006EB40018A
:1058000091FBF8F000E0012021680844A16888427B
:1058100016DD0020F3F788FC00EB800006EB40006B
:10582000B84209DB0020F3F77FFC00EB800006EBB9
:10583000400191FBF8F000E0012021680844A060DD
:10584000EA690898A168121AA2EB0B00814288DC71
:1058500011E501209AE70120AFE7806820B190F8B8
:10586000320000F003007047032070471CB5054A62
:10587000D2E90212CDE900126A46342102F0D1F9D0
:1058800001981CBD14B003081CB5054AD2E90012EA
:10589000CDE900126A46342102F0C3F900981CBD1C
:1058A00014B0030808B1008D7047FEE710B50A2256
:1058B00000F0ECF9C0B210BD10B50A2200F0E6F914
:1058C000C0B210BD662200F0E1B9672200F0DEB977
:1058D000522200F0DBB9542200F0D8B910B553229F
:1058E00000F0D4F9C0B210BD10B5512200F0CEF9CD
:1058F000002800D0012010BD502200F0C7B950226E
:1059000000F0C4B910B5272200F0C0F9C0B210BD34
:1059100010B5272200F0BAF9C0B210BD10B5272289
:1059200000F0B4F9C0B210BD10B5272200F0AEF9F6
:10593000C0B210BD10B5272200F0A8F9C0B210BD4A
:1059400010B5272200F0A2F9C0B210BD10B5272271
:1059500000F09CF9C0B210BD10B5272200F096F9F6
:10596000C0B210BD10B51D2200F090F9C0B210BD3C
:1059700010B5352200F08AF9002800D0012010BDB2
:1059800010B5342200F082F9C0B210BD10B5342237
:1059900000F07CF9C0B210BD10B5342200F076F9E9
:1059A000C0B210BD10B5342200F070F9C0B210BD05
:1059B00010B5342200F06AF9C0B210BD302200F0F8
:1059C00065B9302200F062B9302200F05FB93022B0
:1059D00000F05CB9302200F059B9302200F056B91D
:1059E000302200F053B9302200F050B9302200F0DC
:1059F0004DB9302200F04AB9302200F047B910B555
:105A00007E2200F043F9C0B210BD022200F03EB980
:105A1000022200F03BB9022200F038B9022200F065
:105A200035B9892200F032B910B5162200F02EF9EE
:105A300080B210BD032200F029B94C2200F026B933
:105A400010B54D2200F022F9C0B210BD482200F07E
:105A50001DB9192200F01AB9192200F017B919223C
:105A600000F014B91A2200F011B91A2200F00EB990
:105A70001A2200F00BB91B2200F008B91B2200F01B
:105A800005B91B2200F002B9182200F0FFB8182255
:105A900000F0FCB8182200F0F9B8072200F0F6B8C0
:105AA000072200F0F3B8052200F0F0B8062200F05B
:105AB000EDB8062200F0EAB8042200F0E7B810B50D
:105AC000622200F0E3F8C0B210BD10B5622200F00F
:105AD000DDF8C0B210BD70B50E460546FFF7EFFF0A
:105AE00002281AD9FF24FD2802D2C0EB0020040AA4
:105AF0000EB1002603E02846FFF72EFA054655B101
:105B000031462846FFF7DBFF022806D9FD28F2D2EE
:105B10004443240AEFE7022C01D8002070BDFD2C7D
:105B200001D3FF2070BD204670BD10B53A2200F0B1
:105B3000ADF8C0B210BD3B2200F0A8B8382200F08A
:105B4000A5B8112200F0A2B8112200F09FB81122CE
:105B500000F09CB8112200F099B8112200F096B81C
:105B6000112200F093B8112200F090B8112200F039
:105B70008DB8112200F08AB8112200F087B81122E6
:105B800000F084B8112200F081B8152200F07EB830
:105B9000152200F07BB8152200F078B8152200F02D
:105BA00075B8152200F072B8122200F06FB81222F8
:105BB00000F06CB8122200F069B8122200F066B84A
:105BC000122200F063B8122200F060B8122200F036
:105BD0005DB8122200F05AB8122200F057B8122213
:105BE00000F054B8122200F051B8122200F04EB862
:105BF000132200F04BB8132200F048B8132200F033
:105C000045B8132200F042B8132200F03FB8132227
:105C100000F03CB8132200F039B8132200F036B877
:105C2000132200F033B8132200F030B8132200F032
:105C30002DB8142200F02AB8142200F027B814223C
:105C400000F024B8102200F021B8102200F01EB895
:105C5000102200F01BB8102200F018B8102200F03B
:105C600015B8102200F012B8102200F00FB8102260
:105C700000F00CB8102200F009B8102200F006B8AD
:105C8000102200F003B81022AFF3008038B514469C
:105C90000A4668B1018D6B461143002200922246EC
:105CA000EAF75AFF012804D0204604F007F938BD6E
:105CB000FEE7009838BD0D22FFF7E8BF0C22FFF782
:105CC000E5BF7822FFF7E2BF10B57922FFF7DEFFCC
:105CD000C0B210BD70B50E460446FFF7F2FF054690
:105CE00031462046FFF7F0FF01462846F3F762F8F9
:105CF00005460EB1002603E02046FFF72DF90446C5
:105D000034B12A463146204602F0EEF90546F3E763
:105D1000284670BD7622FFF7B9BF4022FFF7B6BF15
:105D20004022FFF7B3BF4122FFF7B0BF4122FFF788
:105D3000ADBF10B53E22FFF7A9FFC0B210BD422291
:105D4000FFF7A4BF3C22FFF7A1BF2DE9F0410D46AC
:105D500006461122FFF79AFF044629463046FFF710
:105D600030FE074629463046FFF70AFEC00702D03C
:105D7000E019BDE8F0812046FBE72DE9F0410E4631
:105D80000746FFF7DEFE044631463846FFF71CFEA5
:105D9000054631463846FFF7F9FDC00702D06019C5
:105DA000BDE8F0812046FBE72DE9F0410D460646AF
:105DB0001222FFF76BFF044629463046FFF701FE2B
:105DC000074629463046FFF7DBFD400702D5E019BC
:105DD000BDE8F0812046FBE72DE9F0410E4607467D
:105DE000FFF7E2FE044631463846FFF7EDFD054673
:105DF00031463846FFF7CAFD400702D56019BDE8B5
:105E0000F0812046FBE72DE9F0410D4606461322BE
:105E1000FFF73CFF044629463046FFF7D2FD074610
:105E200029463046FFF7ACFD000702D5E019BDE872
:105E3000F0812046FBE72DE9F0410E460746FFF7CB
:105E4000D7FE044631463846FFF7BEFD05463146CB
:105E50003846FFF79BFD000702D56019BDE8F081C9
:105E60002046FBE72DE9F0410D4606461022FFF7DC
:105E70000DFF044629463046FFF7A3FD0746294695
:105E80003046FFF77DFD800702D5E019BDE8F081BF
:105E90002046FBE72DE9F0410E460746FFF7D2FE0C
:105EA000044631463846FFF78FFD054631463846F1
:105EB000FFF76CFD800702D56019BDE8F081204630
:105EC000FBE75822FFF7E2BE70B50C4605465822A4
:105ED000FFF7DCFE024621462846BDE8704002F08E
:105EE00001B95A22FFF7D2BE5A22FFF7CFBE5A227B
:105EF000FFF7CCBE5A22FFF7C9BE5A22FFF7C6BE33
:105F00005A22FFF7C3BE5A22FFF7C0BE5A22FFF73C
:105F1000BDBE5B22FFF7BABE5B22FFF7B7BE5B22B6
:105F2000FFF7B4BE5B22FFF7B1BE5B22FFF7AEBE48
:105F30005C22FFF7ABBE5C22FFF7A8BE5C22FFF736
:105F4000A5BE5C22FFF7A2BE5C22FFF79FBE5C22CB
:105F5000FFF79CBE10B55922FFF798FEC0B210BDE6
:105F60006B22FFF793BE6B22FFF790BE7022FFF704
:105F70008DBE10B56E22FFF789FE002800DC0120DF
:105F800010BD10B56F22FFF781FE002800DC012054
:105F900010BD6A22FFF77ABE6A22FFF777BE0122A0
:105FA000FFF774BE0122FFF771BE0122FFF76EBE3C
:105FB0000122FFF76BBE0122FFF768BE0822FFF740
:105FC00065BE0922FFF762BE10B588B00C460968AD
:105FD00000916168019121680291E1681346491CB2
:105FE0000391A1680422491C049161680591A1688C
:105FF000491C0691E168491C0791694602F032FA92
:1060000002990098884200DA0146069B049A9A4257
:1060100000DB1A46914203DA0299884205DB03E06D
:1060200004981946984200DB0846206002990098BF
:10603000884200DD0146069B049A9A4200DC1A461B
:10604000914203DD0299884205DC03E00498194679
:10605000984200DC0846A06003990198884200DB62
:106060000846079A0599914200DB1146884204DAF6
:1060700003990198884205DB03E005981146904298
:1060800000DB0846606003990198884200DC0846FE
:10609000079A0599914200DC1146884204DD039974
:1060A0000198884205DC03E005981146904200DC27
:1060B0000846E06008B010BD10B11430F0F7EEB93A
:1060C000FEE770B505460021FFF7D2FC04462846DE
:1060D000FFF7F2FF044400212846FFF7D2FC2044DA
:1060E00070BD70B5040010D0FEF736FF0500606982
:1060F0000AD06969441A2846FFF77EF80444002153
:106100002846FFF751FE201A70BDFEE770B5040067
:1061100010D0FEF721FF0500A0690AD0A969441A32
:106120002846FFF76FF8044400212846FFF79AFE3F
:10613000201A70BDFEE770B5040007D0FFF7E6FF38
:1061400005462046FEF7B4FE284470BDFEE7002158
:10615000FFF737BF20B1406A814302D0002070476B
:10616000FEE70120704720B1406A084000D00120BE
:106170007047FEE720B1008D084000D00120704735
:10618000FEE770B50D4686B006460221FFF7E2FF36
:1061900000281BD069463046FEF7F5FD002229464F
:1061A0006846F0F743FA040012D04FF480313046CD
:1061B000FFF7D0FF70B101208DF81400049504AAF8
:1061C0001621304601F02DFD9DF8140006B070BD7B
:1061D0000020FBE72046F9E7F8B516460C460546D1
:1061E0005022C6E90001FFF751FD3062002841D07E
:1061F000284621465322FFF749FDC0B286F83A00EF
:10620000022837D9324621462846EAF74EF9FD28BA
:1062100006D296F83A1011FB00F0000A86F83A0010
:1062200096F83A00022825D9522221462846FFF73F
:106230002DFD02462146284601F054FF0346324612
:106240002146284606F01FFC0090BDF80000B083F0
:106250009DF80200B077284621465422FFF716FD2C
:106260007063284621465122FFF710FD00B101203E
:1062700086F83B00F8BDF8B514460D4606464422A4
:10628000C4E90001FFF702FDC0B284F85000022803
:1062900063D9224629463046EAF707F9FD2806D297
:1062A00094F8501011FB00F0000A84F8500094F8A4
:1062B0005000022851D9002020634FF480706063A1
:1062C000A06306F114000746F0F7E8F800EBD07081
:1062D000401060643846F0F7D2F800EBD070401000
:1062E000A064452229463046FFF7D0FC02462946E5
:1062F000304601F0F7FE0746304629464622FFF7B2
:10630000C5FCC0B200903B46224629463046EBF71A
:1063100057FE010E84F84F10C2B2C0F30721C0F33C
:1063200007404C34F2F709FC0090BDF800002080D3
:106330009DF80200A07029463046FFF772FBA0606E
:106340004C3C002D09D0304629466922FFF79EFCBF
:1063500014F8511F60F303012170F8BDF8B514461D
:106360000D4606465922C4E90001FFF78FFCC0B272
:1063700084F85A00022846D9224629463046EAF7D0
:1063800094F8FD2806D294F85A1011FB00F0000A88
:1063900084F85A0094F85A00022834D92946304625
:1063A000FFF792FD034622462946304606F06BFB76
:1063B0000090BDF80000A0859DF8020084F82E0032
:1063C000304629465B22FFF761FC60633046294670
:1063D0005C22FFF75BFC2063304629465D22FFF715
:1063E00055FC94F85C1060F3020184F85C102946B7
:1063F0003046FFF776FDA062304629465E22FFF761
:1064000045FC84F85800F8BDF8B516460C4605461C
:106410004D22C6E90001FFF739FCC0B286F83C0006
:1064200002284FD9324621462846EAF73EF8FD2891
:1064300006D296F83C1011FB00F0000A86F83C00EA
:1064400096F83C0002283DD9284621464822FFF70D
:106450001DFC3063002835D04C2221462846FFF72A
:1064600015FC02462146284601F03CFE0346324612
:106470002146284606F007FB0090BDF80000B085D5
:106480009DF8020086F82E00284621464922FFF793
:10649000FDFB706328B1284621464A22FFF7F6FB30
:1064A000B063284621464B22FFF7F0FB08B10121DB
:1064B00000E0002116F83D0F61F30000014660F393
:1064C00041013170F8BD2DE9F84314460D460646EA
:1064D000C4E90001E9F7E9FF07465DB1022F09D8D9
:1064E000002084F82E0004F82B0F20716071A07139
:1064F000BDE8F883304629460C22FFF7C7FBE06170
:1065000094F82E00002877D0304629461D22FFF748
:10651000BDFBC0B284F82E0002286DD91C2229468A
:106520003046FFF7B3FB02462946304601F0DAFD5C
:10653000034622462946304606F0A5FA0090BDF8EB
:10654000000060869DF8020084F834003046294639
:106550002622FFF79BFB010008D0C87A000705D070
:10656000302204F13800FDF7ABF845E0304629460B
:106570002022FFF78BFB94F8431060F3030184F8AB
:106580004310080738D0608E208794F8340084F8D0
:106590003A00232229463046FFF778FB0246294677
:1065A000304601F09FFD034622462946304606F05C
:1065B0006AFA0090BDF80000A4F83D009DF80200C2
:1065C00084F83F003046294621223B34FFF75EFB2A
:1065D0006070304629462222FFF758FBA0713046F2
:1065E00029462422FFF752FB2070304629462522F7
:1065F000FFF74CFB60713B3C94F82F00A0B3304692
:1066000029463022FFF742FB206768B3304629460F
:106610003222FFF73BFBC0B284F82F00022823D9B7
:10662000304629463422FFF731FB94F874103122AA
:1066300060F3040184F8741029463046FFF726FB06
:1066400002462946304601F04DFD034622462946C2
:10665000304606F018FA0090BDF80000A4F86C006F
:106660009DF8020084F86E0094F8300058B3294673
:106670003046FFF763FAA06728B329463046FFF794
:1066800054FA84F8300002281DD929463046FFF715
:1066900052FAE067392229463046FFF7F7FA0246F8
:1066A0002946304601F01EFD034622462946304663
:1066B00006F0E9F90090BDF80000A4F875009DF817
:1066C000020084F8770094F82B00F0B33046294696
:1066D0002822FFF7DBFA2062B8B330462946292288
:1066E000FFF7D4FAC0B284F82B0002283ED9206A02
:1066F000FAF7FDFD02287DD02A2229463046FFF711
:10670000C5FA02462946304601F0ECFC8046304688
:1067100029462B22FFF7BAFAC0B200904346224620
:1067200029463046EBF74CFC010E84F82C10C2B21F
:10673000C0F30721C0F30740F2F7FFF90090BDF85E
:10674000000020859DF8020000E00FE084F82A0098
:10675000304629462C22FFF799FA00B1012084F82F
:106760002D0029463046FFF75CF9A06694F8310009
:10677000E0B329463046FFF7E5FAC4F88400A8B331
:1067800094F83100022831D929463046FFF7D1FA72
:1067900084F83100022829D929463046FFF7BDFA8E
:1067A00044F8880F29463046FFF7BDFA6060294655
:1067B0003046FFF7C4FAA0603D2229463046883CA7
:1067C000FFF764FA02462946304601F08BFC034687
:1067D00022462946304606F056F90090BDF80000E2
:1067E000A4F880009DF8020084F88200FD2FBFF419
:1067F0007FAE00E01BE014F82E0F10FB07F0000A3C
:1068000004F80309207810FB07F0000A20702079B3
:1068100010FB07F0000A2071A07910FB07F0000AB6
:10682000A071607910FB07F0000A607160E62946EC
:106830003046FFF756FB606229463046FFF744FBBF
:10684000034622462946304606F01DF90090BDF861
:10685000000020859DF8020084F82A0081E77FB5BA
:10686000050018D0FEF718FB044605F11401684630
:10687000EFF742FD00986946001B00900198001B4D
:1068800001900298204402900398204403902846E7
:1068900000F002F87FBDFEE77FB50D46040017D07B
:1068A000FEF7D6FAF2F7EAFC00281DD02946684622
:1068B000EFF722FD69462046FDF7D2FC002813D0F1
:1068C000A06858B1408EC0F38120022801D005E0B5
:1068D000FEE7052211466846EFF7E5FD2046FEF784
:1068E000B7FA6946FBF74AFA7FBD006800280AD06C
:1068F00090F820108907F8D090F8200000F00300ED
:10690000012800D000207047006800280BD090F8C4
:10691000201011F00C0FF7D090F82000C0F3810088
:10692000012800D00020704710B504460949FFF740
:106930001AFC08B1002010BD2046FEF70DFB002810
:10694000F9D000211622FFF7A1F90004000CF2D0C3
:10695000012010BD010006007FB5050019D0FEF72B
:106960009BFA044605F114016846EFF7C5FC009850
:106970006946001B00900198001B0190029820447A
:1069800002900398204403902846FDF769FC04B068
:1069900070BDFEE710B5418D41F001014185FEF764
:1069A000DFFA418D41F004014185FEF751FA0022E2
:1069B000BDE810403821F2F73DBD00002DE9F04759
:1069C0009946174688468246FEF7C0F906460025D6
:1069D00023E000BFDAF80800B9F1000F006850F8B2
:1069E000254005D04FF480212046FFF7B3FB98B92E
:1069F0006169002301EB08006061A0693A463844F0
:106A0000A061E16901EB0800E061206A4146384479
:106A100020622046FFF7D2FF6D1CB542DAD3BDE8F5
:106A2000F0872DE9F041456888B016460F460446C8
:106A3000F5B14FF48021FFF78DFB18B16869074469
:106A4000A8690AE02846FEF7D7FB6969081A0744D7
:106A50002846FEF7D7FBA969081A064400212846F4
:106A6000FFF7A2F9074400212846FFF7FBF9064487
:106A700060693F1AA069A6EB000601D1002E40D044
:106A80002046FFF7ECFE04A92046FEF7D9F94FF0A7
:106A9000000875B169462846FEF788F90022694664
:106AA00004A8EFF72DFD5FEA000802D1284601F0A7
:106AB00095F86069324638446061A06939463044CF
:106AC000A061E06900233844E061206A304420621C
:106AD0002046FFF773FF8DB122462A21284601F098
:106AE000A0F82046FFF7BBFE0022694604F114001F
:106AF000EFF706FDB8F1000F08D105E02046FFF7DB
:106B0000AEFE08B0BDE8F0810028FAD0284601F0BA
:106B100065F8F6E72DE9F0410C4607000CD0FEF7CA
:106B20001BFA050039D0FEF711F906463846FEF784
:106B3000D4F9002801DAFEE7FEE7002C01DAA419F7
:106B40002BD4B44229DA844227D015DA6FF003023D
:106B5000A04214DDA96802EB80030968CB5841F814
:106B60002030401EF4E7A96802EB80030968CB5887
:106B700041F82030401C00E00422A042F3DBA8686A
:106B800000222A21006840F82470284601F049F8C4
:106B90002846BDE8F041FFF762BEBDE8F0812DE96F
:106BA000F0410D460646FEF719FBA0B93046FEF748
:106BB0001DFB04463046FEF7DDF900280BDA002CF9
:106BC00009DD4042844200DA204602462B4600217D
:106BD000304600F093FE3046FEF7F8FA002825D143
:106BE0003046FEF73DFA04463046FEF795FA074672
:106BF00000213046FEF78CFE01280BD0002F15DA5D
:106C0000002C13DD7842844200DB044621462B46EB
:106C1000002206E0002C09DA002F07DD2B460022B7
:106C200021463046BDE8F04100F068BEBDE8F08185
:106C30002DE9F047054634300C460FC8CAB035AED2
:106C400086E80F0046A92046FEF7FAF82046FEF730
:106C500023F90146024646A8EFF725FC46AA35A9C6
:106C60003EA8EFF72DFC002873D03EAE96E80F004B
:106C700005F1340686E80F002A461C21204600F064
:106C8000D0FF2A461D21204600F0CBFF2A461E21B8
:106C9000204600F0C6FF4FF480112046FFF75AFA55
:106CA000010004F11400814601D046AA00E002462A
:106CB00005F134018A4624A8EFF702FC002847D0EA
:106CC00095F84E00022843D92046FEF73FF806000B
:106CD0002FD024AF97E80F0005F1340787E80F00A5
:106CE000204600212D22FEF7D1FF98B32046002137
:106CF0000C22FEF7CBFF5FEA00082CD028A8F4F79F
:106D0000A7FC04F11400CDF8CC800FC82FAF87E8A2
:106D10000F0003A8F3F738FC4846EFF7BFFB074620
:106D20004846EFF7ACFB8742484621DAEFF7B6FB5F
:106D300020E02A461F21204600F073FF2A4620212A
:106D4000204600F06EFF2A462121204600F069FF10
:106D5000B5E0BAE0FFE7002707E0A068006850F858
:106D60002710284600F0B4F87F1CB742F5D3E0E7BF
:106D7000EFF785FB4146B8EB600F01DA084600E00B
:106D800040108046D4E907016269CDE94401A1EBD6
:106D90000800401CCDE9422042A952460846EFF7C0
:106DA0008FFB58B342AA10212846F4F7DBF881463E
:106DB000002707E0A068006850F82710484600F058
:106DC00087F87F1CB742F5D34A461F21204600F0C2
:106DD00028FF4A462021204600F023FF4A46212171
:106DE000204600F01EFF28A94846F4F7FBFB42AA04
:106DF00003A92846CDF82890F4F730F804F11400E0
:106E000020AB07C883E80700A8F10100084420A9C7
:106E1000239052460846EFF753FB58B320AA10219F
:106E20002846F4F79FF88146002707E0A06800682D
:106E300050F82710484600F04BF87F1CB742F5D3B6
:106E40004A461F21204600F0ECFE4A4620212046FB
:106E500000F0E7FE4A462121204600F0E2FE28A984
:106E60004846F4F7BFFB20AA03A92846CDF828908E
:106E7000F3F7F4FF04F1140039AF0FC887E80F00EF
:106E800001EB08003A90A3EB080039A93C90524668
:106E90000846EFF715FB90B197E80F0005F13408AD
:106EA000002788E80F0007E0A068006850F8271066
:106EB000284600F00DF87F1CB742F5D339E735AC12
:106EC000343594E80F0085E80F004AB0BDE8F0873C
:106ED0002DE9F04FB3B00C46050040D0F4B30121CA
:106EE0002046FFF737F900287ED120460021632293
:106EF000FEF7CCFE00F0FF08B8F1020F74D995F848
:106F00004E90A86C2F9000212046FEF7DEFDFD2854
:106F100004D219FB00F0000A85F84E00002120463B
:106F2000AA6C01F0E1F8A8642046FDF7EEFF060028
:106F300017D02AA800900AAB324621462846EEF721
:106F400075F8012850D10AA8EFF799FA03900AA81A
:106F5000EFF795FA8246012E08D01DE000E0FEE72B
:106F6000FEE721462846FFF763FE04E10AA8EFF793
:106F700095FA06468348406990F84000F1F784FD91
:106F800001464FF4C04292FBF6F090FBF1F0039003
:106F900092FBF6F04FEA900A0A9806900C98089037
:106FA0000B980790099004F114000090DEE003981C
:106FB0000799401E08440D990990884200DD099107
:106FC000204600217522FEF761FE5FEA000B13D117
:106FD00006AE30460099EFF7D6FA68B100208DF87A
:106FE000C40031AA1A2100E0C9E02046329600F020
:106FF00018FE9DF8C40010B30799AAF101000844D7
:107000000D990990884200DD0991102106AA2846B1
:10701000F3F7A8FF21463190FFF70AFE2046002132
:107020007122FEF733FE0746204600217222FEF74A
:107030002DFE0646C7F34170012802D016E012214A
:10704000E4E727F0C0415048059181420EDC0098EA
:10705000EFF724FA01460598B0F1805F02DB6FF08C
:107060007042101A4143642091FBF0F7C6F341705F
:10707000012816D126F0C04043490590884210DC13
:107080000098EFF7FCF9014626F0C040B0F1805FB0
:10709000059802DB6FF07042101A4143642091FBA7
:1070A000F0F60EA8F3F770FA60697022C1193198F2
:1070B0004069081A1F90A0698119319880698DF87C
:1070C0008880081A209020460021FEF7DFFD4FF44B
:1070D00061611A9003E000BFA0F561601A908842D8
:1070E000FADC02E000F561601A900028FADB204625
:1070F00000216E22FEF7CAFD1B90204600216F2260
:10710000FEF7C4FD1C90204600217322FEF7BEFD51
:107110001D90204600217422FEF7B8FD1E902046E7
:1071200000216922FEF7B2FD9DF889102AAE60F3B6
:10713000030114488DF889104069C06BCDF8A4B0E4
:10714000010CBDF8880061F30C30ADF8880096E8BA
:107150000F0025AE86E80F003198159006AA0EA9FB
:107160002846F3F77BFE0998401C07900D99099873
:107170008842FFF61CAF85F84E902F98A86433B074
:10718000BDE8F08FB85C0120FEFFFF1F2DE9F14F35
:1071900082B00298FFF7C8FB00287DD10298FDF766
:1071A000DBFE009000210298FEF708FF83460021D5
:1071B0000298FEF706FF0746009868B1FDF72DFE1E
:1071C00081460098FDF716FE0546CBF341706FF03F
:1071D0004046012803D01BE03A4659469EE05F48EE
:1071E0002BF0C044844213DC00210098FEF7D7FE48
:1071F000B04201D100200AE0B4F1805F02DB6FF001
:107200007040041B04FB09F4642094FBF0F08346F7
:10721000C7F34170012817D1504827F0C04181427F
:1072200012DC00210098FEF7F0FBB04200D10027ED
:1072300027F0C040B0F1805F02DB6FF07041081AA8
:107240006843642190FBF1F700216C220298FEF75D
:107250001DFD064600216D220298FEF717FD8246AD
:107260000298FEF729FF80460298FDF721FE0446AA
:10727000C6F3417001280ED1384926F0C04088423B
:1072800009DCB0F1805F01DB4910081A00FB08F04F
:10729000642190FBF1F600E05EE0CAF34170012842
:1072A0000DD12E492AF0C040884208DCB0F1805F41
:1072B00001DB4910081A6043642190FBF1FA5E4437
:1072C000574400210298FEF7F7FA40B10A2823D26A
:1072D000DFE800F022220C14202A3218363900216F
:1072E0000098FEF70FFB012808D015E009EBD971D3
:1072F000491008EBD870A1EB600001E0A9EB080091
:10730000064409E005EBD570401004EBD471A0EB06
:10731000610000E0281B07443A463146029803B05A
:10732000BDE8F04FFFF77DBB09EBD971491008EBC1
:10733000D870A1EB600001E0A9EB08000644E9E782
:10734000A9EB080006E009EBD970401008EBD871F2
:10735000A0EB61000644D5E7BDE8FE8FFEFFFF1FEE
:107360002DE9F0418EB0040013D0608D010501D5E8
:10737000400578D42046FDF7EFFD5FEA000872D0A3
:10738000608D4FF0FF36000504D52046FEF794FED1
:107390002BE0FEE7002120460296FEF700FE0146A4
:1073A00002AA2046E2F7D0FD05462046002104222D
:1073B000FEF76CFC014602AA2046E2F7C5FD07462F
:1073C000204600210522FEF761FC014602AA204664
:1073D000E2F7BAFD854201DA294600E00146B942EA
:1073E00001DA3D4602E0854200DB0546608D40053E
:1073F00003D52046FDF75CFD2AE0002120460C96CF
:10740000FEF703FB01460CAA2046E2F74DFD0646B7
:10741000204600210622FEF739FC01460CAA204630
:10742000E2F742FD0746204600210722FEF72EFC28
:1074300001460CAA2046E2F737FD864201DA3146C2
:1074400000E00146B94201DA3E4602E0864200DB36
:1074500006462046FEF730FEA84208D12046FDF73A
:1074600027FDB04203D100200EB0BDE8F0812046D8
:10747000FFF7F5F903A92046FDF7E2FC07A940460E
:10748000FDF794FC002207A903A8EFF739F80700DD
:1074900002D1404600F0A2FBA069761E3044206273
:1074A00000212046FEF72EFA01281CD060696D1ECF
:1074B0002844E06103AA3121204600F0B2FB2246B5
:1074C0002A21404600F0ADFB2046FFF7C8F9608D49
:1074D000002240F00200608507A904F11400EFF7D4
:1074E0000FF837B904E0E069401B401C6061E1E738
:1074F00010B1404600F072FB204600F002F8012077
:10750000B2E738B504000ED0FDF7C6FC05460020F2
:1075100000906A461B21204600F083FBA06818B14A
:107520000099C16208E0FEE7009828B12046FCF708
:1075300081FEA1680098C8620098A84202D0204647
:10754000FFF78DF938BD70B505460021FEF727FD20
:10755000044600212846FEF758FA6FF040418C425D
:1075600003D0884201D0002070BD2846FFF712FAF0
:10757000012070BD2DE9F84F17460C4605003DD09F
:10758000364890F82800002865D02846FFF767F9AC
:107590000421384602F00EFD06460221384602F06C
:1075A00009FD80460121384602F004FD00901021BB
:1075B000384602F0FFFC81464FF4702BD6B15C4593
:1075C00010D07CB1284600210222FEF75FFB6FF04D
:1075D000404A504506D0284600210122FEF756FBBE
:1075E00050451ED100223221284600F01AFB2846C1
:1075F000FFF7D0F95C4502D00CB112E0FEE7FF2F97
:1076000000D02EB12846FDF7A7FC08B1FFF7C2F95C
:107610005C4500D02CB9B9F1000F02D0284600F02B
:1076200058FFFF2F02D0B8F1000F02D02846FFF715
:1076300068FF2846FFF713F9FF2F04D0009948EAA6
:107640000600084207D0B4F5803F04D02846BDE8C4
:10765000F84F07F0DFBDBDE8F88F0000B85C0120EF
:1076600070B588B00C46050036D0FEF77CFD0028CA
:1076700033D02846FFF758F90646E0060CD504AA91
:1076800069462846FDF7C4FD69462846FFF704F918
:1076900004A92846FFF700F9686AA0436862E0077A
:1076A0000AD02846FFF7DBF82846FDF755FCFFF720
:1076B00071F92846FFF76EF92846FFF735F9B04211
:1076C00002D114F0C07F08D02846FDF745FC08B071
:1076D000BDE87040FFF75EB9FEE708B070BD00007E
:1076E0002DE9F04115460E46040005D0608D0021BD
:1076F0000422C0F305100CE0FEE700BFE36802EBD4
:10770000C107DB59DF0103D523F07F43AB4202D031
:10771000491C8842F2D8884202D10020BDE8F0819D
:10772000E06850F83100314602F066FC28B132467C
:1077300029462046FFF71EFF01E00028EED0012079
:10774000ECE72DE9F0410D46040016D0208D20EA2B
:10775000050188421DD0204611F0C0FB4FF4800186
:107760002046FEF7F7FC002813D026462F46204679
:10777000FDF7ECFA0546002409E0FEE72146304615
:10778000FDF7A1FA10B13946FFF7DBFF641CAC42EC
:10779000F4D3BDE8F0812DE9F05F5FEA0109054609
:1077A0001FFA82FA02F47F064FF0FF070CD099F817
:1077B000080000B900273EB9202148460CF06AFEB7
:1077C00010B12846FFF74BF8002421465EE0EA6836
:1077D000042000EBC40B964652F80B00AAF57F4834
:1077E000C0F307431B0482B2B8F1FF0801D0524531
:1077F0000BD1B6F5702F01D0B34206D1B9F1000F0D
:1078000005D05EF834304B4501D0641C3EE0800169
:1078100005D50023FF22314628460FF0C9FBE86852
:1078200050F80B10CA0101D489010DD550F834006D
:1078300008B102F023FCE86850F83400F8F778FC4F
:10784000E968002041F83400204608220AE0E9688F
:1078500002EBC00C01EBC0036144401CD1E900C144
:10786000C3E900C1698DC1F30511491E8142EED8FB
:10787000688D0109491E61F309106885C0F3051080
:10788000C100E86801F022F90121E860688DC0F3C9
:107890000510A0429BD8002908D0002F06D03A46F8
:1078A00031462846BDE8F05FFFF764BEBDE8F09FB3
:1078B000014A0021FFF76FBFFFFF0F0070B50646BA
:1078C0000D4890F82800002815D000200FE0002572
:1078D00008E000BFD4F8BC0250F82510304607F08D
:1078E00000FE6D1CD4F8D802A842F3D82046F1F768
:1078F0006FFC0400EBD170BDB85C01202DE9F041B4
:107900001546074698B00C4651EA050061D0002B99
:1079100062D03846FDF79CFA80466846EDF750FE87
:1079200039466846EDF70FFF3A496846EDF7EBFE3A
:107930004FF4C8762CB34046F1F70CFC40103246A9
:10794000C821EDF702FF01466846EDF7DEFE384636
:10795000FDF752FC221A41426846EDF7EEFE2E4931
:107960006846EDF7DAFE2D496846EDF7D8FE6A461F
:107970000C21384600F055F901282AD16846EDF768
:1079800003FF002D25D04046F1F75EFC4010324643
:10799000C821EDF7DAFE01466846EDF7B6FE384637
:1079A000FDF730FC2A1A41426846EDF7C6FE1C4935
:1079B0006846EDF7B2FE19496846EDF7B0FE6A4633
:1079C0000C21384600F02DF9012802D16846EDF768
:1079D000DBFE18B0BDE8F08111493846EDF7B2FD85
:1079E0000D493846EDF7AEFD00220C21384600F077
:1079F00018F90128EDD12A462146384600F075F8DD
:107A00000128E6D118B03846BDE8F04100220E2129
:107A100000F007B9493E0308193F03084B56010817
:107A20002F3F03082DE9F0471546824699460C463C
:107A300051EA050057D0504600F05EFD5046FDF774
:107A4000DBFBC0F10008444400215046FDF760FF15
:107A5000012810D0002C10DC20DA5046FDF700FB86
:107A600006465046FDF758FB301800D5002040422E
:107A7000844212DB12E0002C02DA4FF000040DE029
:107A80000CDD5046FDF7ECFA06465046FDF744FB88
:107A9000301800D50020844200DD04465046FDF732
:107AA000B1FB46423544002D02DD4FF000050EE0EB
:107AB0000DDA5046FDF79AFB07465046FDF75AFA95
:107AC000381800D500204042854200DA0546A4EB74
:107AD0000801AA1B51EA020005D04B465046BDE8FA
:107AE000F047FFF70BBFBDE8F08770B516460546B7
:107AF0000C4651EA06001AD02846FCF79BFBA86802
:107B000001233246016A21440162A868416A314476
:107B1000416221462846FEF751FF00220F212846E8
:107B200000F07FF8012803D12846FEF798FE0120D7
:107B300070BD70B516461D4604461A4600F026F87C
:107B40002A4631462046BDE8704000F033B82DE9A2
:107B5000FC410E46044600F0CFFC0020009001904E
:107B60002046FDF7F9F9054604F114070AE033460B
:107B70006A46214638460CF039F82C462046FDF777
:107B8000EBF90546002DF2D1BDE8FC8170B50D463C
:107B9000144606460649EDF7D5FC3046FDF72CFBAA
:107BA000411B23463046BDE870400022FFF73ABF34
:107BB000193F030870B50D46144606460649EDF711
:107BC000C1FC3046FDF71EFB421B23463046BDE894
:107BD00070400021FFF726BF2F3F030810B588B083
:107BE000044604AA6946FDF713FB6846EEF74CFC11
:107BF00020B904A8EEF748FC002810D06846EEF73C
:107C000043FC18B169462046FEF746FE04A8EEF78D
:107C10003BFC002803D004A92046FEF73DFE08B037
:107C200010BD10B588B0C0B10090CDE901010020B1
:107C3000CDE903029DF8180020F00F008DF8180020
:107C40006846F7F73FFF6846E7F73DFA044668469F
:107C5000F7F732FF204608B010BD0120FBE770B5F2
:107C60000D46040004D0FCF7E5FAA068856270BDFB
:107C7000FEE770B516461D460446002200F083F963
:107C800000223146204600F06FF9002229462046A6
:107C900000F07EF92046BDE870400022012100F08E
:107CA00081B910B50446002200F063F92046002295
:107CB000BDE81040012100F075B910B5044600225E
:107CC00000F05CF92046FDF747F9BDE81040FEF7EB
:107CD00061BE38B50C4605000ED000236A4602216D
:107CE000FDF71AF9012808D0002804D10022214606
:107CF000284600F052F938BDFEE70098A042F5D1C1
:107D000038BD10B5040008D089B2002200F04AF94D
:107D10002046BDE81040FEF73DBEFEE72DE9F041EC
:107D20000D461C46164603F47F01804600232A4672
:107D30000FF03EF921464046E8F7CEFB07463CB936
:107D40002021284602F036F910B14046FEF787FDA3
:107D500032462946384602F08AFA2A4621464046EB
:107D6000BDE8F041FFF706BC70B50C46060012D026
:107D700094B17068002868D0A04266D03046FEF703
:107D80006EFD2046FCF756FA30467568FDF7A5F8FB
:107D90000146042209E0FEE7FEE7A86802EB810342
:107DA0000068C35840F82130491C2846FCF7CEFF34
:107DB000801E8842F1DAA968088E401E0004000C7B
:107DC0000886A96805D082000868114600F07EFE8A
:107DD00003E00868F8F7ACF90020A9680860A0681B
:107DE000018E491C89B20186A0688900006800F0F4
:107DF0006DFEA16808602046FCF7A8FF6FF0030144
:107E000001EB8000A16809680E5028467460FFF7F6
:107E1000E5FE32462A212846FFF703FF00222C21E7
:107E20002846FFF7FEFE32462A212046FFF7F9FEDC
:107E300000222B212046FFF7F4FE3046FEF7AAFD74
:107E40003046BDE87040FEF70ABD70BD70B51546FE
:107E5000040007D000F005F929462046BDE870402F
:107E600000F017B9FEE770B50C460546FCF7E2F9DD
:107E7000A868418EC1F38312A24202D064F3891133
:107E8000418670BD70B50C460546FCF7D3F9A8686D
:107E9000418E64F38301418670BD70B50C46054682
:107EA000FCF7C8F9A868418E64F30511418670BDDE
:107EB00070B50C4605000FD0FCF7BCF9A868418EE0
:107EC00001F00302A24208D064F301014186284672
:107ED000BDE87040FEF7C3BCFEE770BD70B5154647
:107EE000040007D000F0A5F829462046BDE8704000
:107EF000FFF7EFBEFEE70AB1FBF76CBFFFF721BC4F
:107F000013460A460A21FFF709BF13460A462721EE
:107F1000FFF704BF07B481B01346BDF80810ADF8F1
:107F200000109DF80A108DF80210009A1C2104B070
:107F3000FFF7F4BE13460A462821FFF7EFBE07B449
:107F400081B01346BDF80810ADF800109DF80A1076
:107F50008DF80210009A312104B0FFF7DFBE1346FE
:107F60000A463021FFF7DABE13460A467C21FFF7A6
:107F7000D5BE13460A467A21FFF7D0BE13460A46FD
:107F80007E21FFF7CBBE13460A467B21FFF7C6BE14
:107F900013460A467D21FFF7C1BE13460A46022159
:107FA000FFF7BCBE13460A461621FFF7B7BE1346BD
:107FB0000A460421FFF7B2BE13460A466221FFF7C4
:107FC000ADBE13460A461121FFF7A8BE13460A4666
:107FD0001221FFF7A3BE13460A461321FFF79EBEE8
:107FE00013460A461021FFF799BE13460A465E2142
:107FF000FFF794BE07B481B01346BDF80810ADF882
:1080000000109DF80A108DF80210009A582104B053
:10801000FFF784BE13460A460121FFF77FBE1346D1
:108020000A460821FFF77ABE13460A460921FFF7E0
:1080300075BE38B50C4605000ED000236A460121F6
:10804000FCF76AFF012808D0002804D1002221464D
:108050002846FFF7DFFF38BDFEE70098A042F5D1C4
:1080600038BD38B50C4605000ED000236A460821FD
:10807000FCF752FF012808D0002804D10022214635
:108080002846FFF7CCFF38BDFEE70098A042F5D1A7
:1080900038BD38B50C4605000ED000236A460921CC
:1080A000FCF73AFF012808D0002804D1002221461D
:1080B0002846FFF7B9FF38BDFEE70098A042F5D18A
:1080C00038BD000010B504460449EDF73BFA2046E0
:1080D000BDE810400249EDF735BA00002F3F030814
:1080E000193F0308104670472DE9F04115460E462A
:1080F0000746FDF7E9FD04000BD031463846FDF791
:10810000E0FD2146F0F756FE01462846F0F706FE50
:1081100005462846BDE8F0812DE9F047074698B0AE
:10812000408D209E40F00800788515463A85994696
:108130008A46327A3846FDF7A9FD0446A7F828900A
:10814000327A51463846FDF7A1FD798D804621F0FF
:1081500008017985444505D101462046F0F755FCD4
:10816000002879D13D85327A51463846FDF78EFD9B
:108170000446A7F8289051463846E8F72FFD317A93
:108180000068224602F073F8327A38467168FFF7C9
:10819000F1F9307A0C2824D147F6FF794C4501D00B
:1081A000C8451ED13846FDF787FF00EBD07045105B
:1081B0003846FCF77DFE00EBD07040104C4506D1F0
:1081C0006A1C431C9A4201DA6C1C00E01C46C8453C
:1081D00007D1691C421C914201DA681C00E0401C76
:1081E00080461F48FBF719F9050038D02F60C5E914
:1081F0000348307A28716846C5F808A0EDF7E0F921
:1082000029466846EDF79FFA16496846EDF785FA64
:1082100015496846EDF78DFA14496846EDF76EFA90
:10822000FF2200216846EDF788FA31886846EDF7AD
:108230006CFA71886846EDF763FA6846F168EDF705
:108240006EFA00216846EDF762FA68463169EDF78B
:1082500072FA6846EDF798FA18B0BDE8F087FEE7C5
:10826000D45C0120816D0308656F0308BD6E0308AF
:1082700014210148FBF7C9B8D45C01202DE9F84F5F
:1082800000259046894606462C460427DEE000BFBE
:10829000F06807EBC401405881016ED480B230EA27
:1082A000090112D05FF0000130EA08000FD0002071
:1082B000814262D0F0686A46102150F8340082464C
:1082C00001F09BFD002863D103E00121ECE70120D0
:1082D000EEE76A461121504601F08FFD002857D184
:1082E0006A461221504601F088FD002850D16A46A6
:1082F0001321504601F081FDF0BB6A46152150461E
:1083000001F07BFDC0BB6A461421504601F075FDAB
:1083100090BB6A461621504601F06FFD60BB6A466D
:108320006C21504601F069FD30BB6A466D21504614
:1083300001F063FD00BB6A460121504601F05DFD7E
:10834000D0B96A460221504601F057FDA0B96A46ED
:108350000421504601F051FD70B96A46052150468E
:1083600001F04BFD40B96A460621504601F045FD3B
:1083700010B96A46072101E00AE066E0504601F0C4
:108380003CFD28B96A463021504601F036FD10B157
:108390000320BDE8F88F6A466A21504601F02DFDA2
:1083A000F0BB6A466B21504601F027FDC0BB6A4610
:1083B0007021504601F021FD90BB6A466E21504667
:1083C00001F01BFD60BB6A466F21504601F015FDB0
:1083D00030BB6A463A21504601F00FFD00BB6A46A9
:1083E0003B21504601F009FDD0B96A46382150467C
:1083F00001F003FDA0B96A463C21504601F0FDFCA6
:1084000070B96A463E21504601F0F7FC40B96A4611
:108410004021504601F0F1FC10B96A46412100E0CC
:108420000FE0504601F0E9FC58B96A464221504637
:1084300001F0E3FC28B96A464821504601F0DDFC12
:1084400008B1022501E005B90125641C708DC0F357
:108450000510A0423FF61CAF28469AE713460122BA
:10846000AFF300802DE9F0471F4691464FEA010A1D
:108470005FEA00082BD0FCF748FD022818D0002541
:1084800007F00104C7F34006A6B13CB14046FCF733
:1084900063FD3B464A465146FFF7E4FF002D16D0E8
:1084A00033464A4651464046BDE8F0470FF060BAB1
:1084B0000125E5E72DB133464A46514640460FF0C7
:1084C00057FA002C03D04046FCF746FDD0E7BDE844
:1084D000F08770B50546E1F761FE0446A86820B153
:1084E000418E64F38B21418670BD002CFCD0284660
:1084F000FBF7A0FEA868F3E770B50D4D95F8641082
:10850000002913D1012185F86410FCF729FD0446E8
:1085100006E000BF20F0040060852046ECF7F9FD7E
:10852000608D4107F6D4002085F8640070BD00001E
:10853000B85C01207047000008B5132802D209B1C9
:10854000042907D9F0F746FA0090BDF800009DF81D
:1085500002100BE0491E074AC9B200EB400002EBD3
:10856000800001EB410101440888897840EA01401C
:1085700008BD0000C4E8030808B5132802D209B1F9
:10858000052907D9F0F726FA0090BDF800009DF8FC
:1085900002100AE0491E064AC9B2C0EB001010449E
:1085A00001EB410101440888897840EA014008BD97
:1085B000A7E7030808B5132807D3F0F70BFA0090D4
:1085C000BDF800009DF8021005E0044900EB4000F2
:1085D00001440888897840EA014008BD6EE7030835
:1085E0006FF07041002805DA4A42904200DC1046E4
:1085F000081A02E0884200DB084640F0005070474D
:10860000C0F34172012A0DD1074B20F0C0429A42BB
:1086100008DCB2F1805F01DB5810821A4A43642003
:1086200092FBF0F070470000FEFFFF1F2DE9FE4FA8
:108630009946DDE90CA60F4604462AB94FF480712D
:10864000894501D18A4566D000200CE054F83030CD
:108650003168591A44F8301004EBC00175684B6852
:108660005B1B401C4B60B842F0D3E2B3B2F5616FC4
:1086700001DDA2F56162002A01DA02F561620A20D9
:1086800092FBF0F5684200EB800002EB400805F138
:10869000010B28B203F03EFD02900FFA8BF003F0BD
:1086A00039FD5A35019028B203F034FD00900BF1EA
:1086B0005A0000B203F02EFD03460298C8F10A01E9
:1086C00001FB00F5019A0A2002FB085292FBF0F030
:1086D00042110098414303FB08100A2190FBF1F07E
:1086E0004311002163E0FFE7002012E054F830203E
:1086F000336802FB09F203EB222144F8301004EB4B
:10870000C00175684B68401C03FB0AF305EB23228C
:108710004A60B842EAD3BDE8FE8F00BF04EBC10B4C
:1087200054F831004FF48075DBF80480A94512D16C
:10873000AA4510D103FB00F502FB1855D6F800C07E
:1087400050430CEBA52544F8315003FB0800756835
:1087500005EBA02528E00E9D8DB100FB09F008FB7C
:108760000AF503FB00FC02FB15CCD6F80080504351
:1087700008EBAC4C03FB050044F831C011E003FBEF
:1087800000F502FB1855D6F800C005FB09F50CEB07
:10879000A54544F8315002FB00F503FB085000FBEF
:1087A0000AF0756805EBA045491CCBF80450B942A6
:1087B000B4D3B0E7D1E90021C0E900217047C0E996
:1087C0000012704730B5D0E90023D1E90045C0E977
:1087D0000045C1E9002330BDD1E90021C0E90021F5
:1087E00070473EB5DDE906458DE8380013460A4678
:1087F0000121FFF71BFF3EBD10B5036882680C68BE
:10880000D21A02EBD27252104068134410444968E5
:10881000E31A081A5B4300FB00305243904201D830
:10882000012010BD002010BD38B510F087FCEBF71B
:1088300027F9EBF705F94FF4A071F020F0F77CFB76
:1088400004460849F0F790FE1B212046F0F760FE31
:108850000020054A45F6C0530090D11A2046F0F793
:10886000EFFD38BDD5B300088C60002070B5DBF794
:108870002FFDF8F753FD0A4C02212062F9F71AFA8E
:108880000849206AF9F712FAF7F79AFE0546F7F752
:10889000BBFF2946206ABDE87040F9F7F5B9000032
:1088A00014010020BD40010870B50C4601230021D1
:1088B00010E0D50706D01D46A5FB003601FB006180
:1088C00005FB0411A0FB005604FB006600FB0464DA
:1088D00052102846002AECD1184670BD0149C866DE
:1088E00070470000B85C01202DE9F041050002D07E
:1088F00000262C6816E0FEE7606808B10446FBE736
:10890000A0680028FAD127682FB17868A04201D169
:108910007E6000E0BE602069F7F70AFC2046F7F7AA
:1089200007FC3C46002CE7D12E60BDE8F08110B575
:1089300038B100F085F8002802D0F7F7F9FB0120E4
:1089400010BDFEE770B50E46050001D02C680CE0A6
:10895000FEE76A68216930469047002802D003DAB2
:10896000646802E0204670BDA468002CF1D1204666
:1089700070BD70B515460E4604000BD05EB15DB1FA
:108980000C220021FAF757FF0020A560C4E9000679
:10899000012070BDFEE7FEE7FEE72DE9F0478A46BD
:1089A00007001DD0FFF7CEFF002841D11420FAF7B1
:1089B00033FE040015D0B868FAF72EFE206188B1A6
:1089C0004FF0000884F80C80C4F80480C4F80880D4
:1089D000396841B1C4F810A03E688146354612E0BE
:1089E000FEE7FEE7FEE73C600120C4F8008020734C
:1089F0001DE07A683546316920699047002801DA20
:108A0000766800E0B668002EF3D1256084F80C800B
:108A10007A68296950469047002801DA6C6000E0C6
:108A2000AC602146384605F0FEFBC4F810902046A5
:108A3000BDE8F08700E0084641680029FBD1704797
:108A400070B50C460346D4E9011041B348B3FFF7B3
:108A5000F1FF216831B14A68A24201D1486002E0C9
:108A6000886000E018600268057B8168A24201D13D
:108A7000024606E001B10A605160A6688660A668F9
:108A8000306026680660267B067366684660666806
:108A9000012D306014D1184605F051FB10E000B1F3
:108AA0000146207B226801B10A6032B15568A542B7
:108AB00001D1516002E0916000E019600128EAD024
:108AC00020462569F7F734FB284670BD10B5084CE1
:108AD00031B1A04208D1BDE810400846FAF778BD90
:108AE000F7F726FB204610BDBDE8104000F002B8A5
:108AF000205D01202DE9F0410D46074603F021FAE3
:108B0000104C06462A463946D4F8D40103F08BFAB5
:108B1000050014D0D4F8D801801BC4F8D801284629
:108B200004F5EC7403F00DFA2168084420606168D4
:108B3000A4F5EC74884200D80846C4F8DC01284645
:108B4000BDE8F081B85C0120014840697047000031
:108B5000B85C01202DE9FC410E46002507462A4657
:108B60001431EDF7CDFC00282CD001213046FDF763
:108B7000F1FA30BB3046FCF7C8F910BB0021304693
:108B8000FCF7A3FFFD281CD300208DF800006A46E7
:108B90001A2130460197FFF744F89DF8000002289B
:108BA0000FD03046FCF7D2F8401E04000ED4B06857
:108BB000006850F824103846FFF7CCFF050009D1B3
:108BC00002E00020BDE8FC81641EF0D59DF80000A5
:108BD00000B935462846F5E7704700002DE9F04F0B
:108BE00085B000254FF0440ADFF8AC804BE000BFB1
:108BF00005F51172895CE9BB00243AE004F51179AE
:108C000010F80910A1BBA54232D00AEB041104915F
:108C100001440AEB051B5844EDF7B5FC40B37069FD
:108C20000499B046421800EB0B016846EDF773FD5E
:108C30006846EDF729FCD8F81410074601EB0B0045
:108C4000EDF722FC0646D8F8141004980844EDF716
:108C50001BFC304487420BD2D8F81410464601EB77
:108C60000B006946EDF751FB7269012102F809100A
:108C7000641C00E006E0D8F814004646D0F8641200
:108C8000A142BBD86D1CD8F81410D1F86422AA42B6
:108C9000AED805B0BDE8F08FB85C012010B591F8F2
:108CA0003C000C4620F0030081F83C000020C86224
:108CB0000863486310212046FEF7D2FC4FF4007190
:108CC0002046FEF7CDFC21460548FBF7C7FBFBF726
:108CD0002BFC2046BDE81040002202A100F048B95C
:108CE000A0EC03084F7074696F6E20310A4F7074E6
:108CF000696F6E20320A4F7074696F6E20330A4FAD
:108D00007074696F6E20340A4F7074696F6E20350D
:108D1000000000007CB50E467548FBF7BEFF012839
:108D200032D13046F6F749FE05463046F6F74DFE9D
:108D30000446342D20D0322D27D0312D31D0012DB5
:108D400031D00A2D3ED0022D45D00B2D62D0032DFF
:108D500060D0132D66D0142D78D0112D73D0122D24
:108D600072D01B2D71D01D2D01D0202D0CD130467D
:108D7000BDE87C40E4F781BD3046F6F777FE054656
:108D80002046E7F7BCFE28607CBDE7F762FB18B120
:108D900000223221FEF745FF2046FEF7D4FB0021DA
:108DA0005AE0002159E0E06A0128EDD9E06B20F09B
:108DB00004012046E163E7F74CFBBDE87C404D49E8
:108DC000ECF7C0BB90F83C004007DDD53046BDE86D
:108DD0007C40F6F738BFE06A0128D5D9F8F798FA51
:108DE0006946F8F77CFC694620460FF06FF9019858
:108DF0000028C9D02046E7F72CFB0546FDF7A7F968
:108E0000019901442846FFF744F9E06B40F0040063
:108E1000E0637CBDE06A0128FBD92046BDE87C40C8
:108E200006F018BAFCF73DF80546F8F771FAF8F7BE
:108E300052FC042803D12846F7F75AFC10B1206BE6
:108E400060637CBD02E00CE02EE04BE0D4E90C1046
:108E50008142F6D0012120632046BDE87C4006F027
:108E60002BB8E06A0128ECD93046F6F7E2FD13286A
:108E700010D012280ED0142801D01128E1D1216B76
:108E800020460029DDD00122491E656B00F008F95B
:108E90006563D6E7216BE26A481C9042D1D2012279
:108EA0002046491C656BF1E7E06A0128C9D93046C4
:108EB000F6F7DEFD236BE16A1A18481E904201DDC9
:108EC000154600E04D1E002D01DA002104E090421D
:108ED00001DD114600E0491E8B42B2D0204601223E
:108EE000656BD3E7E7F7B5FABDE87C40FEF709BB51
:108EF0007CEC03086741030870B50E460846F6F798
:108F00005CFD04461D2805D031461848FBF7C5FE18
:108F1000012822D13046F6F758FD05461B2C08D013
:108F2000312C1BD01D2C18D13046BDE87040E3F722
:108F300057BD3046F6F79AFD04462846FCF70CF874
:108F4000E7F7DDFD06462846FDF7B6F8024620683D
:108F5000B11A884200DC0846206070BDFBF7FCFFB8
:108F6000BDE87040002105F0A7BF0000A0EC030899
:108F70002DE9F84F15468946040010D0B9F1000FCD
:108F80000ED02046E7F765FA4FF0000B0090C4F8CA
:108F900030B0C4F834B05846C4F82CB007E0FEE74F
:108FA000FEE70A2902D1E16A491CE162401C19F876
:108FB00000100029F5D1E06A401CE06294F83C0002
:108FC00020F00300DDB1401C84F83C002046FCF793
:108FD00094FFF7F797F8054600212046FCF79FFF1E
:108FE000E16A284448434FF47A7191FBF0F20F2A6A
:108FF0000CDA91FBF0F2032A08DA03200EE084F881
:109000003C0049460098F9F7F5FE42E091FBF0F28A
:109010000F2A02DA91FBF0F000E00F20A063C107F5
:1090200001D1401CA063484600F0B0FE471CA06B75
:1090300078435FEA000801D101208046FAF7C8FAB8
:1090400005460026A0F1010A0BE000BF07FB065011
:10905000494600F07FFE711C0A207943761C01F816
:109060000A00A06BB042F1D805EB080101F801BC81
:1090700029460098F9F7BEFE2846F7F759F8A16B84
:10908000E06A4A0842434843C4E90B022046EAF733
:1090900007FA206B60630098BDE8F84FFEF731BA1D
:1090A000F0B430B190F83C3003F00303012B01D051
:1090B0001BE0FEE7C46A836BB4FBF3F3046B9942D5
:1090C000B4FBF3F611D206FB13456C1A24B2002C44
:1090D00000DC6442B4EB530F05D90C468D4201D934
:1090E000E11800E0E11A03FB0611C36A8B4200D8C5
:1090F000591E01634163F0BC114605F0DDBE10B599
:109100000C46382104F12C00FAF77FF9A06C0521F8
:109110006FF30E000B3061F3DD30A064012084F8A2
:109120003C00A06C642140F08040A0644FF4877044
:109130002065872060650020C4E91001E065206695
:10914000A16C21F00041C4E91210A065A063204683
:10915000BDE810401021FEF783BA000070B50C4640
:1091600001F12C060AE000BFFAF732F90546014684
:109170003046FAF7F7F92846F6F7DAFF206B0028B1
:109180003046F1D1BDE87040FAF702B970B50E462D
:109190001D48FBF782FD01282DD13046F6F70DFC66
:1091A00005463046F6F711FC04461D2D09D0202D4A
:1091B0001ED01B2D1FD13046BDE870406421F6F74C
:1091C00035BDA06C002816DB204609F0DAFF2046EA
:1091D00009F0AEFB94F84C003146C00720460BD096
:1091E00009F062FE31462046BDE8704009F043BCFC
:1091F000A06C0028E8DB70BD09F03DFC314620463C
:10920000BDE8704009F050BE58EC030808B50021D5
:109210000B460A46009100F001F808BD2DE9F04721
:10922000B0B0994692460E460746DDF8E080FBF75F
:109230000FFED0F8C8520446BD427DD0D4F8D40207
:10924000B84279D0C8B1A84217D00021ECF77AF91A
:109250000022D4F8D402114604F53274FEF7F6FD6C
:1092600000226221E068FEF73BFA2068A060E06817
:10927000A4F5327405460AF086FCC4F8D472D4F81A
:10928000D00228B194F8DC12890701D5FBF7E4F984
:109290000020C4F8D0020A2E66D00B2E64D00C2E0B
:1092A00062D00D2E60D00E2E5ED0002194F8DC022C
:1092B00061F3000068F3410084F8DC0200213846C5
:1092C000ECF740F91DB100212846ECF73BF90022EC
:1092D00011463846FEF7BAFD25B100221146284650
:1092E000FEF7B4FD002262213846FEF7F9F925B1F8
:1092F000002262212846FEF7F3F95AEA090035D028
:109300006846ECF75DF939466846ECF71CFA6F4998
:109310006846ECF70EFA6E496846ECF7EFF95146ED
:109320006846ECF7F2F949466846ECF7E9F918A8FF
:10933000ECF746F9294600E023E018A8ECF703FA19
:10934000514618A8ECF7E1F9494618A8ECF7D8F906
:109350000F2E2BD2DFE806F0181E363E4751657BF4
:1093600090A6AD5D71879C0001219FE738460AF009
:109370000AFCB8F1000F04D0002D02D02846FBF7FC
:109380006BF930B0BDE8F08752496846ECF7C5F993
:1093900000228CE04F496846ECF7BFF92046EFF712
:1093A000D9FE1EE04FEA0D00ECF7C7F9002D78D08A
:1093B00000222D212846FEF734FC6846ECF7E4F93C
:1093C00018A87FE043496846ECF7A7F92046EFF775
:1093D000C1FE0FE040496846ECF79FF92046EFF7E1
:1093E00033FF014607E03C496846ECF796F9204612
:1093F000EFF72AFF41420022D4E736496846ECF7EE
:109400008CF92046EFF7A6FE014600226846ECF7ED
:1094100094F9304918A8ECF780F92046EFF79AFE46
:1094200028E02C496846ECF778F92046EFF792FEE1
:10943000414200226846ECF780F9264918A8ECF76B
:109440006CF92046EFF786FE29E0002137E022493B
:109450006846ECF762F92046EFF7F6FE0146002277
:109460006846ECF76AF91C4918A8ECF756F920464B
:10947000EFF7EAFE4242E8E717496846ECF74DF994
:109480002046EFF7E1FE414200226846ECF755F92D
:10949000114918A8ECF741F92046EFF7D5FE02462E
:1094A000D3E70EE00D496846ECF737F9FF220021BB
:1094B00078E70A4918A8ECF730F90022FF2118A82C
:1094C00072E76846ECF760F95BE70000613B030870
:1094D000FD3A03085F410308634103086FCC0208AB
:1094E00070B50020C1F89C0091F8A0000C4620F057
:1094F000030081F8A0004FF480712046FEF7B0F819
:1095000010212046FEF7ACF84FF480612046FAF7B0
:1095100016FC0020EFF708FE502505EBC000B0F563
:10952000A07F08DB0020EFF7FFFD05EBC000A021C6
:1095300090FBF1F100E001212046BDE87040FEF70C
:109540008EBB00002DE9F34F85B0C5480699FBF7A7
:10955000A4FB012858D10698F6F72FFA054606987D
:10956000F6F733FA8146044600F07EF90646162DDA
:109570001CD0012D4BD0022D58D04FF4007677101F
:109580000B2D5AD0032D58D0132D7BD0312D7AD0EE
:109590001B2D79D0112D78D0122D77D01D2D33D1E0
:1095A000069807B0BDE8F04FE3F788B90698F6F7DC
:1095B0005DFA0546D9F8080008B1876A00E000277F
:1095C00004F184016846ECF7CDFE3A461146684640
:1095D000ECF769FF002268462968EDF727F8287143
:1095E000002811D1022E0FD104F174016846ECF766
:1095F000B9FE3A4611466846ECF755FF0022684628
:109600002968EDF713F8287107B0BDE8F08FF7F778
:109610007FFE04F194010C46F8F730F807B02146BC
:109620004846BDE8F04F0322FEF718BF07B0484692
:10963000BDE8F04F01210FF0ADBA002148460FF010
:10964000A9FA94F8A00020F0010084F8A0000020FE
:10965000C4F89C004846FDF702F94846FBF721FC98
:109660008046F7F745F80546F7F752FEF8F733F866
:1096700004280CD00128C7D14846EAF707FB08B3F5
:10968000314620E025E032E049E0A5E0D6E0002DBB
:10969000BAD0484600F0E8F802280CD194F8A000AF
:1096A000810704D440F0020084F8A000ACE720F069
:1096B000020084F8A00007B04046BDE8F04F00214A
:1096C000F7F7A8B8394607B04846BDE8F04FFAF7B3
:1096D00036BBF7F71DFEF7F7FEFF042801D002287E
:1096E00092D114F8A00F20F0020020708CE74846B9
:1096F000EAF7CCFA28B131464846FAF720FB39465A
:1097000004E039464846FAF71AFB31464846FDF769
:10971000A7FF07B04846BDE8F04FFDF7F2BE4FF493
:10972000403739464846FCF74EFA804639464846A7
:10973000FCF76DFA064639464846FCF792FA0546AC
:1097400039464846FCF70CFA044639464846FCF7C9
:1097500023FC834639464846FCF705FC82464846CA
:10976000FCF7AAFC00EB4B074846FBF7A1FB00EB1C
:109770004A008742484604DAFCF79EFC00EB4B00A7
:1097800003E0FBF795FB00EB4A0040104146B04573
:1097900000DC3146AC4201DD224600E02A4691421F
:1097A00006DD4146B04501DD0C4604E0344602E0EA
:1097B000AC4200DC2C4604444FF440314846A41C23
:1097C000FAF7C8FD04440698F6F750F90168A1427B
:1097D00000DD0C46046017E70698F6F72AF913280F
:1097E00013D0112811D0142801D01228F3D194F8E5
:1097F000A0008007484611D400F03FF8401E014603
:109800000122484600F03FF810E094F8A0008007DD
:1098100021D4484600F031F8401CF0E700F022F86F
:10982000401E01460122484600F02BF807B048468A
:10983000BDE8F04F00222321FEF7F3B90698F6F7B2
:1098400017F9054694F8A000800704D4484600F0B4
:1098500014F84119D4E7484600F004F8401CE0E74A
:1098600034EC0308EDF72FB910B5EDF725F9012811
:1098700002D0022800D0002010BDEDF735B9EDF779
:1098800043B9EDF757B9EDF77CB900000FB40A46BC
:1098900008B505A9009101460348049B02F0A6FC07
:1098A00001B05DF814FB00003D52000810B540F215
:1098B0000470F9F78DFE03490028C1F8F80100D1C2
:1098C000FEE710BDB85C012010B500204867D1F854
:1098D00084000C4620F0FF00401DC1F884000120E8
:1098E000C1F880000C4888674042C867D1F88400FE
:1098F000012120F4E06000F58060C4F88400204677
:1099000001F0FEFF0121204601F0CBFF2046BDE81B
:10991000104000F033B900009F86010030B478B1E8
:10992000416F0A1E04DDD0F88030D41A00D5991A90
:10993000D0F88030CB1AC16F8B4202DB194607E0AA
:10994000FEE7B0F88430DB0502D58A4200D1816F92
:109950008A4203D0416730BC00F010B930BC704778
:1099600070B50E465D48FBF798F901287ED1304668
:10997000F6F723F805463046F6F727F804460B2D90
:1099800017D0112D72D1F7F7C3FCF7F7A4FE0546E7
:109990003046F6F76BF80168132968D0142967D0B0
:1099A000112966D0122973D02046BDE8704001F01D
:1099B00029BCF7F7ADFCF7F78EFE042831D120461D
:1099C000FBF76FFAF6F794FE58B3D4F8840000F072
:1099D0000F02012A4AD9C0F3412002280FD00A20E1
:1099E0000021521EFEF760FFD4F88020D317101A12
:1099F0008B4167DB0A212046C4F8801004E0D4F8CC
:109A00008000012804DD2046BDE8704000F08CB8DD
:109A10000A200021921EFEF747FFC4F8800020466E
:109A200051E0204601F0E2FE054600F0AFF9E16C9E
:109A30006A5C2E2A03D0814205D1411E08E02046EF
:109A400001F077FD07E031B9E06F002803DA01216A
:109A5000204601F02FFFD4F88410E06CC1F303120C
:109A6000904208D911F0F00F05D003E034E020E077
:109A700026E020E0401E01F00F01491E091AE06FA8
:109A8000002800DA491C01220020C4F8802009E0E7
:109A90001DE000BFD4F8802002EB82025300401C7E
:109AA000C4F880308842F5D32046BDE8704000F00D
:109AB00065B8042DA7D12046BDE8704000F010B86D
:109AC000042D04D02046BDE8704000F03BB820468D
:109AD000BDE87040FFF722BF70BD000010EC030826
:109AE00030B488B1416F0A1E06DAD0F88030CC1845
:109AF000002C01DD5A185242D0F880301344826F96
:109B0000934202DC1A4607E0FEE7B0F88430DB053A
:109B100002D5914200D1C26F914203D0426730BC5E
:109B200000F02CB830BC704758B1D0F880100A2231
:109B300091FBF2F1002900DC0121C0F8801000F057
:109B40001DB8FEE728B1D0E91E21002902DD0B4631
:109B500001E0FEE74B429A4201DD114602E0002996
:109B600000DC4942D0F8802002EB820252008A4297
:109B700001DCC0F8802000F001B80000F0B589B029
:109B8000054614216846D7F7F7F8E86F00266C46BB
:109B9000002809DA686F002801DB2B2000E02D2067
:109BA0008DF80000641C00E001266B6F002B00DCC8
:109BB0005B4230A20E2105A8FFF768FE05A800F061
:109BC000E5F895F8841001F00F010A1A05A90DD0E7
:109BD000002804DB0B5C8718401ECB55F8E70020FB
:109BE000302301E00B54401C9042FBDBD5F884008D
:109BF00010F0F00F03D0C0F30317002005E000F0D1
:109C00000F07FAE704F8012B401CB84202DA0A5C9D
:109C1000002AF7D195F8842012F0F00F10D02E22F0
:109C200004F8012B03E000BF04F8012B401C95F859
:109C3000842002F00F02824202DD0A5C002AF3D186
:109C40006946284601F098FE95F884000A2200F043
:109C50000F00D5F8801002E091FBF2F1401E0A29B6
:109C6000FADAB84200D9401C811B284601F022FED6
:109C700009B0F0BD2564000010B50C460221204655
:109C8000FDF7EEFC2046BDE81040C8224FF47A7183
:109C9000AFF3008070B50E469AB014460546002119
:109CA000EBF750FC01A8EBF78BFC294601A8EBF77A
:109CB0004AFD1F4901A8EBF730FD4FF0FF3101A825
:109CC000EBF72FFD314601A8EBF71FFD04F5B47249
:109CD000214601A8EBF731FD01A8EBF755FD154929
:109CE00001A8EBF71CFD4FF480600090002340F2C8
:109CF00051224FF4D77101A8EBF7F8FC4FF4B4747C
:109D00002246002101A8EBF718FD0B4901A8EBF74B
:109D100004FD01A8EBF738FD224600212846ECF7A8
:109D200003F94FF487712846ECF7A9F91AB070BD12
:109D3000E768000831560108EB68000801E0401CA4
:109D4000491C027812B10B789A42F8D00978D0B247
:109D5000401A70474FEA000211F8013B00F8013B3E
:109D6000002BF9D11046704770B5064600F00EF88A
:109D7000401C0446F9F72CFC050005D0224631466C
:109D8000F9F79EFC284670BD002070BD01460020FA
:109D900000E0401C0A5C002AFBD1704710B500238C
:109DA00001E0C4545B1C934202D2CC5C002CF8D17D
:109DB0000021934202D2C1545B1CFAE710BD70B57A
:109DC000064600F010F80446401CF9F701FC0500B7
:109DD00007D022463146F9F773FC00202855284663
:109DE00070BD002070BD0246002000E0401C88428B
:109DF00002D2135C002BF9D170472DE9F0410446E3
:109E00000E46154600F04CF82168012268B100208A
:109E100006E0B34203D101EBC00040680FE0401CF4
:109E200011F83030002BF4D110E0237A002001EB40
:109E3000830409E0275CB74205D151F8200028606F
:109E40001046BDE8F081401C8342F3D80020F8E7BB
:109E500070B5047A0068FF2C03D000EB8405002362
:109E600016E0002306E08C4203D100EBC3004068FB
:109E70000AE05B1C10F83340002CF4D10AE0EE5CE1
:109E80008E4204D150F823001060012070BD5B1C8D
:109E90009C42F4D8002070BD0C220021F9F7CBBC05
:109EA000007AFF2801D00020704701207047007A17
:109EB00008B1002070470120704700000CB5002257
:109EC0003B49019245280B68009359D026DC312884
:109ED00056D012DC232853D008DC052862D007288E
:109EE00060D01C2842D022283CD155E0242851D0F3
:109EF00025284FD0292835D14CE03A284AD006DC15
:109F0000322847D0342849D039282BD138E03D2891
:109F100036D03E283ED0442824D13BE0622839D0B8
:109F200010DC532836D006DC4C2829D04D2831D0FF
:109F3000522817D124E0582822D059282AD05A284C
:109F400010D12DE076282FD006DC632822D06E2891
:109F50000AD06F2806D107E0782811D0842825D0B0
:109F6000872823D010460CBD48680CBDBDF8000002
:109F7000ADF804009DF802008DF8060001980CBDB4
:109F8000BDF80400ADF800009DF806008DF8020051
:109F900000980CBD88680CBDC8680CBD08690CBD74
:109FA00048690CBD88690CBDC8690CBD086A0CBD48
:109FB000A8E9030810B50C4600F004F8204000D0D2
:109FC000012010BDFF2805D0002804D08B2803D223
:109FD000074909E03F207047064A8B38C0B2516BF1
:109FE00021B1D26A824201D9085C704700207047D3
:109FF000CCE90308B85C01202DE9F0410F46044686
:10A00000FFF74EFFA0BB207A00282FD02668002142
:10A0100006EB80052EE06A5CBA422AD1401E00EBB6
:10A020008000F9F7D5FA010026D02160207A401E81
:10A03000C0B2207201EB8003002002460EE000BF98
:10A0400015F800C0BC4508D056F820E041F822E0E1
:10A0500015F800C003F802C0521C401C94F808C058
:10A060008445EDD23046F6F763F80120BDE8F08173
:10A0700002E0491C8842CED80020F7E710B504461C
:10A08000007AFF2802D02068F6F752F820460C220A
:10A09000BDE810400021F9F7CEBB0A46672100F069
:10A0A000E6B803B482B0BDF80C10ADF800109DF80E
:10A0B0000E108DF80210009A522104B000F0D7B8AB
:10A0C0000A46512100F0D3B80A46502100F0CFB81B
:10A0D00003B482B0BDF80C10ADF800109DF80E105E
:10A0E0008DF80210009A1C2104B000F0C0B803B42F
:10A0F00082B0BDF80C10ADF800109DF80E108DF870
:10A100000210009A232104B000F0B1B80A462821B9
:10A1100000F0ADB80A461D2100F0A9B803B482B022
:10A12000BDF80C10ADF800109DF80E108DF802105F
:10A13000009A312104B000F09AB80A46322100F0AA
:10A1400096B80A46352100F092B80A46342100F04C
:10A150008EB80A46302100F08AB80A462D2100F058
:10A1600086B80A46022100F082B80A46032100F0B0
:10A170007EB803B482B0BDF80C10ADF800109DF8A5
:10A180000E108DF80210009A4C2104B000F06FB848
:10A190000A46482100F06BB80A46072100F067B86C
:10A1A00003B482B0BDF80C10ADF800109DF80E108D
:10A1B0008DF80210009A392104B000F058B80A4610
:10A1C0003A2100F054B80A463B2100F050B80A4644
:10A1D000382100F04CB870B50C46054600F02CF85C
:10A1E0002146284600F02CF82146284600F030F899
:10A1F00021462846BDE87040AFF300800A46112191
:10A2000000F035B80A46152100F031B870B50C469B
:10A21000054600F019F821462846BDE87040FFF7D2
:10A22000F1BF70B50C46054600F006F821462846F9
:10A23000BDE8704000F004B80A46122100F017B8DB
:10A240000A46132100F013B80A46142100F00FB893
:10A250000A46102100F00BB870B50C460546FFF712
:10A26000F7FF21462846BDE87040FFF7C7BF2DE93C
:10A27000F04116460D460446FFF712FE00280CD1A9
:10A280002DB123686BB1207A03EB800107E0FEE774
:10A290000A5CAA4203D143F82060BDE8F081401E69
:10A2A000F6D5207A401C00EB80011846FEF70EFC24
:10A2B0000100F2D02160207A01EB800202E0171841
:10A2C000135C3B71401EFAD5207A401CC2B201EBF0
:10A2D0008200401E22721554207A01EB800040F863
:10A2E000046CA8081E2800D91F2001226168824042
:10A2F00011436160D1E70A460C21FFF7B8BF03B4F0
:10A3000082B0BDF80C10ADF800109DF80E108DF85D
:10A310000210009A782104B0FFF7A9BF0A467921FC
:10A32000FFF7A5BF0A467621FFF7A1BF03B482B0AD
:10A33000BDF80C10ADF800109DF80E108DF802104D
:10A34000009A3D2104B0FFF792BF0A464121FFF772
:10A350008EBF0A463E21FFF78ABF0A464221FFF719
:10A3600086BF0A463C21FFF782BF70B515460446FA
:10A3700000F02DF829462046BDE87040FFF7F1BEF9
:10A380000A465E21FFF773BF03B482B0BDF80C101C
:10A39000ADF800109DF80E108DF80210009A5821AB
:10A3A00004B0FFF764BF0A465A21FFF760BF0A46B0
:10A3B0005C21FFF75CBF0A466B21FFF758BF0A46D6
:10A3C0006A21FFF754BF0A466821FFF750BF0A46CB
:10A3D0000121FFF74CBF00002DE9F0471546DDE9EC
:10A3E00008890F461E46044614220021F9F723FA75
:10A3F000276005B9034DC4F80490083484E860016F
:10A40000BDE8F0876156010800684FF0FF31C16276
:10A41000FCF725BAC162FCF722BA10B54FF0FF3045
:10A42000C86200200C4681F8300010212046FDF75C
:10A4300017F908212046F9F782FC2046BDE81040B4
:10A440004FF48061F9F77BBC08460021EBF77AB83E
:10A450002DE9F04789463448FAF71FFC012859D105
:10A460004846F5F7AAFA04464846F5F7AEFA80469C
:10A470001B2C08D0232C4FD01D2C4BD14846BDE8B7
:10A48000F047E3F734B94FF440363146FBF798FB19
:10A49000074631464046FBF7B7FB05463146404686
:10A4A000FBF7DCFB044631464046FBF756FBAF4268
:10A4B00001DD394600E02946A04201DD024600E008
:10A4C0002246914205DDAF4201DD384604E02846D0
:10A4D00002E0A04200DC2046841C31464046F9F7E9
:10A4E00039FF05194846F5F7C1FA04460068A84245
:10A4F00000DD054625604FF4003529464046F9F752
:10A5000029FF01462068814203DB29464046F9F7CE
:10A5100021FF2060BDE8F08700F008F84046BDE864
:10A52000F047FCF79CB90000C8EB0308F0B599B000
:10A53000060011D000216722FBF7A8FB07003AD0E4
:10A540003046FBF7AFF9F46A00F00100611C4FF4EC
:10A55000807502D040B906E0FEE708B1002403E0B0
:10A560002C46002503E00025601B002801DD601B50
:10A5700000E0281B7843070A00213046EAF7E2FF93
:10A580006846EBF71DF831466846EBF7DCF80B49F7
:10A590006846EBF7C2F82A4621466846EBF7CDF845
:10A5A00007496846EBF7AAF839466846EBF7ADF875
:10A5B0006846EBF7E9F819B0F0BD000015A40208F1
:10A5C00009A40208704710B50120C86208630C4650
:10A5D0000420F8F7FDFFE063206B8000F8F7F8FF38
:10A5E000A063E16B82200860A16B0860D4E90B10C6
:10A5F00048438100606BFEF769FA002160630160E7
:10A600004FF6FF706064206410BD000070B5002537
:10A610000C462E4609E000BF50F8250020B1F5F7A2
:10A6200087FD606B40F825606D1CD4E90B01484341
:10A63000A842606BF0D808B1F5F77AFDA06B08B1BD
:10A64000F5F776FDE06B002803D0BDE87040F5F724
:10A650006FBD70BD2DE9FC410F466C48FAF71DFB3C
:10A66000012841D13846F5F7A8F905463846F5F7EF
:10A67000ACF90446322D14D0342D17D0012D35D02D
:10A68000022D33D04FF6FF760B2D44D0132D61D021
:10A69000112D63D01D2D27D13846BDE8FC41E2F7CE
:10A6A000EDBDBDE8FC41002104F09CBC3846F5F747
:10A6B000DDF9034600210846E26A04E0E56B55F83F
:10A6C0002050401C29448242F8D800221046256BB5
:10A6D00004E0A66B56F82060401C32448542F8D84E
:10A6E000491E521EC3E90012BDE8FC8101AA694659
:10A6F000E6F726F80128F7D1216C0198814203D1B1
:10A70000616C009A9142EFD0206400992046616408
:10A71000FCF7A5F8E8E7FCF7A2F8F6F7F9FDF6F77D
:10A72000CAFF216CB1420AD0616CB14207D030B986
:10A73000002223212046FDF774FA0128D4D1F6F730
:10A74000E7FDF6F7C8FF012801D00328CCD1266425
:10A750006664C9E7BDE8FC41FCF781B83846F5F707
:10A7600085F90568216C606C0F468446B14201D0C2
:10A77000B04207D1002020646064204609F09AFBB3
:10A780002046E7E7E36A8B4200DC0021226B82422D
:10A7900000DC0020142D0ED0132D0ED0112D0ED064
:10A7A000122DA1D1401C8B420DDC511E814208DDCF
:10A7B0000021401C0EE0491EF5E7491CF3E7401E4E
:10A7C000F1E7591E06E0002904DA10B1591E401EB7
:10A7D00000E00021824201DC501E02E0002800DA85
:10A7E00000208F4201D1844594D0C4E91010204646
:10A7F000FCF735F8204609F05DFB02B02046BDE8C5
:10A80000F04100222321FDF70CBA0000A4EB03085D
:10A8100070B500200C4681F83000174920460A46E2
:10A82000FDF75CFB2046F9F709FF2046F9F706FF24
:10A8300005460021FDF735FA002333220F4928464B
:10A84000F9F76AFA00230E220C492846F9F764FA50
:10A8500000212846FDF72CFB0421204600F09EF83D
:10A8600080212846F9F76BFA2846BDE870404FF47E
:10A870008061FCF7F5BE00006400002055AF0008C1
:10A8800070B50C460B48FAF708FA012810D120469B
:10A89000F5F793F805462046F5F797F8312D07D1DF
:10A8A00028B1C16ABDE87040002200F017B8FEE789
:10A8B00070BD000080EB03080121FAF704BA002103
:10A8C000FAF701BA10B530B1FFF7F9FFBDE8104053
:10A8D0000149FAF742BAFEE7D8F403082DE9F04738
:10A8E00091460C4607002BD0FC62FFF7E5FF0546BA
:10A8F0003846FFF7E4FF82463846FFF7E3FF84421D
:10A9000048D2002D46D03846FDF7F6FD97F83000C6
:10A910004FF0000110F00C0F28461BD01522FBF75A
:10A92000B5F906462846FAF778FA804600213846F7
:10A93000FBF700F8012804D006EB0801614304E0AE
:10A94000FEE7604206EB080141434A462846FDF710
:10A950001DF90CE01422FBF799F906462846FAF790
:10A9600049FA311861434A462846FDF723F9002584
:10A97000094A09E0A54201D1012200E0002201219B
:10A98000FDF7B9FA044A6D1C29465046FAF7B0F9AA
:10A990000028EFD1BDE8F087D8F403082DE9F04195
:10A9A0000C46050008D0092C0DD2DFE804F00C1E7F
:10A9B000200C060C0C0C0800FEE7012100E0092128
:10A9C0002846FDF76EF92846FFF779FF80462846AE
:10A9D000FFF772FF31490646092C36D2DFE804F052
:10A9E000351E1E350935353509000021E8E70821F7
:10A9F000E6E73046FDF71DFB01213046FDF75DF926
:10AA000000214046FDF74DF900213046FDF749F998
:10AA100003213046FDF736FA002113E03046FDF7FA
:10AA200058F901213046FDF748F901214046FDF76C
:10AA300038F901213046FDF734F900213046FDF7A1
:10AA400021FA03213046FDF728FA95F8300010F07E
:10AA50000C0000D0012014F00C0F01D0012700E001
:10AA60000027B84216D02846FAF7F2F9EEF75CFB59
:10AA700006464FF0640037B1FDF7B2FD014606EB24
:10AA8000D670421003E0FDF7ABFD0246314640466A
:10AA9000FDF724FA85F83040BDE8F081640000201D
:10AAA0002DE9F04190460C46050015D0FFF76EF9F0
:10AAB0000A4F06462146BA68284690470446BA68B7
:10AAC0002819414690470146701A03E06218AA5CB3
:10AAD0002A55641CA042F9D2BDE8F08158EA030867
:10AAE0002DE9F041094D90460E466A681C4607461E
:10AAF00019469047306020B120686A6838440021C8
:10AB00009047C8F80000BDE8F081000058EA03084B
:10AB10002DE9F04F87B00E46109F1D009346044666
:10AB20004FF0000100D0296064B1207800280AD0DD
:10AB3000BBF1000F06D0387B4FF0000882071AD017
:10AB4000002004E0002007B0BDE8F08F401CB042B8
:10AB500006D2215C0A2903D00D2901D00029F5D1A4
:10AB6000B04202D2215C01B1401C002DEBD04FF06D
:10AB7000FF311960E7E7C00702D06FF06040B860AE
:10AB80008DF8101003918A46D7F8089024E0387B9E
:10AB9000039909B940F0040005AACDF814A0CDE945
:10ABA000000204A9029103983A6820444B46594692
:10ABB00000F036F80599A9EB01098844A0B1039982
:10ABC0000144039120780A280ED00D280CD0605C37
:10ABD0000A2811D00D280FD00398B04204D2205C6F
:10ABE00010B1B9F1000FD2D1039840B115B100BF37
:10ABF000C5F800800398A6E7481C0390F4E7074ACD
:10AC000003A92046526890470146002DF2D0002249
:10AC10005846F5F747FA8046EAE7000058EA030885
:10AC20002DE9FF4F83B05FEA0009DDE910B67DD062
:10AC300099F80000002879D0049800287CD05FEAB9
:10AC4000CB7002D06FF0604006900024434A00941D
:10AC5000019402945268254627464FF0FF38694612
:10AC60004846904782460098019057E03B4A01A928
:10AC70004846526890477F1C02905FEA0B7004D5EB
:10AC80005146129800F05DF9B0BB5146029A049803
:10AC9000F5F708FA0544002801DD05980544B8F1E8
:10ACA000FF3F08D10598291A0698814203DDA04686
:10ACB0005FEA4B7036D45046BAF10A0F14D0BAF19D
:10ACC0000D0F11D00146002005E025A2125C8A423A
:10ACD0000AD0401CC0B222A2125C002AF5D1029810
:10ACE00000F006F968B908E024B9B8F1FF3F01D1D6
:10ACF00006B135607F1E15E00BE0504600F0F8F815
:10AD000010B13560009C0DE01EB1B8F1FF3F00D1DD
:10AD10003560DDE90040DDF808A0009019F8040076
:10AD20000028A3D1B8F1FF3F09D001E014E003E00F
:10AD30005FEA4B700DD5404607B0BDE8F08F2FB1EC
:10AD4000BAF10D0F03D102980A2800D1009C2046C9
:10AD5000F2E70EB1002030600020EDE758EA03086A
:10AD6000202C2E3B3A2D5F295D7D00002DE9F84F08
:10AD700004464FF0000626601D000F469346B1467C
:10AD800046600FD01046BBF1000F0CD067B1F5F74D
:10AD9000B9F91FFA80F8287BC00729D06FF060400E
:10ADA000A86025E0FEE7FEE7FEE7B819002382462B
:10ADB0005A46591E0095FFF7ABFE814460686968EA
:10ADC000421802EB0801B1F1004F27D24044606005
:10ADD00069682B4608446060A9EB060150465A4654
:10ADE00000F021F82168814200DB08464E462060D1
:10ADF000B85D0028D9D166B1B81910F8010C0A283D
:10AE000001D00D2805D160686968014401EB080094
:10AE10006060606820B16968401A6060BDE8F88FC2
:10AE2000C4F80480FAE72DE9FF411E4690460F461C
:10AE300005000CD0B8F1000F09D02878002807D001
:10AE40000020044602908DF80C00E7B924E00020B1
:10AE500004B0BDE8F08102AB01AA69462846FFF7BD
:10AE60003FFE307B000704D503A8009900F069F885
:10AE700048B9DDE900124046F5F714F9002802DD73
:10AE8000316820440C180298295C09B1B842E2D319
:10AE9000002C01DD3068241A2046D9E72DE9F04165
:10AEA0001746884606001ED0002F1CD0FEF76EFF06
:10AEB00004463846FEF76AFF050014D00B4A2C44BE
:10AEC0004146926830469047411903E0621BB25CEC
:10AED0003255641EA142F9D930442A463946BDE8AC
:10AEE000F041F8F7EDBBBDE8F081000058EA030837
:10AEF000002823D0A0F59C41B1F5A44F1DD36FF4D9
:10AF00007F4101445D2918D9A0F540513F2914D94A
:10AF1000A0F53A517F2910D9A0F547512F290CD916
:10AF2000A0F54151BF2908D9A0F57E4110390F295C
:10AF300003D9A1F120001F2801D80120704700206B
:10AF4000704700230278232902D122B1022A04D0BB
:10AF5000012A04D008E0012104E0002102E02029B8
:10AF600001D102210170012318467047202822D305
:10AF7000A0F5C0611C391ED0A0F588515F391AD0E8
:10AF8000B0F58B5F17D0A1F2AC61032913D9A1F5FD
:10AF9000006104290FD91D3907290CD93739102927
:10AFA00009D9A0F57E41FF3905D0A0F57841FF39D8
:10AFB00001D000207047012070472DE9F0410D4677
:10AFC0000746024600212B46084601F003F90446D5
:10AFD000401CF8F7FDFA060007D02B463A46611CE4
:10AFE00001F0F8F83046BDE8F081FEE710B5014603
:10AFF000802825D3002301F03F0242F08002B1F502
:10B00000006F0AD2C0F3841141F0C00161F3070060
:10B0100062F30F2063F3174010E0C1F3851444F08E
:10B020008004B1F5803F0CD2C0F3033141F0E00160
:10B0300061F3070064F30F2062F3174063F31F60AE
:10B0400010BDB1F5881F10D2C1F3824343F0F00365
:10B05000C1F3053163F3070041F0800161F30F2074
:10B0600064F3174062F31F6010BD002010BD0000A4
:10B070002DE9F04100240F4606462546DFF82480DE
:10B0800007E0D8F800103019884700B901200444BF
:10B090006D1CBD4202D2305D0028F2D12046BDE8D1
:10B0A000F081000058EA0308F8B5074600200D4675
:10B0B0000446064E009004E07268694638469047A0
:10B0C000641C0098A842F7D32046F8BD58EA03084C
:10B0D000F8B500240546074E009404E072686946FE
:10B0E00028469047641C0098285C0028F6D120462A
:10B0F000F8BD000058EA030878B50025034600951E
:10B1000001B96946DBB30A68985CC0B3040601D490
:10B11000054635E006260224B6EB501F06D1C006D0
:10B12000400D24E003F03F031D1829E00E26B6EB86
:10B13000101F02D10007000C0FE01E26B6EBD00F47
:10B140001ED1521C0A6040079D5CC00AB4EB951FDB
:10B1500013D105F03F0500EB0530521C0A609D5CE1
:10B16000B4EB951F09D105F03F0500EB8510521C8B
:10B170000A609B5CB4EB931FD4D0002078BD01E043
:10B18000521C0A602846F9E7F8B50746086800250A
:10B19000401E0C460D4E086001E0042D13D22068BD
:10B1A00031683844884718B9216861B1491E216067
:10B1B0006D1CEDB20028F0D02068009072686946DE
:10B1C00038469047F8BD0020F8BD000058EA030853
:10B1D0000078010601D4012070470621B1EB501F11
:10B1E00001D1022070470E21B1EB101F01D10320C5
:10B1F00070471E21B1EBD00F01D104207047002011
:10B20000704700002DE9FF4704002DD094F870002E
:10B21000000703D50A2932D00D2930D00027CDE907
:10B220000017E946039149462046E8F77DFA0128D0
:10B2300025D1DFF8D080002103A8D8F8002090475E
:10B240000646216C2046254639B100F0CFFA2E493A
:10B2500009688847296C884211D2E86B88B1007868
:10B2600078B10297474605E0FEE73A6802A99047A1
:10B27000B04206D0E86B0299415C0029F5D1BDE8E7
:10B28000FF8794F87000400702D5204602F04CFE7C
:10B29000206B38B1E06AF7F700FA007810B9204661
:10B2A000FBF7DDFA4A46E16CE06AF7F703FA20465D
:10B2B00000F09CF894F87000400714D5606BFEF71E
:10B2C00065FD05464846FEF761FD2918491C606B7F
:10B2D000FDF7FCFB606390B14A46E16CFFF7DEFDD1
:10B2E0002046DDF757FD5CB1E16C2046491C00F0BB
:10B2F000E1FA002223212046FCF793FCBFE7FEE79A
:10B30000FEE700005CEA030870EA0308F8B50D46A2
:10B3100004000AD055B194F87000400702D52046C9
:10B3200002F002FEE06B20B901E0FEE7FEE7206CD0
:10B3300098B100202A4E2B4F009009E032686946F0
:10B34000284690473968884701462046FFF75AFF4C
:10B350000098285C0028F1D1F8BD29462046E8F77E
:10B36000E3F90128F8D1206B38B1E06AF7F795F9D5
:10B37000007810B92046FBF772FA2A46E16CE06AC1
:10B38000F7F798F9204600F031F894F8700040077C
:10B3900014D5606BFEF7FAFC06462846FEF7F6FC6D
:10B3A0003118491C606BFDF791FB6063B0B12A4610
:10B3B000E16CFFF773FD2046DDF7ECFC0A492846F7
:10B3C000E66C096888473118204600F073FA204679
:10B3D000BDE8F84000222321FCF723BCFEE7000073
:10B3E0005CEA030864EA030870EA030870B5B0B1C8
:10B3F0000446C06AF7F759F94FF6FF75A84204D121
:10B40000E06AF7F74EF9A8420AD02946E06AF7F752
:10B4100003FD2946E06ABDE87040F7F7F8BCFEE797
:10B4200070BD000010B591F870000C4620F00400CB
:10B4300081F8700000204863886340F2DC51E063CB
:10B44000C4E9100194F8641041F0010184F864101B
:10B450000121E16494F8641041F0020184F8641061
:10B46000A06494F8701021F00A0184F87010E06272
:10B4700020632046F6F7AEFEE0626420FDF7B0F8E8
:10B480000146E06AFCF7D5FD11A1E06AF7F7B2FCCE
:10B49000002332220F49E06AF8F73EFC00233122F4
:10B4A0000C49E06AF8F738FC4FF480612046F8F761
:10B4B00046FC4FF400612046FCF7D2F800212046FC
:10B4C00000F0F8F92046BDE8104008F0A5BF0000E4
:10B4D00000000000F34F01087CB5040028D06A4644
:10B4E000E16CE06AF7F710F800212046FAF720FD3A
:10B4F000054600212046FAF7F7FCF4F703FE019910
:10B500006D1C084428440190A06C0090E06AF9F793
:10B51000CFFC019988420ADD01226946E06AF6F70C
:10B520001DFF01462046A56C00F0C4F9A5647CBD52
:10B53000FEE728B1C16C002903D0491E00F0BAB95A
:10B54000FEE7704718B1C16C491C00F0B3B9FEE7C3
:10B550007CB5040023D06A46E16CE06AF6F7D4FFBC
:10B5600000212046FAF7E4FC054600212046FAF7C0
:10B57000BBFCF4F7C7FD014601982944401A401C62
:10B580000190A06C009001226946E06AF6F7E6FEA1
:10B5900001462046A56C00F08DF9A5647CBDFEE750
:10B5A00038B5040023D0E06C002841D021A06946C2
:10B5B000006800902046E8F7B7F8012838D1E06A23
:10B5C000F7F76BF8E16C05460122491EFFF768FAB0
:10B5D0002946E06AF7F70EFC2046FFF707FF206BCD
:10B5E00048B1E06AF7F759F8007808B103E0FEE7E0
:10B5F0002046FBF734F994F8700040070ED5E16C53
:10B600000122491E606BFFF74BFA606BFEF7BEFB31
:10B61000411C606BFDF75AFA606350B1E16C204643
:10B62000491E00F047F9002223212046FCF7F9FAD1
:10B6300038BDFEE77F00000070B504000BD0E56C5C
:10B64000691C00F037F9E06CA84205D02046BDE83F
:10B650007040FFF7A5BFFEE770BD70B5486B0C46A4
:10B66000002510B1F4F764FD6563A06B10B1F4F729
:10B670005FFDA563206B002802D0F4F759FD256318
:10B6800070BD000070B50E464348F9F706FB01286F
:10B690007ED13046F4F791F904463046F4F795F937
:10B6A0000546132C14D0112C16D0012C62D0022C7C
:10B6B00060D0032C5ED00B2C5CD01D2C5FD0202CD6
:10B6C00062D0312C67D1E96CBDE8704000F099B8C8
:10B6D000BDE8704008F0A0BE3046F4F7C7F9016835
:10B6E000132910D0142913D0112916D0122919D0DA
:10B6F00008291CD07F291FD0022922D0032922D05B
:10B700000A2927D031E02846BDE87040FFF71ABF6C
:10B710002846BDE87040FFF70CBF2846BDE87040E2
:10B72000FFF716BF2846BDE87040FFF7D5BE284694
:10B73000BDE87040FFF734BF2846BDE87040FFF712
:10B740007BBF002101E047F6FF712846BDE870404D
:10B7500000F0B0B8284600F025F830B12846BDE822
:10B76000704000222621FCF75CBA2846BDE87040F4
:10B77000FFF748BD3046BDE870400DF051B9304686
:10B78000BDE87040E2F75CBD3046BDE8704000E0C7
:10B7900001E0E0F7A1BA70BD5CEB030808B1C06C32
:10B7A0007047FEE720B190F87000C0F3C00070470A
:10B7B000FEE7000000B589B020B1816B19B10846E1
:10B7C00009B000BDFEE70021FAF78EFB002342F22C
:10B7D00022026946F4F79CFB08B102A0F0E702A040
:10B7E000EEE70000E280A2002A00000030B190F8ED
:10B7F0007010490703D4C06AF6F74FBFFEE7406BED
:10B8000070477CB50D4606460021FAF76DFB0446ED
:10B810006A462946F06AF6F777FE2046F4F772FC8E
:10B8200004463046F9F7E2FC0199884203DD012223
:10B830003046FCF7BFF93046F9F7DCFA05463046EA
:10B84000F9F7D4FC01992144081AA84206DD0198B1
:10B850000122401B01193046FCF7ACF93046F9F7DC
:10B86000FFFB0099884203DD01223046FCF78EF988
:10B870003046F9F7D2FA00990A19824203DD081A14
:10B880000119012201E0012200213046FCF77EF976
:10B8900000993046B16408F0BFFD304603F00CF962
:10B8A0007CBD28B110F8642F61F34102027070472B
:10B8B000FEE7000070B50C4605001CD0E86CA04205
:10B8C0001AD0E86AF6F7E9FE0C4909688847002CA7
:10B8D00000DA0444844203DCA4F5FE41FF3900D1C0
:10B8E00004462846EC64FCF707FE21462846BDE8DE
:10B8F0007040FFF786BFFEE770BD000070EA0308E6
:10B900002DE9F0410D46040012D094F87000C0F308
:10B91000C001A9422ED065F3C30084F870006FF017
:10B92000404835B147466420FCF75AFE064605E01C
:10B93000FEE76420FCF754FE074600263946E06A1D
:10B94000FCF777FB00223146E06AFCF730FB25B1BB
:10B9500041462046FCF7BDF904E0002202212046C2
:10B96000FBF7BEFE2046BDE8F04100231A4619460B
:10B97000FCF7DFB8BDE8F081F8B50D46040007D04C
:10B980003DB1FFF733FDE06B47F6FF7620B901E0EC
:10B99000FEE7FEE7206C10B326A1E06AF7F72AFA6B
:10B9A00031462046FFF786FF94F8700041074FF0BC
:10B9B000000001D5616B08701F4E204F009009E018
:10B9C00032686946284690473968884701462046CC
:10B9D000FFF718FC0098285C0028F1D107E0294601
:10B9E000E06AF7F707FA31462046FFF763FF206B5E
:10B9F00038B1E06AF6F751FE007810B92046FAF740
:10BA00002EFF94F8700040070BD5606BF4F790FBA5
:10BA10002846FEF7A9F92146606348B1084602F0BE
:10BA200083FA2046BDE8F84000222321FCF7F9B84C
:10BA3000FEE70000000000005CEA030864EA030877
:10BA400070B5054600F0C5F8040008D02846FBF79D
:10BA50002FFF29462046BDE87040DAF72FBF70BDA2
:10BA600000B500F09BF8002802D00248D0F8CC01C5
:10BA700000BD0000B85C01202DE9FF4782B09A4666
:10BA800006460E9D00F08AF8414C30B94FF46370C1
:10BA9000F7F7C2FDC4F8CC01B0B1D4F8CC41A6B1DF
:10BAA00030468146EDF740FB80464846EDF752FBB5
:10BAB00007464846EDF7C8FB874200DD3846B0F53B
:10BAC000A07F05DC032709E0FEE7EDF727FBE8E7A9
:10BAD000B0F5347F01DA022700E0012794F83C003A
:10BAE00008B3E16A41451ED194F82800B8421AD142
:10BAF00003992069ECF789FFA8B1B4F81300ADF8F9
:10BB00000000607D8DF8020004990098ECF77DFF3D
:10BB100048B1616A514506D1A069A84203D106B077
:10BB20002046BDE8F08784F82870C4F80C90C4F86B
:10BB30002C80BDF80C0020829DF80E00A074BDF88A
:10BB40001000A4F813009DF812006075A56111485B
:10BB5000E5612060C4E9085A204608F0C1FC26B11E
:10BB60003046EDF769FBA04202D10020FBF7A6FEAC
:10BB7000012084F83C00224607494846EDF738FC8E
:10BB80002346362204494846EDF7CFF9C7E70000BF
:10BB9000B85C0120ED5E0308A3F502080348D0F865
:10BBA000CC01002801D090F83C007047B85C01201F
:10BBB00008B500F00EF808B1006902E01120FCF7AA
:10BBC000F9FC0090BDF800009DF8021040EA014029
:10BBD00008BD10B510B1F9F73BF901E0EDF79EFA99
:10BBE000BDE81040EDF728BB401A704710B5044679
:10BBF00000F002F8001B10BD0649D1F8C400BC31AA
:10BC000000B1004701220A7108680B79002BFAD0B5
:10BC100070470000B85C01200449002281F8C02070
:10BC200051F8BC2F1044086070470000B85C012038
:10BC300010B50C460C4920460A46FCF74FF9002384
:10BC40000E220A492046F8F767F880212046F8F7C7
:10BC500076F803212046FCF715F92046BDE8104090
:10BC60000321FCF71AB90000640000202D6C0308C2
:10BC700010B50C46044920460A46FCF72FF9204629
:10BC8000BDE81040FCF738BC6400002010B51C2152
:10BC90000348F7F7BAFBBDE81040012000F038B8C0
:10BCA000305D01202DE9F041074615460E460E484D
:10BCB000F7F7B3FB040015D0A7604FF0FF30266004
:10BCC000206100206061FFF797FFE5600649606032
:10BCD00001207839A06181F8870000F0DBF8204668
:10BCE000BDE8F081FEE70000305D012010B504469C
:10BCF00001460648F7F736FC04490120783981F8F7
:10BD000086002046BDE81040F4F712BA305D0120ED
:10BD10000349002881F8840001D000F0BBB87047C7
:10BD2000B85C012070B50446406908B1002070BDC0
:10BD30000025204600F0D2F868B92569002D01DD04
:10BD4000681E2061FFF758FF6060A16811B10DB156
:10BD5000204688470125094890F8860058B920698F
:10BD600048B9207EC00703D02046FFF7BFFF02E09E
:10BD70001CB101206061284670BDFEE7B85C01205F
:10BD8000044A18B101461046F7F734BB1046F7F7DE
:10BD90001FBB0000305D01204069002800D0012059
:10BDA000704700002DE9F047394C94F88C00783446
:10BDB00010B10120BDE8F08701212175207B00250D
:10BDC00038B1F7F703FCFFF717FF5FEA000802D06E
:10BDD0000BE02575EDE72E48D0F89C10491CC0F803
:10BDE0009C10642901D9C0F89C50A146A573E57345
:10BDF0004846F7F7EDFA064615E031464846F7F7AC
:10BE0000F9FA07463046FFF78DFF58B1E07B08B9D5
:10BE1000A07B38B1002EE9D14FF0FF364846F7F746
:10BE2000D7FA0FE03E46002EE7D1F5E7786928B94A
:10BE3000384600F053F8B04200D20646394648462C
:10BE4000F7F7D8FA0700F1D14046FFF7CFFEE169D6
:10BE50000844E061206AFFF7C9FEB0F5FA7F11D30C
:10BE6000E16964225143B1FBF0F0C0B26073642811
:10BE700001D9002001E0C0F164006073E561FFF7C3
:10BE8000BBFE20622661257500F07CF9304691E703
:10BE9000B85C012005480021C0F88810D0F8A01037
:10BEA000002902D0D0F8A40008477047B85C0120F0
:10BEB00010B1012141617047FEE710B5040006D0C2
:10BEC000FFF79AFE2168401A401E606010BDFEE731
:10BED00018B100214161FFF7DDBFFEE710B5044650
:10BEE0004068FFF783FE2168814201D8002010BD21
:10BEF000081A10BD70B50346083A0C4602F003005C
:10BF0000111AA00705D1A1F10C0047F6F572904275
:10BF100001D3002070BD2078251F00F003000843E6
:10BF200020F0020040F00101216029461846DDF7AB
:10BF300077F92846DDF7A9F9017902214160204609
:10BF400070BD002118B150F8040C20F00301084620
:10BF5000704770B5810701D0002070BD002380605C
:10BF6000C0E90303194600EB810200EBC1145361E1
:10BF7000002204EB8206521CB063202AF9DB491C24
:10BF80000929F0DB70BD70B50C460546FFF7E1FFEF
:10BF90000646A4F5976205F59761FFF7ABFF3046BB
:10BFA00070BD2DE9F041002611B3083905464E68F1
:10BFB0000C46F00700D0FEE70846DDF7BCF9217912
:10BFC000284689070CD52768AFB13979C90713D03E
:10BFD0003946DDF718FA21463846DDF706F90446FA
:10BFE00021462846DDF7C1F901462846DDF718F954
:10BFF0003046BDE8F081FEE7FEE700F59760704748
:10C0000070B50A46054604211046D9F760F9044682
:10C0100001462846DDF73FF9014622462846BDE89D
:10C020007040DDF7C8B92DE9F05F90460C008146FD
:10C030004FF0000522D0B8F1000F1BD0A4F1080585
:10C040002846DDF7ADF982466868042120F0030731
:10C05000DAF8040020F00300384400F1040B4046F5
:10C06000D9F735F90646B84500D966B12879C00731
:10C070000CD0FEE74846FFF794FF44E01146FFF777
:10C08000BFFF05463FE00020BDE8F09FBE4216D945
:10C090009AF80400C00701D05E4510D941464846D1
:10C0A000FFF7AEFF05002ED04046474500D30746B8
:10C0B0003A4621462846F7F703FB2146DAE7BE4217
:10C0C00006D929464846DDF750F92846DDF740F9FC
:10C0D00028794F46C00700D0FEE731462846DDF7F5
:10C0E00095F878B131462846DDF79EF9014640685B
:10C0F00020F0020048603846DDF737F9014638463F
:10C10000DDF78EF825462846BEE75A3000B200F02B
:10C1100001B8000003E000BF00F5B47000B20028D1
:10C12000FADB4FF4B471884203DBA0F5B47000B2BF
:10C13000F9E713495A2802DA31F8100013E0A0F1A8
:10C140005A025A2A03D2C0F1B40000B2F4E7A0F1B7
:10C15000B4025A2A01D210B202E0C0F5B47000B2A3
:10C1600031F810004042A0F5FE41FF3905D047F6F6
:10C17000FF71C84200D1401E70474FF40040704725
:10C18000B8E50308704700002DE9F0471E46144645
:10C190000D468246DDF8209015E000BF4FEA5408B6
:10C1A00008FB0657394650464A469047002808DDA6
:10C1B00044F30000C0EB540407EB0605A4F10104AE
:10C1C00001E005DA4446002CE8D12046BDE8F087BE
:10C1D0003846FBE708B5009313460A460146024875
:10C1E00000F004F808BD00003D5200082DE9FF4FA3
:10C1F00089B005460A9800249246002800D1FE4DD9
:10C2000090E1252804D02246641C53460A990AE28C
:10C21000491C4FF0000808460C9101782B2919D0D1
:10C2200004DC202919D0232904D119E02D290ED0AE
:10C23000302909D00026C8B2D8F7DCFEB0B10CA86E
:10C24000D8F799FE06461FE048F001010AE048F0E1
:10C25000020107E048F0040104E048F0080101E0B1
:10C2600048F01001401C88460C90D6E70C990878DD
:10C270002A2809D1169840C81690002E02DA48F0F4
:10C2800002087642491C0C910C984FF0000B017883
:10C290002E2919D1401C0C9048F480680078D8F7FA
:10C2A000A9FE20B10CA8D8F766FE83460CE00C98D6
:10C2B00001782A2908D1169A02CA1692002900DCB0
:10C2C0000021401C8B460C900C9801786C290AD0F8
:10C2D00004DC68290FD06A2919D128E0742929D0F3
:10C2E0007A2914D126E0401C0C90017848F480781B
:10C2F0006C291CD00BE0401C0C90017848F08008A1
:10C30000682904D148F04001401C88460C90024640
:10C310000078692822D015DC62281FD00DDC252882
:10C3200071D050281AD058287FF46DAF16E048F429
:10C330000071E9E748F48071E6E7632878D0642863
:10C34000F2D10BE0732874D004DC6F2806D070287B
:10C35000EAD103E0752801D07828E5D178280DD0FE
:10C3600058280BD070280BD0502809D06F2816D031
:10C37000622816D00A2128F0100016E0102107E0EC
:10C380005078102148F48878562804D1521C0C9219
:10C390001078582807D01078502804D006E00821DB
:10C3A00009E0022107E048F0200080461078692863
:10C3B00003D0642801D028F00C085FEA485001D56A
:10C3C00028F00108107869281ED064281CD056284F
:10C3D00065D05FEA885073D5169804ABC01D002263
:10C3E00083E806080292CDE9076820F0070053466B
:10C3F000F0E80212CDE900121690224628460A996A
:10C40000D8F7DCFE8AE009E15FEA885024D5169867
:10C4100004AFC01D20F00703F3E8020216930023C7
:10C4200087E80A08CDE90768002A03DA012102E05B
:10C4300081E0A8E000210023029119461B1A9141D6
:10C4400001DA114603E00021404261EB020153464C
:10C450002246CDE90001D1E75FEAC85004D5169A1B
:10C4600001CA0FE0404215E05FEA486003D5169A22
:10C4700012F8040B06E05FEA0860F0D5169A32F86D
:10C48000040B00B21692CDE9021BCDE90468C10F7E
:10C490000028E7DD53462246CDE900013AE0169830
:10C4A000AAEB040202C816904868006800900A9837
:10C4B0000B6801192846FFF799FE04442FE0FFE7B7
:10C4C0005FEAC8500CD5CDE9021BCDE90468169887
:10C4D0000021534604C8CDE900211690224619E0F8
:10C4E0005FEA486003D5169810F8042B08E05FEA6D
:10C4F0000860169803D530F8042B92B200E004C807
:10C5000016900020CDE90020CDE9021BCDE904689A
:10C510005346224628460A99D8F710FE04460C983E
:10C52000401C0C900C99087800287FF46AAE5445A2
:10C530007BD222467BE001275FEA887006D509E0BE
:10C540002246641C534620200A99A84738467F1C7F
:10C55000B042F5D316982246641C10F804CB16900E
:10C56000534660460A99A8475FEA887006D4D6E722
:10C570002246641C534620200A99A84738467F1C4F
:10C58000B042F5D3CBE7169850F8049B1690BBF158
:10C59000000001D0014601E04FF0FF314846FDF7B1
:10C5A00022FC07465FEA485003D558465F4500D352
:10C5B00007465FEA887006D512E02246641C53469F
:10C5C00020200A99A84738467F1CB042F5D307E0DF
:10C5D000224609F10109641C534660460A99A8479E
:10C5E00099F800C0BCF1000F05D05FEA4850EFD5C4
:10C5F000BBF1010BECD201E0455200085FEA887004
:10C6000006D48CE72246641C534620200A99A8478A
:10C6100038467F1CB042F5D381E706E02246641C11
:10C62000534625200A99A84779E7AAF10102534603
:10C6300000200A99A8470DB02046BDE8F08F000001
:10C6400070B50D460846F8F787FC0646F8F730FC4B
:10C6500004463046F9F730FD014622462846FBF7EE
:10C660003DFC01212846FBF71CFB2846F7F7E6FFB7
:10C6700004462846F8F7ECFBECF756FD00EBD070CB
:10C680000E4E421031462046FBF728FC0021204682
:10C69000FBF707FB02231A4600212046FBF7E9FAC5
:10C6A0002846F7F7CBFF04460121FBF706FB31468E
:10C6B0002046BDE87040FBF7BCBC000064000020D1
:10C6C00010B5F5F707FBFCF7AFF8BDE81040FCF735
:10C6D000CDB800001CB5D6F753FCD8F717F9D7F73B
:10C6E0006DFF0CF00BFD0CF029FD0CF0CBFCFFF7FF
:10C6F000E7FFD7F7F3FF0BF029FDDEF79BFC1549A9
:10C700000320CDE9000100234FF4006212A1144878
:10C710000DF0D2FC13480224CDE900400023220290
:10C7200011A115480DF0C8FC14480023CDE90040C4
:10C73000802213A118480DF0BFFC0020CDE9004075
:10C740000346802215A11A480DF0B6FC0CF0CAFF72
:10C75000FEE70000BC0000204C56474C00000000E3
:10C760004945000864010020576561746865725F7F
:10C770005461736B00000000A999030800020020B7
:10C780004765745F576561746865725F4461746181
:10C790005F5461736B000000612C000845535038F2
:10C7A0003236365F496E69745F5461736B00000006
:10C7B000912A00082DE9F0414FF480740E46074697
:10C7C0002246EAF7CDFF054621463846EAF7EFFC58
:10C7D000002D06D0224631463846BDE8F041EAF742
:10C7E000CDBFBDE8F08170B515460E4604468028E1
:10C7F00005D2E117002004EB9171891006E00AF0E0
:10C80000B7FA411FCC4084F02001801F30602960BE
:10C8100070BDFD2902D2022901D80020704710FB0B
:10C8200001F000EBC01101EBC030C0F3C7507047FE
:10C830002DE9F047F3F7C9F80746F8F78DFB814675
:10C84000F8F78AFB8046EBF745F90468C4F307451F
:10C850006E1E0C2E00D3FEE700214846F8F733FA8F
:10C86000B84209D1012D02D066F3174409E00C202B
:10C8700060F31744601E1FE00C2D19D06D1C65F38A
:10C880001744C4F30742A1B215460C464046EBF7E5
:10C8900025F901214846F8F716FA0949224601EB25
:10C8A000850151F8043CBDE8F04706A1F6F7A6BAA9
:10C8B000012060F31744601C60F30F04E1E70000FF
:10C8C00094020020256420257300000070B5054601
:10C8D000F3F77BF804462846F3F7D8F805462046D8
:10C8E000F2F712FE04462846EBF7F4F80088641CC1
:10C8F00081B2E2B22846BDE87040EBF7EFB8000025
:10C9000070B50D4600212846FAF704F900212846A3
:10C91000FBF7C7F90023022219462846FBF7A9F9BD
:10C920002846EAF71FFC0646002229A1FBF702FB76
:10C930006420FBF755FE01463046FBF7CAF9304646
:10C94000FBF7DAFD3046F8F7B3FA04460146304605
:10C95000FBF76FFB00230A221E493046F7F7DCF98C
:10C9600004213046FAF77CFE2846F5F733FC0646EC
:10C970000321F6F70FFA002202213046FBF735FBC0
:10C9800001213046FBF799F92846EAF7EBFB06460A
:10C99000002211A1FBF7CEFA224611463046FBF7E2
:10C9A0009DFA00230A220B493046F7F7B5F9042116
:10C9B0003046FAF755FE0023232208492846F7F7A8
:10C9C000ABF92846BDE8704000222321FBF729B9C6
:10C9D000EF81930031C80208EF819400E1970308CA
:10C9E0002DE9F0410F460846F8F7B6FA0446002153
:10C9F0003846FAF78FF800213846FBF752F93846E7
:10CA0000F2F7BAFC164D06466968F2F70EFF2346A8
:10CA1000232214493046F7F77FF901213046FBF70E
:10CA20004CF93846F2F7A8FC06462968F2F7FDFEF5
:10CA3000234623220C493046F7F76EF90121304690
:10CA4000FBF73BF90023232208493846F7F764F93E
:10CA50003846BDE8F04100222321FBF7E2B8000090
:10CA6000C4020020B5A50308CDC802082998030810
:10CA7000002902D00068091D42507047002901D0EA
:10CA800000684250704738B51D4603461069C8B16A
:10CA9000826C144619B11846FBF726FB0446E2B235
:10CAA000C4F30721C4F30740ECF747F8220E2946E8
:10CAB000ECF74EF80090BDF800009DF8021040EA37
:10CAC000014038BD1846F9F705F9E7E72DE9F041CF
:10CAD0000446408DC10419D440F480506085002282
:10CAE00029212046FBF79DF860B1A06810B10830FD
:10CAF000F3F72AF800212046F8F7E5F840B1FFF7F0
:10CB0000E5FFF7E7608D20F480506085BDE8F08197
:10CB10002046F8F7C6F906460020F4F7A3FD0546BF
:10CB2000002731E0F4F7D7FD012801D003281BD1FD
:10CB3000D5F8D000A04207D0D5F8D400A04203D049
:10CB4000D5F8D800A04203D12146284600F080F84D
:10CB5000D5F8DC00A04201D1C5F8DC70D5F8E000C2
:10CB6000A04201D1C5F8E070D5F82001B04207D14C
:10CB7000F4F76CFDA04203D12146284600F068F886
:10CB80002846F4F76FFD0546002DCBD121462F48EE
:10CB9000E9F758FE0128F9D02046F7F798FD6068BC
:10CBA00004260028204602D0F8F797F932E0F8F77B
:10CBB0004FF905460020D5F8D822D5F8BC1204E07C
:10CBC00051F82030A3420BD0401C8242F8D807E035
:10CBD000D5F8BC1206EB80028A5841F82020401C90
:10CBE000D5F8D812491E8142F2D8D5F8D802401E95
:10CBF0008100C5F8D802D5F8BC0205F52F75FBF702
:10CC000065FF28601CE0116806EB80028A5841F835
:10CC10002020401C616880B28A68118E491E8142C2
:10CC2000F1DC60688068008E401E81B21186606809
:10CC3000890080680068FBF749FF616889680860BF
:10CC40002046BDE8F041F3F773BA0000C74602087A
:10CC500070B50C460546F4F73AFD10B12846F5F7D5
:10CC600031F821462846BDE87040F4F7C9BDC9B285
:10CC70000022FBF7A1B9022A0DD0032A0AD1426B88
:10CC8000002A01DC4A6B42634A6C42640A6C02640B
:10CC9000096901617047426B002A01DC4A6B4263FB
:10CCA0004A6C42640A6C02640A690261896B81639E
:10CCB00070472DE9F04107460025C8680C462E460E
:10CCC000B0F57A7F5BD2401CE0602168A068095C07
:10CCD0005B2954D1401CA0602046DCF7CDFC4CB150
:10CCE000D4E90110884203D22268125C5D2A33D055
:10CCF000884203D3A068401EA06040E0401E04F1BB
:10CD00001008A0604046DCF731FD98B30DB33060E9
:10CD100046600646A068401CA0602046DCF7ACFCDC
:10CD20002146304600F0B8FA30B32046DCF7A4FCC8
:10CD300014B3D4E90110884203D22168095C2C297C
:10CD4000E0D06268904217D22168085C5D2813D158
:10CD500002E005462E46DDE7E068401EE06005B1D2
:10CD60006E602020C7E90250A068401CA06001202E
:10CD7000BDE8F081FFE715B12846DCF795FC0020FF
:10CD8000F6E7034610B500200246995CA1F1300495
:10CD9000092C01D830380AE0A1F14104052C01D852
:10CDA000373804E0A1F16104052C08D8573808444D
:10CDB000032A00D20001521C042AE6D310BD002031
:10CDC00010BD00002DE9F043060087B00C464FF07F
:10CDD000FF3031D0002C2FD03546DFF8E08081467F
:10CDE00014E00027032258F827102846D3F7FAFE4C
:10CDF00018B17F1C072FF5DB07E0002F05DBE87873
:10CE00002C2802D12879202819D06D1C28780028D8
:10CE1000E7D1304604F118052B1F1A1F01AE111F70
:10CE200086E82E0006A90091231D05AA24A1D3F7A8
:10CE30003BFD072806D0484607B0BDE8F083280030
:10CE4000E7D0E7E74E4600254746C4F8009000BF0C
:10CE500057F82510032205A8D3F7C4FE05F10105F4
:10CE600028B3072DF4DB206800281EDB134F0025B4
:10CE7000303FA66057F82510032206A8D3F7B2FE6C
:10CE800005F10105A8B10C2DF4DBA06800280CDB2E
:10CE90006068401E1F2808D22069172805DC6069D9
:10CEA0003B2802DCA0693C2805DD3046C4E725604C
:10CEB000D9E7A560E9E70020BEE70000F400002004
:10CEC0002533732C202564202533732025642025E9
:10CED000643A25643A25640070B588B00C461D4656
:10CEE00016466946FFF76EFF01004FF0FF301FD175
:10CEF0000399A1F5FA6164291AD2DDE90210019AB9
:10CF0000DEF7DEF840F2A3220699504301EBC01190
:10CF100004984FF461625043059AC2EB021200EB91
:10CF20008200084420442A46314609F0D7FE0020FA
:10CF300008B070BD2DE9F0474FF000092DED028BD0
:10CF400082B007460C004FF02E0A48464D46C846B0
:10CF5000CDF8009041D02368DBB3D4E9012122E071
:10CF60005E18865D342E1BD00ADCA6F12B06092E36
:10CF70001CD2DFE806F0151B152F1B151515150023
:10CF8000382E0DD006DC352E0AD0362E08D0372E9E
:10CF90000CD105E0392E03D0452E01D0652E05D1E8
:10CFA0006D1C401C14B10E189642D9D32169681C1F
:10CFB0008847060011D0A16820682A4601443046FF
:10CFC000D3F75BFE06F80590B8F1000F13D00020F0
:10CFD0000FE002E04FF00108E2E7002002B0BDECF4
:10CFE000028BBDE8F087315C2E2901D106F800A044
:10CFF000401CA842F7D369463046D7F775FF009822
:10D00000B0EE408AF0EE608A864203D16169304614
:10D010008847E2E79FED150B87ED068B53EC102B4D
:10D0200051EC180B0DF0C4FD02D86FF000400FE07A
:10D030009FED100B51EC180B53EC102B0DF07EFCF8
:10D0400002D84FF0004003E051EC180B0DF046FC05
:10D0500078610820F8600099A068891B0844A060E6
:10D060006169304688470120B8E700000000C0FF32
:10D07000FFFFDF41000000000000E0C12DE9F041AA
:10D0800007460026C8680C463546B0F57A7F7BD245
:10D09000401CE060002C77D0D4E90110884273D2A4
:10D0A0002168095C7B296FD1401CA0602046DCF719
:10D0B000E3FAD4E90110884203D22268125C7D2A87
:10D0C0004FD08842A0F10100A0605DD204F11008A9
:10D0D0004046DCF74BFBE8B30EB3286045600546DD
:10D0E000CCB3D4E90110401C88424AD2A06020464B
:10D0F000DCF7C2FA2146284600F048F858B320462B
:10D10000DCF7BAFA2869286200202861D4E9011006
:10D11000884236D22168095C3A2932D102E00646BB
:10D120003546DDE7401CA0602046DCF7A5FA214625
:10D13000284600F0B1F870B12046DCF79DFAD4E93A
:10D140000110884203D22168095C2C29C0D0626892
:10D15000904201E014E014E013D22168085C7D28BD
:10D160000FD1E068401EE06006B175604020C7E95D
:10D170000260A068401CA0600120BDE8F08103E0CF
:10D1800016B13046DCF790FA0020F6E72DE9F843B7
:10D1900080468B6808684FF00009C418CDF80090ED
:10D1A00008680E46651CC15C641C22296ED10022F1
:10D1B000716808E0BCF15C0F04D17F1C8F4265D21E
:10D1C000521C641C641C271A8F4204D294F800C0BD
:10D1D000BCF1220FEED1271A8F4257D22178222993
:10D1E00054D11844201A801A3169401C884707001E
:10D1F0004CD0009737E029785C2905D000986D1C49
:10D2000000F8011B00902EE00220611B012939DB90
:10D210006A78662A14D008DC222A12D02F2A10D06D
:10D220005C2A0ED0622A2DD108E06E2A0ED0722A16
:10D230000ED0742A0ED0752A24D10DE0082200E009
:10D240000C22009901F8012B00910BE00A22F8E76B
:10D250000D22F6E70922F4E76A46214628460BF03C
:10D26000F5FF78B10544A542C5D3009981F8009037
:10D270001021C8E903173068201A401CB060012053
:10D28000BDE8F88317B171693846884715B1306831
:10D29000281AB0600020F3E770B50C0005465ED098
:10D2A000206800285BD0A16863680A1D9A4205D8EF
:10D2B0000844042231A1D3F795FC78B3A0686268D2
:10D2C000411D0126914206D82168052208442DA15E
:10D2D000D3F788FC28B3A0686268011D914206D884
:10D2E00021680422084429A1D3F77CFCE8B1D4E9E1
:10D2F0000101814203D22268525C222A1DD0814260
:10D3000021D22268525C2D2A02D0303A092A1AD83A
:10D3100021462846BDE87040FFF70CBE0420E860B7
:10D3200006E0EE60A068401D04E002206E61E86047
:10D33000A068001DA060012070BD21462846BDE800
:10D340007040FFF723BF814203D22268525C5B2A00
:10D3500007D0814203D22068405C7B2807D00020A0
:10D3600070BD21462846BDE87040FFF7A2BC2146AB
:10D370002846BDE87040FFF781BE00006E756C6CFA
:10D380000000000066616C736500000074727565D2
:10D39000000000002DE9F041064690460D46454844
:10D3A000D5F7FCFA00287DD0D5F7DCFD42490860AE
:10D3B00042490968401A4FF47A71B0FBF1F13D48D7
:10D3C00001F5E141D7F746FA3DA13A48D3F7AAFB68
:10D3D00000286CD03DA1D3F7A5FB002867D0001D25
:10D3E00004467B21D3F794FB002860D07D21D3F73E
:10D3F000CFFB00285BD0002141702046DCF7C1F94B
:10D40000070054D033A1DCF78AF90446DCF7A5F90C
:10D4100060B1246954B12046D3F7C5FB401C00F02D
:10D4200015FD306010B12146D3F78EFB2BA1384695
:10D43000DCF775F90446DCF787F958B129A12046D5
:10D44000DCF76DF90446DCF776F918B194ED060BBC
:10D4500085ED000B25A13846DCF761F90446DCF7C1
:10D4600061F9E8B12046DCF74DF9002818DD00210C
:10D470002046DCF741F91FA1DCF751F90446DCF73F
:10D480006CF968B124695CB12046D3F78CFB401C71
:10D4900000F0DCFCC8F8000010B12146D3F754FBC3
:10D4A000384600E003E0BDE8F041DCF7FDB8BDE838
:10D4B000F081000068CD0020FC0100205801002010
:10D4C000485454502F312E31000000000D0A0D0A2F
:10D4D000000000006E616D65000000006D61696E06
:10D4E0000000000074656D700000000077656174D5
:10D4F000686572006465736372697074696F6E0049
:10D5000070B50026DDE90445891A012B03DC0328E8
:10D5100008D0042806D0062829D2DFE800F0280A1F
:10D520000320150E2E60206801EBD17100EB610025
:10D530001BE02E602068084417E0012B03DD5B1E12
:10D5400091FBF3F0286070BD91FBF3F0296808446B
:10D550002860216800EBD07001EB600005E05B1CE7
:10D5600091FBF3F0286021680844206070BD2E60B4
:10D5700070BD000070B50D460646EBF709FE294662
:10D58000F4F735FB0E4C0028A06518D13046EBF7B8
:10D5900009FE2946F4F72BFBA06500280FD1304681
:10D5A000EBF736FE2946F4F722FBA065002806D1EA
:10D5B0003046EBF7E3FD2946F4F719FBA06570BD93
:10D5C000B85C01202DE9F05F05460C46501E53B1B2
:10D5D0002168A1EB620108442160A060A869606035
:10D5E000286AE06009E06168A1EB620108446160BB
:10D5F000E06068692060E869A0604FF44036314619
:10D600002846F8F7E0FA814631462846F8F7FFFA4F
:10D61000824631462846F8F724FB804631462846A4
:10D62000F8F79EFA834631462846F8F7B5FC0746D8
:10D6300031462846F8F797FC0146206809EB0702B7
:10D64000801A2060A0680AEB07021044A06060689E
:10D6500008EB0102801A6060E06859440844E06009
:10D66000BDE8F09F2DE9F0410F460446E2F7F4FED5
:10D6700005001ED0F7F71CFC06462046F7F7BAFB5C
:10D68000864216DD00212846F8F73DFCF2F73AFD08
:10D69000064600212846F8F757FC216C30444143E8
:10D6A0003A46E06AFAF786FAE06ABDE8F041F9F72F
:10D6B000D6B8BDE8F08100002DE9F041134C0F46CB
:10D6C0000546E6682068001D0BF029FE681C07D19E
:10D6D00037B12168BDE8F0410D48091D0BF06EBE61
:10D6E00020683544B5424560216805D2A06BBDE88D
:10D6F000F041091D0BF04ABE606B091D0BF046FEA0
:10D70000A06A854200D2A562BDE8F0811400002025
:10D7100084C300202DE9F04105460BF05BFE2D4C43
:10D72000A068401CA06020682B4F10B1606930B326
:10D730002BE02560A068012827D1002606EB860093
:10D7400007EB80000BF014FE761C382EF6D323482E
:10D750000BF00EFE214814300BF00AFE1F48283053
:10D760000BF006FE1D483C300BF002FE1B4850300B
:10D770000BF0FEFD194860631430A06305E02068DB
:10D78000E96AC06A884200D82560606A401C60620D
:10D790006864E86A2169884200D9206100EB800052
:10D7A00007EB8000291D0BF009FE0BF033FE6069CA
:10D7B00000280CD02068E96AC06A884207D208496C
:10D7C0004FF080500860BFF34F8FBFF36F8FBDE8FD
:10D7D000F081000014000020D4BE002034C30020DB
:10D7E00004ED00E038B50BF0F5FD104C2068C8B929
:10D7F0000F480BF0BDFD0E4814300BF0B9FD0C487E
:10D80000E060143020610A4B0020F03B009003F1EF
:10D81000500210210A200CF0F2F9206010B105A18D
:10D820000BF07AFEBDE838400BF0F4BD500000204C
:10D8300088C40020546D72510000000030B4026CA6
:10D840000B46002A0BD0C1681144C1608468A14214
:10D8500001D30168C16030BC1846D3F70EBA30BCA2
:10D8600070472DE9F041856B174604460026026C8F
:10D8700082B1C7B1E068D3F700FAE168206C091AF9
:10D88000E1602268914202D2A168081AE060022F8A
:10D8900016D017E02068A8B9A0680CF04DFD064628
:10D8A0000020A0600EE06068D3F7E7F9216C6068A3
:10D8B00008446060A168884204D32068606001E089
:10D8C00005B16D1E6D1CA5633046BDE8F08110B535
:10D8D000044690F8590058B101280CD002280FD006
:10D8E000502080F31188BFF34F8FBFF36F8FFEE797
:10D8F000206B0BF0A3FD2046BDE810400BF09EBD51
:10D9000010BD000010484FF4F041420706D0C01D82
:10D910000D4920F00700411AC1F5F0410B4A0023E0
:10D920000144C2E900030839183A21F007011160E7
:10D930004B600B600B1AC0E9001393604FF000407E
:10D940005360506170470000200000101800001064
:10D95000144E154CA6F29C474FF08058DFF84C90BF
:10D9600012E000BF0BF036FDF068C568281D0BF013
:10D97000D6FCA068401EA0606068401E60600BF08E
:10D9800049FD2846FFF7A3FF60680028EAD1386800
:10D990000128F9D9C9F80080BFF34F8FBFF36F8F0B
:10D9A000F2E7000070C300201400002004ED00E046
:10D9B00070B51D46049C51B1C4F80020C4E90F01A4
:10D9C000012120460CF04EF984F84C5070BD2460C3
:10D9D000F4E700002DE9F05F8846DDE90B94154679
:10D9E000834691009A460A9EA522206BD3F7BCF984
:10D9F0006FF00301206B01EB8501084420F007075D
:10DA0000780707D0502080F31188BFF34F8FBFF302
:10DA10006F8FFEE70025B8F1000F0FD05FF0000018
:10DA2000221818F8001082F8341018F8001011B1FC
:10DA3000401C1028F4D384F8435001E084F834509B
:10DA4000382E00D33726E662C4E91365201D0BF09B
:10DA50009AFC04F118000BF096FC2461C6F1380022
:10DA60006462A061656584F858505246594638464C
:10DA700000F0A0FA2060B9F1000F01D0C9F8004011
:10DA8000BDE8F09F30B5114900E011460A688242B6
:10DA9000FBD34B685C18844203D14068184448604B
:10DAA000084643681C18944209D1084C183C246865
:10DAB000A24209D052681A4442600A6812680260A1
:10DAC000814200D0086030BD0460F9E71800001002
:10DAD00070B5002441600B4D0061914206D8D11A07
:10DAE0008269914206D2011D286907E09A4203D259
:10DAF000994201D3012403E0011DE8680BF046FCC4
:10DB0000204670BD5000002010B504460BF062FCAA
:10DB1000A06B28B15FF000040BF07CFC204610BD28
:10DB20000124F9E730B589B03C4D6EE00498002837
:10DB300006DADDE90601059A90470498002864DBBF
:10DB4000069C606910B1201D0BF0E9FB03A800F0F2
:10DB5000D7F8024604980A2857D2DFE800F00505F6
:10DB6000052D334A05052D3394F8280040F00100B7
:10DB700084F828000599A069059B01442046FFF719
:10DB8000A7FF68B3216A2046884794F82800400719
:10DB90003BD5002000900598A16900234218194642
:10DBA00020460CF0D3FCD8B9502080F31188BFF385
:10DBB0004F8FBFF36F8FFEE714F8280F20F001009E
:10DBC000207022E094F8280040F0010084F828003A
:10DBD0000598A06128B1811813462046FFF778FF09
:10DBE00013E0502080F31188BFF34F8FBFF36F8F86
:10DBF000FEE794F82800810703D420460BF01EFCB2
:10DC000003E020F0010084F82800002204A928681D
:10DC10000CF07CF9002889D109B030BD50000020FB
:10DC20002DE9FC410F4605460BF0A0FD01A800F0D0
:10DC300067F80446019818B10CF0F6FBBDE8FC81CA
:10DC4000254EAFB130690068D0B30027291B3A4692
:10DC500030680BF075FC0CF0E7FB0028EED11F4993
:10DC60004FF080500860BFF34F8FBFF36F8FE5E731
:10DC7000A542EBD80CF0D8FBF0682746C068C46812
:10DC8000201D0BF04CFB94F82800410719D5A06922
:10DC90002B4641193A462046FFF71AFFA8B100204B
:10DCA0000346014600902A4620460CF04FFC60B91E
:10DCB000502080F31188BFF34F8FBFF36F8FFEE7C3
:10DCC00007E020F0010084F82800216A20468847F8
:10DCD000B4E70127BAE700005000002004ED00E09F
:10DCE0000648416B096829B1416BC968C968496830
:10DCF000816270474FF0FF31FAE700001400002006
:10DD000070B505460CF0AEFA064E0446B068844283
:10DD100003D200F009F8012000E00020286020462E
:10DD2000B46070BD50000020F8B5194D20E0C06807
:10DD3000C4680668201D0BF0F2FA216A2046884765
:10DD400094F82800400713D5A0693044B04206D9A2
:10DD500024616060211DE8680BF018FB08E00020DA
:10DD6000034601460090324620460CF0EFFB38B1E6
:10DD7000E86801680029DAD12969C5E90310F8BD0E
:10DD8000502080F31188BFF34F8FBFF36F8FFEE7F2
:10DD90005000002008484068401C4FF0500080F3BD
:10DDA000118804D0BFF34F8FBFF36F8FFEE7BFF32F
:10DDB0004F8FBFF36F8FFEE764000020074CE068D1
:10DDC000016841B1C0680021D0F80000FFF728FFCA
:10DDD000FFF7A8FEF3E701210020F7E7500000203D
:10DDE0002DE9F04104460BF0F5FA94F9455004F1A1
:10DDF000240609E0606A48B130460CF0DDFA08B14B
:10DE00000BF036FC6D1E6DB2002DF3DC4FF0FF36CB
:10DE100084F845600BF0FEFA0BF0DCFA94F94450FC
:10DE200004F1100709E0206948B138460CF0C4FA43
:10DE300008B10BF01DFC6D1E6DB2002DF3DC84F8F3
:10DE40004460BDE8F0410BF0E5BA00002DE9F04177
:10DE5000054600270BF08AFC324E306808B9FFF700
:10DE600051FD706905424ED1C5B3083568070ED023
:10DE700005F00700C0F108000544680707D05020EE
:10DE800080F31188BFF34F8FBFF36F8FFEE72DB381
:10DE90007068854237D82348183001460C6801E085
:10DEA00020460C466168A94202D221680029F7D1B8
:10DEB00031688C4227D007682168016060680837A4
:10DEC000411B10290FD96019420708D0502080F358
:10DED0001188BFF34F8FBFF36F8FFEE713E04160F0
:10DEE0006560FFF7CFFD61687068401A7060B268C6
:10DEF000904200D2B060706901430020C4E9000183
:10DF0000F068401CF0600CF08FFA780707D05020C2
:10DF100080F31188BFF34F8FBFF36F8FFEE7384652
:10DF2000BDE8F081000000102DE9F047054690F8AB
:10DF30007000400733D5E86AF4F7AFFB1949096868
:10DF4000884704002BD02846FDF734FC8146FBF7B8
:10DF50001DFF074604FB07F0401CF5F739FB804620
:10DF6000002606E006FB07803A464946F5F7A8FB7F
:10DF7000761CA642F6D37E43002108F806104146DF
:10DF8000E86AF4F737FF4046F2F7D2F82846064928
:10DF9000E7F7D8FA2846BDE8F04700F08DBDBDE8A8
:10DFA000F087000070EA0308ADDF020870470068E0
:10DFB000FFF7BABF10B5031F4FF080741C601B1F22
:10DFC00021F001011960191F044B0B6014390A601C
:10DFD000091F6FF0020244380A6010BD95DD020887
:10DFE0002DE9FF4FD76A9FB09B463889DDF8B08096
:10DFF0001FFA80F938880E46C0F307252C46142DE9
:10E0000000D112252C2108A8F5F751FC96F85000F4
:10E010008DF8340096F85100CDF830B000F00F00C4
:10E020008DF84800CDF82890386909908DF82C506B
:10E0300098E80E00D8F80C000DF11008CDE9063074
:10E04000CDE90412DDF81CA0CDF8208040460792EF
:10E05000E8F724FA0190F5F7BBFACDF84080039079
:10E060000E9001984FF0000811900E2D09D1CDF8B7
:10E070002480B6F84C00ADF8350096F84E008DF8C7
:10E080003700002306F15C0115A8F26AF0F718FBCF
:10E0900015A8CDE913085846E8F7F1F9054645E01B
:10E0A000142C15D00E2C24D0FF21019A0398F5F7DB
:10E0B000C2FB0198009003A890E80E0013A8F0F7A7
:10E0C000F3F98DF83C00142C23D00E2C21D023E042
:10E0D0003969DBF8040009FB05120599049B081A4D
:10E0E000DBF8001000FB09F0591A02EB5000014464
:10E0F0000AE0DBF80400DBF80020091A0498801A13
:10E100003A6901FB09210144019A0398F5F7D8FA0D
:10E11000CFE702208DF83C0008A91F98EDF7FAFE22
:10E120000598401C05900798401C0790059951459B
:10E13000B6DD0398F1F7FCFF23B0BDE8F08F2DE9C1
:10E14000F04114460A46070007D000260125002AA0
:10E1500061D0107B01285ED062E0FEE761689142E9
:10E160002BD1A168087B30B90D7326732146384640
:10E1700000F0A0F8A168486840B1007B012805D0F4
:10E18000886848B1007B012806D00CE0886860B33D
:10E19000007B012829D006E0486805730E733846D5
:10E1A00000F09DF8A168207B0873257388682146DC
:10E1B0000573384600F07EF82BE0087B30B90D730C
:10E1C00026732146384600F08AF86168486810B125
:10E1D000027B012A14D18A683AB1127B012A04D049
:10E1E00038B1007B012804D00AE00E73224624686F
:10E1F000ADE7886805730E73384600F05BF8616818
:10E20000207B08732573486821460573384600F063
:10E2100066F83A6802E0386890429FD1002A00D040
:10E220001573BDE8F0812DE9F0470D4681464FF0AA
:10E23000000801272DE026687068A04215D1B0685B
:10E2400008B1017B79B3A068A84206D121464846AF
:10E2500000F030F820462C460546277386F80C80DF
:10E260003146484600F03BF813E008B1017BD1B1DC
:10E270006068A84206D12146484600F030F82046A2
:10E280002C460546277386F80C803146484600F038
:10E2900011F82C6814B1207B0028CCD0D9F80000EC
:10E2A0000773BDE8F087FFE70773277386F80C80D4
:10E2B0003546EEE78A6853688B60536803B119608E
:10E2C0000B6813600B6823B15868884203D15A6009
:10E2D00002E0026000E09A6051600A6070474A689C
:10E2E00093684B60936803B119600B6813600B6807
:10E2F00023B19868884203D19A6002E0026000E08E
:10E300005A6091600A6070472DE9FF4F85B005A8FB
:10E31000DDE9134BDDE915A5E8F7C0F8074605A8C8
:10E32000E8F7ADF8D5F84C8095F84F508146C5F127
:10E33000FF0652460BEBDB71BAF1140F2DD01046DD
:10E34000BAF1120F29D0BAF11B0F7ED0BAF10F0F1C
:10E350007AD0BAF1110FFBD0BAF1100FF8D0BAF1A0
:10E360001A0F35D1EAF790FB06998246059A01FB10
:10E370000BF102FB0A111298084408F0FF0111FB8F
:10E3800005F10191C8F3072111FB05F10091C8F3D4
:10E39000074111FB05F5002187E1059A1298069BBC
:10E3A00000EB42020BFB032A491040460091EAF7BA
:10E3B00017FD0246FD2D0ED3002107E0002002E0EC
:10E3C00024F8022B401CB842FADB491C4945F5DB16
:10E3D00009B0BDE8F08FC8F3C40010FB05FEC8F318
:10E3E0000720800810FB05F3C8F30740C00810FBA6
:10E3F00005FB002124E000201CE000BF3AF81020BB
:10E400004FEAD22C1CFB06BC4FF4784505EACC053C
:10E41000C2F3451C1CFB06384FF4FC6C0CEAD80C0C
:10E42000AC4402F01F0212FB06E20CEB122224F8AD
:10E43000022B401CB842E1DB009A491C0AEB420A5D
:10E440004945D8DBC4E700E071E0059A1298069BC5
:10E4500000EB42020BFB032B4910A2464046019100
:10E46000EAF7BEFC0246FD2D0DD3002108E0002096
:10E4700003E000BF2AF8022B401CB842FADB491C1B
:10E480004945F4DBA4E7C8F3C40212FB05F262F3CA
:10E490000F00C8F30722920812FB05F262F31F4037
:10E4A0000090C8F30740C00810FB05F060F30F01AF
:10E4B0000020029137E000242EE000BF3BF814005A
:10E4C000EAF769FCC10A029880B211FB06014FF419
:10E4D000784000EAC1053BF81400EAF75CFCC0F3A1
:10E4E00045110098000C11FB06014FF4FC6000EA96
:10E4F000D10005443BF81400EAF74DFC00F01F0181
:10E50000009880B211FB060005EB102080B2EAF7FC
:10E5100042FC2AF8020B641CBC42CFDB019908F1D3
:10E5200001000BEB410B80464845C4DB50E7EAF79E
:10E53000ABFA069A0146059B02FB0BF203FB012294
:10E540001298FD2D104420D308F0FF0EC8F30726C3
:10E55000C8F3074507FB11B8002313E000220DE0C4
:10E5600084F800E06670A570BAF1100F03D190F83E
:10E5700003C084F803C008440C44521CBA42EFDBC9
:10E5800040445B1C4B45E9DB22E708F0FF0212FB2D
:10E5900005FCC8F3072212FB05F3C8F3074212FB80
:10E5A00005F500222BE0002222E000BF90F8008059
:10E5B00018FB06C84FEA182884F8008090F80180FC
:10E5C00018FB06384FEA182884F8018090F802807A
:10E5D00018FB06584FEA182884F80280BAF1100F89
:10E5E00003D190F8038084F8038008440C44521C43
:10E5F000BA42DBDB07FB11B210440EF10102964672
:10E600004A45D0DBE4E6002248E0C178D9B34FF4B4
:10E610007F43B3FBF1F390F802C00CFB03FCCCF397
:10E62000072890F801C00CFB03FCCCF3072CCDF8B5
:10E6300008C090F800C00CFB03FCCCF3072C18FBBF
:10E640000653C3F30723CDE903C3DDF808C0009BDD
:10E650001CFB0633DDF80CC0DDF80480C3F3072390
:10E660001CFB068CCCF3072C1CFB01FC4FEA1C2C7A
:10E6700084F800C013FB01F31B0A6370049B13FBB7
:10E6800001F31B0A05E0FFE703782370437863700A
:10E690008378A370E17050445444521CBA42B4DBF6
:10E6A00007FB1AB108440EF101018E464945AADB69
:10E6B0008EE62DE9FF4F9DB099462A988B4607AD0F
:10E6C0001BC885E81B00D66A30891FFA80F830889D
:10E6D000C0F307208246EAF7D7F905464846E7F730
:10E6E000CEFE029007A8E7F7D9FE044607A8E7F791
:10E6F000C6FE6C430746039400D10124FAF724FABE
:10E70000EAF728FD8500FAF71FFAEAF7FDFCEAF7B9
:10E71000BBF94543B5FBF4F53846BD4200DD05467F
:10E7200004FB05F0F4F754FF040019D02C210BA8CA
:10E73000F5F7BDF89BF850008DF840009BF85100AC
:10E74000BAF1140F00F00F008DF8540003980D90EB
:10E7500007A80F90CDE90B048DF838A001D010E088
:10E76000FEE7CDF84C903269029908FB0120119028
:10E7700002208DF8480012208DF838004FEA58002A
:10E78000149008986D1E28440A9F0A9027E007A954
:10E7900017A8E7F7CCFDD9F804004242D9F80000E9
:10E7A000414217A8E7F7D1FF9DF83810CDF810B017
:10E7B000CDE90281019430690DF15C0A00909AE87C
:10E7C0000F00FFF7A1FD0BA91D98EDF7A3FB0A9819
:10E7D000401C089028440A90B84200DD0A97089827
:10E7E000B842D4DD2046F1F7A3FC21B0BDE8F08F9C
:10E7F0002DE9F04FDFF8CCB185B00646DBF81420E8
:10E80000D2F8B042926A44F8342B90E8AC00ACC421
:10E8100090E8AC0044F8441904F1240080E8AC000E
:10E82000DBF8140090F83D0028B15D46012809D0BE
:10E83000022807D02CE096E80F0004F1140585E8C3
:10E840000F001DE000206061A0616869EAF7B4FC78
:10E850000028686907D0EAF7C7FC401EE0616869D4
:10E86000EAF7CCFC06E0EAF775FC401EE061686957
:10E87000EAF7EAFC401E20626869C06B800101D59E
:10E88000002102E02068008981B22046E6F72AFCD8
:10E890003046E7F7F4FD94F84C00C01F042826D357
:10E8A000DBF814002168C06BC968C0F34740B1FBB6
:10E8B000F0F73046E7F7E8FD054694F84C00EAF734
:10E8C000E3F800FB0570401EB0FBF7F73046E7F7B2
:10E8D000D6FDB0FBF7FA012F09D007EB8700000146
:10E8E000F4F776FE5FEA000805D0002532E0204606
:10E8F00000F06AF85BE0FEE77068691C01FB0A0142
:10E90000491E05FB0A02009101A8B3683168E7F7C8
:10E9100029FF781E854201D1F068049005EB85013E
:10E9200008EB0110814694F84C2001AB0021ECF774
:10E9300036FB04F1140109F1140E91E80E108EE873
:10E940000E00C9F820C021684846C9F8001000F040
:10E950003BF86D1CBD42CFD3002523E005EB8501BC
:10E9600008EB011404E000BFEBF75CFCEBF7EAFBFB
:10E9700060680028F8D1DBF814005A46D0F8B002DD
:10E9800006E0C168A14202D1E168C16002E0084628
:10E990000028F6D1DBF81400D0F8B8220AB12146DD
:10E9A00090476D1CBD42D9D34046F1F7C1FB96E8B4
:10E9B0001E00DBF8140000F5447080E81E0005B06E
:10E9C000BDE8F08FB85C01202DE9FF410746F4F760
:10E9D00078FA384C6069EAF74BFC10B960690AF0C4
:10E9E000C8FF606990F84000EAF754F878B107F181
:10E9F00034000FC88DE80F00B8694242786941427F
:10EA00006846E7F7A2FE69463868EBF7E2F80025AA
:10EA10006069EAF7FDFB014607F134008046FAF72A
:10EA200099F806466069D0F8D01219B14046FAF755
:10EA300091F8054656EA050006D16069EAF79EFBA3
:10EA40000146384600F0ECF9606990F8DC12C9071D
:10EA50000ED00EB9D0F8C8623846314600F0E0F961
:10EA60006069D0F8D002A0B105B9054629460DE08D
:10EA7000D0F8D00228B105B905462946384600F03D
:10EA8000CFF916B96069D0F8C8623146384600F04F
:10EA9000C7F96069EAF786FB0146384600F0C0F91D
:10EAA0006069EAF775FB014604B03846BDE8F041FD
:10EAB00000F0B6B9B85C01202DE9F04F95B00446DE
:10EAC0000021F7F711FA019000212046F7F730FAFC
:10EAD0008346002C7ED0E06C0990E06AF3F7DDFD00
:10EAE0006B4A82460999126890476A4A06460AEBC1
:10EAF0000600126880460021904705460198F1F70C
:10EB000001FB81462F463846E5F7E7F800B120279C
:10EB1000002239460198F1F7C5FA074602AAE06AD1
:10EB20000999F3F7F1FCE06AF3F7B7FD024600211B
:10EB3000E06AF5F774FCE16A029A4B69C9691A4404
:10EB40003A448A4224DD94F87010090720D403283F
:10EB50001ED000200290039A09EB0B001044039092
:10EB60005DB14D494046096888474A4A06440AEB68
:10EB7000060012680021904705462846E5F7ADF8E3
:10EB800000B12025002229460198F1F78BFA0746AB
:10EB90004FF4C02B204659462666F6F71EFF054661
:10EBA00059462046F7F754F800EB05085946204629
:10EBB000F6F7CDFF00EB050A59462046F6F7FAFFB7
:10EBC000461959462046F7F719F8054400215B22FB
:10EBD000E06A00E05AE0F7F759F8029900EBD073C9
:10EBE0008A1B401CA2EB630200EBD070039B2944FC
:10EBF00007EB600008440F92A3EB0802401ECDE92A
:10EC0000102003EB0A01A9F10100084404F15001AE
:10EC100012900D4604A8E7F79CFBE06A049942694C
:10EC2000114404910599806908440590E06A0699A9
:10EC3000406908440690E06A079980690844079093
:10EC400004A92046F7F728FE0FA92846E7F781FB1D
:10EC5000294604A8E7F77DFBE06A0499426911445C
:10EC600004910599806908440590E06A0699406915
:10EC700008440690E06A079980690844079004A94F
:10EC80002046F7F709FE15B0BDE8F08FFEE700005B
:10EC900060EA03085CEA030858EA03082DE9F04F2C
:10ECA0005E4C8BB06069D0F8641200297ED00022DF
:10ECB0003B21EAF7BFFB61694FF00009D1F864021C
:10ECC00004E000BF00F511728A5CA2B1401EF9D5C4
:10ECD000C86B20F00100C8636069C16B21F00201BC
:10ECE000C163606900254FF0440BC16BA24641F03F
:10ECF0008061C1637CE08146EAE700BF05F51171E0
:10ED0000415C002973D14D4503D1C16B41F0010134
:10ED1000C1636069C16B21F00201C16360690BEBE3
:10ED2000051142180DF11808CCCA88E8CC0090F8FB
:10ED30003D2022B1022A4ED0012A4CD057E006A82D
:10ED4000E7F7ACFB064606A8E7F799FB0246314613
:10ED50006069E1F731FC8046069802900026089829
:10ED600037460490A24607991AE00391059001DD09
:10ED7000104605920646B24205D1DAF81400C16B7E
:10ED800041F00201C163394602A8FFF731FD02A834
:10ED9000E7F775FB0744DAF81400DCF729FF214692
:10EDA00001EB0804099A601E904200E033E0DCDDCC
:10EDB000B2421CD005920391DAF814005446C16B9C
:10EDC00041F00201C163394602A8FFF711FD02A814
:10EDD000E7F755FB08E0C26B42F00202C2636069CC
:10EDE00008440021FFF704FD6069DCF701FF6D1C9A
:10EDF000DAF814005446D0F86402A842DAF8140095
:10EE00003FF77CAF00223C21EAF714FB6069C16B3D
:10EE100021F08061C1630BB0BDE8F08FB85C0120C8
:10EE20002DE9F0470D00814605D122484069EAF7F7
:10EE3000EFF9050037D0A8464046F6F78DF80400F4
:10EE400004D00021F6F746FFC9F848002946484695
:10EE5000F8F73EF825E000272046F5F777FF06464D
:10EE6000002508E0A068006850F82510EFB148467A
:10EE7000F8F72EF86D1CB542F4D34A461F21204600
:10EE8000F8F7CFFE4A4620212046F8F7CAFE4A4648
:10EE900021212046F8F7C5FEA0464046F6F75CF86B
:10EEA0000446002CD7D1BDE8F0874145E2D10127C7
:10EEB000E0E70000B85C01202DE9F04798B08846F3
:10EEC0000646E1F7C6FA070077D0F3F7E6FB0246FD
:10EED00000213846F5F7A3FA0021012818D00228AE
:10EEE00002D0032814D10BE03046F5F796FF044614
:10EEF0003846F7F7E1F8201A00EBD070411007E030
:10EF00003046F5F78AFF04463846F7F7D5F8211A58
:10EF10003846F9F7A6F800213046F6F7EEFF04462A
:10EF200000213046F7F70AF882462046F1F7EAF862
:10EF300005463046F5F75EFF8146304600216722E0
:10EF4000F6F7A4FE0446C8F1000020405FEA00087E
:10EF500002D13046E4F7A4FA306B05EB0A014143D5
:10EF600009EBD970401005EBD572A0EB6200451A91
:10EF7000B8F1000F24D06846E6F722FB3946684610
:10EF8000E6F7E1FB14496846E6F7C7FB3846F7F7B2
:10EF9000BDF801462A466846E6F7CFFB214668469B
:10EFA000E6F7B3FB0D496846E6F7A8FB0C4968464F
:10EFB000E6F7B5FB6846E6F7E7FB18B0BDE8F08773
:10EFC00005493846E6F7BEFA18B029463846BDE886
:10EFD000F047F9F75EB8000067410308DD3B03081E
:10EFE0004B5601082DE9F04F0C464FF4A02689B08E
:10EFF00005463146F6F7E1FD079031462846F6F71B
:10F0000000FE834631462846F6F725FE8246314605
:10F010002846F6F79FFD804631462846F6F779FFE9
:10F02000069031462846F6F786FF81463146284647
:10F03000F6F75DFF059031462846F6F73AFD07469C
:10F0400031462846F6F729FD06461CE00798CDF81C
:10F0500008B0CDE90090CDE903A8DDE905232146FC
:10F060002846E1F791FCB04201DA014600E0314662
:10F07000B94201DA384602E0B04200DB3046A96B03
:10F0800041F82400641C286BA042DFD82846F8F71A
:10F090005AFA09B02846BDE8F04FF7F7E0BB000088
:10F0A0002DE9F04F5A4C9FB0606990F83D1001294E
:10F0B0007ED1EAF7DDF800287AD0606900F51B7090
:10F0C000F4F718FA002873D160690AF052FC6069FD
:10F0D000826A0392C1698A4206D1016A426A8946FC
:10F0E00002B11146884609E0036A9A4204D1426A95
:10F0F00002B90A469146F5E789469846EAF72AF8A2
:10F100001D906069EAF7A0F81C90402107A8D1F78C
:10F1100033FE0025A2463EE005F51171415CC1BBFE
:10F1200000F51B70F4F754F90646A2462FE0DAF812
:10F1300014005446314600F51B70F4F75BF91E903D
:10F140004421606901EB05114218314607A8E7F731
:10F1500024F90746401C19D000240DF11C0B09E0CE
:10F16000F4F779F90BEB0411641C91E80E1080E8B8
:10F170000E1064B2DAF81400BC42314600F51B7080
:10F18000EEDBF4F7EFF93046F0F7D2FF1E9E002ECB
:10F19000CDD16D1CADB2DAF814005446D0F864122B
:10F1A000A942B9D80020189019901D98401E00E07F
:10F1B0002BE01A901C982546401E1B90606900F5B4
:10F1C0001B70F4F705F919E018AA0146E7F778F97A
:10F1D00070B12346424619460398EAF7DEFD4846D9
:10F1E0004146C14504D023460A461946EAF7D5FDF3
:10F1F0006869214600F51B70F4F7FCF80400E3D1C0
:10F20000686900F51B70F4F7C3F81FB0BDE8F08F14
:10F21000B85C01202DE9F0410746F5F797FD05465A
:10F22000002412E0B868006850F824603046F7F710
:10F2300016FB002232213046F8F7F3FC3046F7F790
:10F240000EFB3046FFF7E6FF641CAC42EAD3BDE894
:10F25000F08100002DE9FF470446E1F7FAF80600C7
:10F2600009D0F2F755F80746F2F735FA042806D028
:10F27000022804D013E0012004B0BDE8F087226B1F
:10F280002146626304280AD10846F5F70AFE0546BE
:10F29000F1F72EFA18B100212846F1F7BBFA3846EB
:10F2A000F2F719FA012804D03846F2F714FA0328C5
:10F2B00072D194F83C0040072ED4002569463846A8
:10F2C000F2F7DCF90198B1690122401A0190009827
:10F2D0007169401A009069463046F3F73FF80746D7
:10F2E0003046F3F7DAF98246002080460646DFF81A
:10F2F000B89003900DE0D9F8002003A9504690473C
:10F300000A2803D1B84501D06D1C2DB2DDF80C8060
:10F31000761CBE42EFD338E000212046F6F7EDFD23
:10F32000804600212046F6F709FE05464046F0F7E4
:10F33000E9FE226AA16900EB0508501A00EBD070C3
:10F3400001EB6005F7E93201CDE90001694620468D
:10F3500008F0BCFE17F89F2C0021C2F16402642360
:10F36000019803E00144504390FBF3F00028F9D1E9
:10F37000B0690844291A91FBF8F0002800DA00204F
:10F38000E16A814200DC481E05B2002D04DB012247
:10F3900029462046F9F784FE206B029002AA232119
:10F3A0002046F8F73EFC67E75CEA030810B5044620
:10F3B00001460648F4F7D6F8616909B12046884746
:10F3C0002046BDE81040F0F7B3BE0000685D0120A4
:10F3D0002DE9F041040024D021B30846E8F7ACFA47
:10F3E0000646014604F124000746F9F7ABFA01008E
:10F3F00015D00A69E06A104450F8045C3846F9F701
:10F400001FFB294604F13000F4F7ACF82846F0F76A
:10F410008FFEE16B30468847E168081AE060BDE87E
:10F42000F081FEE7FEE700002DE9F0410546406867
:10F4300010B9A86800282ED018480026074620E0FA
:10F44000AC4221D0606B002803DA94F85C00C0065F
:10F450001AD520682968884216D16068A0B1696809
:10F46000884211D121463846F4F77CF8616909B128
:10F47000204688472046F0F75BFED7F729F801269B
:10F480003846F3F7A5FF03E021463846F3F7B2FF0D
:10F490000400D5D13046BDE8F0810000685D012050
:10F4A00070B5D1E90245D5B1D4B1E560AC6000EBEF
:10F4B000C21505EB8305AE6B8E420FD1AC6384425F
:10F4C0000CD100EB820501216C6901FA03F39C4326
:10F4D0006C6103D1036991408B43036170BDFEE70A
:10F4E000FEE72DE9F0410C46498D06460020C1F3A8
:10F4F00005110DE026B1E26852F83020B24206D183
:10F50000FF224FF470212046F8F734F802E0401C47
:10F510008142EFD82046F5F719FC0746002507E0A1
:10F52000A068006850F825103046FFF7DAFF6D1C20
:10F53000BD42F5D3BDE8F08170B51546040004D096
:10F5400021B1E26B0846904701E0FEE70020A16888
:10F55000814201D2012070BDE268284410448842F3
:10F5600001D9022070BD002070BD10B5044690F88E
:10F57000580000F00300022801D0012802D1E06AFF
:10F58000F0F7D6FD0020E062A16DE06341F00302D8
:10F59000206422F07C012046A165BDE81040F7F709
:10F5A000D2BF7CB50546F0F76FFA04462846F0F75F
:10F5B0006DFAC1690091416A09B1012300E000239D
:10F5C000B0F81310ADF80410417D8DF806100169F4
:10F5D000019A2046FCF750FA7CBD000030B5C0F31C
:10F5E0004172012A22D11B4B20F0C0429A421DDCFD
:10F5F0005B1020F0C0404FF080551B1AAA4201DB7F
:10F60000184600E010464843642490FBF4F088421A
:10F6100008DAAA4201DB184600E01046484390FB96
:10F62000F4F000E00846002801DA002030BDAA42CC
:10F6300001DB184600E01046484390FBF4F0884296
:10F6400006DAAA4200DB1A464A4392FBF4F030BDC8
:10F65000084630BDFEFFFF1F10B50446416AD4E9DD
:10F660000B20E6F717F82063E26A616AE06BE6F7C1
:10F6700011F8E063E26A616AA06BE6F70BF8A06339
:10F68000E26A616A206CE6F705F8206410BD0000AC
:10F690002DE9F04F064691B0D6E90170814696F803
:10F6A000210007903468F0680F90D6E906500E905C
:10F6B000D6E904B008900CA8E9F7F2FA96F822000F
:10F6C00008B10020D1E00798BBF1000F04D0FD285D
:10F6D0004FF000006BD294E0FD284FF000001CD2E8
:10F6E00021E000264FF0FF0A0FE000BF05EB4600C7
:10F6F0000088ADF804000198E8F78FFE04F81600C2
:10F7000004EB4601761C81F801A0BE42EEDB0F98A7
:10F7100004440E98054408F1010080464845E0DBAA
:10F7200011B0BDE8F08F82464845F9DA002613E0B3
:10F7300005EB46000088ADF808000298E8F76DFE7A
:10F7400060F307080799404661F30F2004EB460178
:10F750000CAAE8F7F3FE761CBE42E9DB0F980444DE
:10F760000E9805440AF10100DDE7002615E000BF10
:10F7700005EB46000088ADF81C000798E8F74DFE41
:10F7800060F307081BF80610404661F30F2004EBF6
:10F7900046010CAAE8F7D2FE761CBE42E8DB0F98C1
:10F7A000089904440E988B4405440AF101008246EE
:10F7B0004845DADBB4E7002619E000BF05EB460058
:10F7C0000088ADF828000A98E8F727FE60F30708DC
:10F7D0001BF80610079811FB00F0010A404661F380
:10F7E0000F2004EB46010CAAE8F7A8FE761CBE42E7
:10F7F000E4DB0F98089904440E988B4405440AF101
:10F80000010082464845D6DB8AE700201FE000BFA2
:10F8100005EB4A000088ADF828000A98E8F7FDFDDE
:10F82000414660F30701BBF1000F22D01BF80A200C
:10F83000079812FB00F0000A60F30F2196F82220CF
:10F8400004EB4A000CABD9F7D7FA0AF10100824663
:10F85000B842DDDBBBF1000F01D008998B440F9853
:10F8600004440E9805440398401C03904845CCDBA3
:10F8700056E70798E0E700002DE9F04F064693B001
:10F88000D6E90170824696F821B03568F06811908B
:10F89000D6E906401090D6E904900A900BA8E9F743
:10F8A00013FA96F8220008B1002005E1B9F1000F23
:10F8B00005D0BBF1FD0F4FF0000077D2B5E0404618
:10F8C0006BF31F608046002032E0002628E000BF76
:10F8D00034F8161040F63A02C80A10FB02F0020A89
:10F8E000404662F31740C1F3451240F20D4312FB4C
:10F8F00003F2120A62F30F2001F01F0140F63A02F0
:10F9000011FB02F1090A61F3070005EB860B804643
:10F91000DBF800100BAAE8F709FFCBF80000761C13
:10F92000BE42D5DB119805441098044409F101004A
:10F9300081465045C9DB13B0BDE8F08F00262BE0AF
:10F9400019F80610404661F31F6034F8161040F6AF
:10F950003A03CA0A12FB03F2120A62F31740C1F318
:10F96000451340F20D4213FB02F2120A62F30F201C
:10F9700001F01F0240F63A0112FB01F1090A61F39E
:10F98000070005EB86010491804609680BAAE8F799
:10F99000CDFE0499761C0860BE42D1DB11980A990D
:10F9A00005441098894404440BF1010083465045F6
:10F9B000C4DBC0E700262EE019F8061011FB0BF09F
:10F9C000010A404661F31F6034F8161040F63A020F
:10F9D000CB0A13FB02F2120A62F31740C1F345137C
:10F9E00040F20D4213FB02F2120A62F30F2001F003
:10F9F0001F0140F63A0211FB02F1090A61F3070008
:10FA000005EB86010F91804609680BAAE8F78EFE88
:10FA10000F99761C0860BE42CEDB11980544109801
:10FA200004440A9881440598401C05905045C1DB68
:10FA300081E7002032E000BF34F8181040F63A00A9
:10FA4000CA0A12FB00F0020A009840F20D4362F36A
:10FA50001740C1F3451212FB03F2120A62F30F20A2
:10FA600001F01F0140F63A0211FB02F1090A61F3AD
:10FA70000700B9F1000F23D019F8082012FB0BF191
:10FA8000090A61F31F60009096F8222005EB8800B8
:10FA90000BAB0099D9F7E0F908F101008046B842B4
:10FAA000CADBB9F1000F01D00A99894411980544C5
:10FAB000109804440598401C05905045B9DB3AE77E
:10FAC0006BF31F60DFE700002DE9F04F054693B0B0
:10FAD000D5E9016790F821000D90D5F800B0E868ED
:10FAE0001090D5E906400F90D5E904800990686A26
:10FAF000C11700EB517121F00701A0EB010A95F845
:10FB0000220008B1002039E10D98B8F1000F04D0AF
:10FB1000FD284FF000007DD2E4E0FD284FF000000A
:10FB200021D226E00025A84615E000BF04EB4500E1
:10FB30000088ADF804000198E8F76FFC7F2808EB17
:10FB40000A01584602D904F0BFFA01E0DBF72EF8AB
:10FB500008F101086D1CB542E8DB109883440F984A
:10FB6000044409F101008146B842DBDB13B0BDE873
:10FB7000F08F8146B842F9DA0025A84626E000BF9A
:10FB800004EB45000088ADF804000198E8F745FC57
:10FB900008EB0A01099003915846E0F73AF8C0EBE8
:10FBA00000208DF8140005A90D9A0998E8F7F6FED3
:10FBB0009DF8140003997F28584602D904F084FA6E
:10FBC00001E0DAF7F3FF08F101086D1CB542D7DB5D
:10FBD0000F98109904448B4409F10100C9E700BF54
:10FBE0004FF000094D464846CDF808902CE000BF84
:10FBF00004EB40000088ADF80C000398E8F70DFC1A
:10FC000005EB0A010D900A915846E0F702F8C0EBA7
:10FC1000002000E022E08DF8300018F809200CA93F
:10FC20000D98E8F7BBFE9DF830000A997F285846EA
:10FC300002D904F049FA01E0DAF7B8FF029809F1B5
:10FC40000109401C6D1C0290B542D1DB10990F9840
:10FC50008B440444099906988844401C0690B84295
:10FC6000BEDB83E74FF000094D464846CDF80890CB
:10FC70002EE000BF04EB40000088ADF814000598AA
:10FC8000E8F7CBFB05EB0A0111900A915846DFF724
:10FC9000C0FFC0EB00208DF8300018F809100D9857
:10FCA00011FB00F0020A0CA91198E8F777FE9DF805
:10FCB00030000A997F28584602D904F005FA01E07D
:10FCC000DAF774FF029809F10109401C6D1C0290DB
:10FCD000B542CFDB1098099983440F9888440444B7
:10FCE0000698401C0690B842BCDB3FE74FF0000985
:10FCF000484635E034F8191040F63A02C80A10FBBD
:10FD000002F0020A039840F20D4362F31740C1F378
:10FD1000451212FB03F2120A62F30F2001F01F01D9
:10FD200040F63A0211FB02F1090A61F30700B8F14B
:10FD3000000F27D018F809200D9912FB01F1090ACC
:10FD400061F31F600390049895F8223000EB0A01DC
:10FD50005846039AD9F7EEF8049809F10109401CB6
:10FD60000490B145C6DBB8F1000F01D00999884471
:10FD70000F981099044406988B44401C0690B84292
:10FD8000B4DBF3E60D99DBE72DE9F04F06468FB0C3
:10FD9000D6E90170804696F821B03568F0680C907D
:10FDA000D6E906400E90D6E904900A9096F8220013
:10FDB00008B10020D9E0B9F1000F05D0BBF1FD0F6B
:10FDC0004FF0000063D287E0BBF1FD0F4FF0000061
:10FDD00019D21EE00026B1460DE000BF04EB46003C
:10FDE0000088ADF804000198E8F717FB05F8090052
:10FDF00009F10109761CBE42F0DB0C9805440E980F
:10FE000004440AF1010082464045E3DB0FB0BDE83F
:10FE1000F08F82464045F9DA0026B14610E000BF77
:10FE200004EB46000088ADF804000198E8F7F5FA05
:10FE300005EB09015A46E8F7BFFD09F10109761CF7
:10FE4000BE42EDDB0C9805440E9804440AF1010013
:10FE5000DFE70026B24610E004EB46000088ADF86C
:10FE600004000198E8F7D9FA19F8062005EB0A0111
:10FE7000E8F7A2FD0AF1010A761CBE42ECDB0C9801
:10FE80000A9905440E98894404440BF10100834605
:10FE90004045DEDBBAE70026B24613E004EB46003D
:10FEA0000088ADF804000198E8F7B7FA19F80620C1
:10FEB00012FB0BF10A0A05EB0A01E8F77DFD0AF1D6
:10FEC000010A761CBE42E9DB0C980A9905440E989B
:10FED000894404440698401C06904045DBDB95E7C6
:10FEE0004FF0000A504632E034F81A1040F63A0259
:10FEF000C80A10FB02F0020A019840F20D4362F3B7
:10FF00001740C1F3451212FB03F2120A62F30F20ED
:10FF100001F01F0140F63A0211FB02F1090A61F3F8
:10FF20000700B9F1000F24D019F80A2012FB0BF1D9
:10FF3000090A61F31F600190059896F82220284471
:10FF40000199D9F738F805980AF1010A401C059083
:10FF5000BA45C9DBB9F1000F01D00A9989440C9860
:10FF600005440E9804440698401C06904045B7DBB3
:10FF70004CE76BF31F60DEE72DE9F04F814687B059
:10FF8000D9E90170824699F821000290D9F8004021
:10FF9000D9F80C000490D9E906500390D9E904B0CF
:10FFA000059099F8220008B100201EE10298BBF1EB
:10FFB000000F04D0FD284FF0000046D265E0FD2878
:10FFC00011D37F00002609E03A4629462046F3F780
:10FFD00077FB0498761C0444039805445645F3DBEC
:10FFE00007B0BDE8F08F002080465045F8DA0026C3
:10FFF0000AE000BF34F8161035F81600029AE8F748
:020000040803EF
:100000007FFA24F81600761CBE42F3DB0498044401
:100010000398054408F10100E6E700260BE000BF65
:100020001BF8062034F8161035F81600E8F768FAC1
:1000300024F81600761CBE42F2DB049805990444AD
:1000400003988B44054408F1010080465045E4DBE9
:10005000C6E700260FE000BF1BF80610029811FB50
:1000600000F0020A34F8161035F81600E8F748FADE
:1000700024F81600761CBE42EEDB04980444039874
:1000800005440598834408F1010080465045E0DBB3
:10009000A6E7CDE90054002699E000BF99F82200B8
:1000A00001282ED0022853D003286CD0042897D1E1
:1000B000019830F816100098CB0A30F81620A3EB00
:1000C000D220002802DCD00AA0EBD1204FF6FF732B
:1000D00003EAC02CC1F34513C2F34518A3EB080093
:1000E000002801DCA8EB03000CEB401083B201F008
:1000F0001F0102F01F02881A002800DC501A184461
:1001000051E035F81600E8B3019830F81610009861
:10011000CB0A30F8162003EBD2201F2800D31F2073
:100120004FF6FF7303EAC023C1F34510C2F3451C29
:1001300060443F2800D33F2003EB401083B201F01E
:100140001F0002F01F0108441F28D8D31F20D6E744
:1001500035F81600B0B10198009930F8160031F862
:100160001610C20AA2EBD122002A00DC00224FF6B0
:10017000FF7303EAC223C0F34512C1F3451CA2EB8F
:100180000C0201E022E035E0002A00DC002200F051
:100190001F0001F01F0103EB4212401A92B2002827
:1001A00000DC0020104480B2BBF1000F46D0029961
:1001B0001BF80620FD2903D2029912FB01F10A0A5D
:1001C00034F81610E8F79CF924F81600761CBE42A5
:1001D000FFF664AF0498BBF1000F04440398054494
:1001E00001D005998B440698401C06905045FFF6B7
:1001F00050AFF5E635F81610A1F57F40FF38E5D091
:10020000019830F816200098D30A30F81610C80A62
:1002100013FB00F04009C002C2F34513C1F3451CB3
:1002200013FB0CF39B0900EB431002F01F0201F0DB
:100230001F0112FB01F100EB5110B4E734F8161066
:10024000029ABFE72DE9F04F804687B0D8E90170E8
:10025000814698F821B0D8F80040D8F80C000390F7
:10026000D8E906500290D8E904A0049098F822003A
:1002700008B1002047E1BAF1000F05D0BBF1FD0F36
:100280004FF0000057D27AE0BBF1FD0F16D34FEAD2
:10029000470800260DE0424629462046F3F710FAAB
:1002A00039462046EEF75CFB0398761C044402981E
:1002B00005444E45EFDB07B0BDE8F08F00208046D7
:1002C0004845F8DA00260FE034F81600E8F76DFD2F
:1002D00035F8163001465A461846E8F711F9E8F79E
:1002E00064FD24F81600761CBE42EDDB039804443E
:1002F0000298054408F10100E1E7002611E000BF83
:1003000034F81600E8F751FD35F8163001461AF8B2
:1003100006201846E8F7F4F8E8F747FD24F8160039
:10032000761CBE42ECDB03980499044402988A448C
:10033000054408F1010080464845DEDBBBE70026A6
:1003400013E000BF34F81600E8F72FFD1AF8062076
:10035000014612FB0BF0020A35F81600E8F7D0F858
:10036000E8F723FD24F81600761CBE42EADB03986A
:100370000499044402988A44054408F10100804627
:100380004845DCDB97E7CDE900540026ADE000BF2F
:1003900098F82200012833D002285FD0032872D0B9
:1003A000042888D134F81600E8F7FFFC24F816007A
:1003B0000198009930F8160031F816E0C20AA2EB55
:1003C000DE21002903DC4FEADE21A1EBD0214FF62C
:1003D000FF7202EAC12CC0F34513CEF345115A1A3D
:1003E000002A00DCCA1A0CEB42118AB200F01F038B
:1003F0000EF01F01581A002800DCC81A10445EE0F5
:1004000035F81600F0B334F81600E8F7CEFC24F8FF
:100410001600019830F816200098D10A30F816001E
:1004200001EBD0211F2900D31F214FF6FF7303EAF0
:10043000C123C2F34511C0F3451C61443F2900D3D9
:100440003F2102F01F0200F01F0003EB4111104496
:1004500089B21F2800D31F20084430E035F8160069
:1004600080B134F81600E8F7A0FC24F816000198D3
:1004700030F816100098CA0A30F81600A2EBD02205
:10048000002A01E030E043E000DC00224FF6FF7379
:1004900003EAC223C1F34512C0F3451CA2EB0C02D0
:1004A000002A00DC002201F01F0100F01F0003EB16
:1004B0004212081A92B20028A0DC00209EE780B207
:1004C000BAF1000F4ED01AF80620BBF1FD0F02D290
:1004D00012FB0BF10A0A34F8161000BFE8F710F807
:1004E000E8F763FC24F81600761CBE42FFF650AF16
:1004F0000398BAF1000F04440298054401D004990E
:100500008A440598401C05904845FFF63CAFD2E66A
:1005100035F81610A1F57F40FF38E5D034F8160005
:10052000E8F743FC24F81600019830F816200098EC
:10053000D10A30F81600C30A11FB03F14909C902B8
:10054000C2F34513C0F3451C13FB0CF39B0901EBED
:10055000431102F01F0200F01F0012FB00F001EB3C
:100560005010ACE734F816105A46B7E72DE9F04FB3
:1005700006468FB0D6E90170804696F821000590B6
:100580003568F0680890D6E906400E90D6E90490E8
:10059000099096F822008B4608B1002036E10598B4
:1005A000B9F1000F04D0FD284FF0000070D2E2E056
:1005B000FD2831D300222AE00020014620E000BFC0
:1005C00034F8103040F63A06DB0A13FB06F31E0A35
:1005D0006B1840F20D4C9E7034F81060C6F345164F
:1005E00016FB0CF6360A5E7014F8103040F63A0628
:1005F00003F01F0313FB06F31B0A6B545944401C02
:10060000B842DDDB0898521C05440E98044442456C
:10061000D2DB0FB0BDE8F08F002082464045F8DA0B
:100620000026B14628E000BF34F8160040F63A0133
:10063000C00A10FB01F0000A8DF80E0034F8160015
:1006400040F20D41C0F3451010FB01F0000A8DF897
:100650000D0014F8160040F63A0100F01F0010FBE0
:1006600001F0000A8DF80C0005EB090103A8059ABA
:10067000E8F736F8D944761CBE42D5DB0898054425
:100680000E9804440AF10100C7E70026B2462AE0AA
:1006900033E000BF34F81600C10A40F63A0011FBFF
:1006A00000F0000A8DF82A0034F81600C0F3451156
:1006B00040F20D4011FB00F0000A8DF8290014F8FB
:1006C000160000F01F0140F63A0011FB00F0000A8E
:1006D0008DF8280019F8062005EB0A010AA8E7F7AB
:1006E000FFFFDA44761CBE42D4DB08980999054422
:1006F0000E98894404440698401C06904045C4DB8B
:1007000087E70026B2462CE034F81600C10A40F60E
:100710003A0011FB00F0000A8DF8320034F81600A0
:1007200040F20D41C0F3451010FB01F0000A8DF8B6
:10073000310014F8160040F63A0100F01F0010FBDB
:1007400001F0000A8DF8300019F80610059811FB29
:1007500000F0020A05EB0A010CA8E7F7C1FFDA4432
:10076000761CBE42D0DB0898099905440E9889444E
:1007700004440698401C06904045C2DB49E700BF90
:100780004FF0000A504633E034F81A1040F63A02AF
:10079000C80A10FB02F0020A019840F20D4362F30E
:1007A0001740C1F3451212FB03F2120A62F30F2045
:1007B00001F01F0140F63A0211FB02F1090A61F350
:1007C0000700B9F1000F25D019F80A20059912FB8E
:1007D00001F1090A61F31F6001900B9896F822203D
:1007E00028440199D8F716FC0B980AF1010A5844DD
:1007F0000B90BA45C8DBB9F1000F01D009998944C3
:10080000089805440E9804440698401C06904045FC
:10081000B6DBFEE60599DDE72DE9F04F064691B01F
:10082000D6E90170804696F821B03568F0680690E8
:10083000D6E906401090D6E90490099096F8220077
:1008400008B10020E8E0B9F1000F05D0BBF1FD0FC1
:100850004FF0000069D28FE0BBF1FD0F4FF00000B8
:100860001BD220E00026B1460FE000BF34F816008E
:10087000010A41EA002080B2E7F7C0FDE7F7CDFDAD
:1008800005F8090009F10109761CBE42EEDB069865
:100890000544109804440AF1010082464045E1DB1A
:1008A00011B0BDE8F08F82464045F9DA0026B14626
:1008B00012E000BF34F81600010A41EA002080B2BD
:1008C000E7F79CFDE7F7A9FD05EB09015A46E8F7B4
:1008D00073F809F10109761CBE42EBDB069805446A
:1008E000109804440AF10100DDE70026B24612E048
:1008F00034F81600010A41EA002080B2E7F77EFDD5
:10090000E7F78BFD19F8062005EB0A01E8F754F824
:100910000AF1010A761CBE42EADB069809990544F1
:100920001098894404440BF1010083464045DCDB08
:10093000B6E70026B24615E034F81600010A41EA8F
:10094000002080B2E7F75AFDE7F767FD19F80620A7
:1009500012FB0BF10A0A05EB0A01E8F72DF80AF180
:10096000010A761CBE42E7DB069805441098044451
:10097000099881440B98401C0B904045D9DB8FE7C8
:100980004FF0000A504639E034F81A00010A41EAF3
:10099000002080B2E7F732FD81B2CA0A40F63A0081
:1009A00012FB00F0020A019840F20D4362F3174077
:1009B000C1F3451212FB03F2120A62F30F2001F099
:1009C0001F0240F63A0112FB01F1090A61F3070028
:1009D000B9F1000F24D019F80A2012FB0BF1090A13
:1009E00061F31F600190049896F822202844019931
:1009F000D8F7E1FA04980AF1010A401C0490BA45BC
:100A0000C2DBB9F1000F01D0099989440698054469
:100A1000109804440B98401C0B904045B0DB3FE716
:100A20006BF31F60DEE700002DE9F04F064693B040
:100A3000D6E90170824696F821B03568F0681290C8
:100A4000D6E906401190D6E9049008900DA8E8F781
:100A50003BF996F8220008B1002028E1B9F1000F17
:100A600005D0BBF1FD0F4FF000007DD2D2E0404633
:100A70006BF31F608046002039E000262FE000BFA6
:100A800034F81600010A41EA002080B2E7F798FC2A
:100A900081B2C80A40F63A0210FB02F0020A404650
:100AA00062F31740C1F3451240F20D4312FB03F20B
:100AB000120A62F30F2001F01F0140F63A0211FB07
:100AC00002F1090A61F3070005EB860B8046DBF8AB
:100AD00000100DAAE7F72AFECBF80000761CBE42F4
:100AE000CEDB129805441198044409F101008146B7
:100AF0005045C2DB13B0BDE8F08F002637E000BFE1
:100B000019F80610404661F31F60804634F816005D
:100B1000010A41EA002080B2E7F752FC81B2C80A1C
:100B200040F63A0210FB02F0020A404662F3174018
:100B3000C1F3451240F20D4312FB03F2120A62F3B5
:100B40000F2001F01F0140F63A0211FB02F1090AE1
:100B500061F3070005EB86010991804609680DAA3B
:100B6000E7F7E4FD099900E00BE00860761CBE425F
:100B7000C6DB1298089905441198894404440BF186
:100B8000010083465045B8DBB4E7002638E000BFDB
:100B900019F8061011FB0BF0010A404661F31F60C3
:100BA000804634F81600010A41EA002080B2E7F7D7
:100BB00007FC81B2C80A40F63A0210FB02F0020AB2
:100BC000404662F31740C1F3451240F20D4312FB59
:100BD00003F2120A62F30F2001F01F0140F63A02FD
:100BE00011FB02F1090A61F3070005EB86010A9186
:100BF000804609680DAAE7F799FD0A99761C0860F6
:100C0000BE42C5DB129808990544119889440444F2
:100C10000398401C03905045B7DB6BE7002038E099
:100C200034F81800010A41EA002080B2E7F7C8FB57
:100C300081B2C80A40F63A0210FB02F0020A00989C
:100C400040F20D4362F31740C1F3451212FB03F269
:100C5000120A62F30F2001F01F0240F63A0112FB64
:100C600001F1090A61F30700B9F1000F23D019F867
:100C7000082012FB0BF1090A61F31F60009096F83F
:100C8000222005EB88000DAB0099D8F7E5F808F1B4
:100C900001008046B842C3DBB9F1000F01D00899CA
:100CA000894412980544119804440398401C039009
:100CB0005045B3DB1EE76BF31F60DFE72DE9F04F14
:100CC000054693B0D5E9016790F821000890D5F862
:100CD00000B0E8680F90D5E906400E90D5E9048091
:100CE0000D90686AC11700EB517121F00701A0EB6C
:100CF000010A95F8220008B100203FE10898B8F1F8
:100D0000000F04D0FD284FF000007DD2E4E0FD2864
:100D10004FF0000021D226E00025A84615E000BFD4
:100D200034F81500E8F73CF8E7F759FBE7F775FBEF
:100D30007F2808EB0A01584602D903F0C5F901E003
:100D4000D9F734FF08F101086D1CB542E8DB0F98B4
:100D500083440E98044409F101008146B842DBDB6C
:100D600013B0BDE8F08F8146B842F9DA0025A846F5
:100D700026E000BF34F81500E8F712F8E7F72FFB7C
:100D8000E7F74BFB08EB0A01049109905846DEF7A0
:100D900040FFC0EB00208DF81C00DDE9082007A90A
:100DA000E7F7FCFD9DF81C0004997F28584602D9FE
:100DB00003F08AF901E0D9F7F9FE08F101086D1C8A
:100DC000B542D7DB0E980F9904448B4409F101001A
:100DD000C9E700BF4FF000094D464846CDF80890DE
:100DE0002CE000BF34F81000E7F7DAFFE7F7F7FA76
:100DF000E7F713FB05EB0A01CDE908105846DEF7CB
:100E000008FFC0EB002000E022E08DF8400018F859
:100E1000092010A90998E7F7C1FD9DF8400008993D
:100E20007F28584602D903F04FF901E0D9F7BEFEFA
:100E3000029809F10109401C6D1C0290B542D1DBFA
:100E40000F980D9983440E98884404440B98401CD5
:100E50000B90B842BEDB83E74FF000094D46484691
:100E6000CDF808902EE000BF34F81000E7F798FFA7
:100E7000E7F7B5FAE7F7D1FA05EB0A011190099106
:100E80005846DEF7C6FEC0EB00208DF8400018F88B
:100E90000910089811FB00F0020A10A91198E7F751
:100EA0007DFD9DF8400009997F28584602D903F03E
:100EB0000BF901E0D9F77AFE029809F10109401C0B
:100EC0006D1C0290B542CFDB0F980D9983440E98AC
:100ED000884404440B98401C0B90B842BCDB3FE7AD
:100EE0004FF0000948463BE034F81900E7F758FF97
:100EF000E7F775FA81B2C80A40F63A0210FB02F031
:100F0000020A049840F20D4362F31740C1F3451200
:100F100012FB03F2120A62F30F2001F01F0140F6E8
:100F20003A0211FB02F1090A61F30700B8F1000F60
:100F300028D018F80920089912FB01F15FEA112165
:100F400061F31F600490039895F8223000EB0A01CA
:100F50005846049AD7F7EEFF039809F10109401C9F
:100F60000390B145C0DBB8F1000F01D00D99884462
:100F70000E980F9904440B988B44401C0B90B84278
:100F8000AEDBEDE60899DBE72DE9F04F064687B0CA
:100F9000D6E90170824696F8210000903468F06826
:100FA0000290D6E906500190D6E904B0049096F874
:100FB000220008B1002058E10098BBF1000F04D0D6
:100FC000FD284FF0000052D275E0FD2816D34FEAFD
:100FD000470800260DE0424629462046F2F770FBFE
:100FE00039462046EDF7BCFC0298761C0444019873
:100FF00005445645EFDB07B0BDE8F08F0020804682
:101000005045F8DA00260DE035F81600009A010A7E
:1010100041EA002080B234F81610E7F771FA24F89C
:101020001600761CBE42EFDB02980444019805448A
:1010300008F10100E3E700260FE000BF35F81600D5
:101040001BF80620010A41EA002080B234F816108D
:10105000E7F756FA24F81600761CBE42EEDB02983B
:101060000499044401988B44054408F1010080462A
:101070005045E0DBBFE7002613E000BF35F816005F
:101080001BF80620010A41EA0020009980B212FBF9
:1010900001F10A0A34F81610E7F732FA24F81600BC
:1010A000761CBE42EADB02980499044401988B4402
:1010B000054408F1010080465045DCDB9BE7002039
:1010C0000394C3E035F81910BDF81420080A40EA6B
:1010D0000120C30A63F3CF22430963F34A1260F38A
:1010E0000402ADF8142090B296F82220012A2CD0E8
:1010F000022A4DD0032A67D0042ABBD1039931F8C4
:101100001920D10AA1EBD021002902DCC10AA1EBF0
:10111000D2214FF6FF7303EAC12CC2F34513C0F38B
:101120004511A3EB0108B8F1000F01DCA1EB0308A6
:1011300002F01F0200F01F030CEB4811D01A89B215
:10114000002800DC981A084448E0E1B3039A32F81A
:101150001910CA0A02EBD0221F2A00D31F224FF611
:10116000FF7303EAC223C1F34512C0F3451C624476
:101170003F2A00D33F2201F01F0100F01F0003EBC4
:101180004212084492B21F2800D31F20104425E0C9
:10119000C9B1039A32F81920D10AA1EBD021002954
:1011A00000DC00214FF6FF7303EAC123C2F34511AF
:1011B000C0F3451CA1EB0C01002900DC002103EB6E
:1011C000411189B201E03FE018E002F01F0200F097
:1011D0001F00101A0028B6DC0020B4E780B2BBF173
:1011E000000F2AD000991BF80920FD2903D200998D
:1011F00012FB01F10A0A34F8191021E0A1F57F422F
:10120000FF3A21D0039A32F81910CA0AC30A12FB16
:1012100003F25209D202C1F34513C0F3451C13FB7C
:101220000CF39B0902EB431201F01F0100F01F00B9
:1012300011FB00F002EB5010D0E734F81910009ABF
:10124000E7F75EF924F8190009F101008146B84278
:10125000FFF638AF0298BBF1000F04440198054433
:1012600001D004998B440698401C06905045FFF627
:1012700026AFC0E62DE9F04F814689B0D9E901706B
:10128000824699F821000090D9F80040D9F80C0066
:101290000290D9E906500190D9E904B0059099F877
:1012A000220008B1002086E10098BBF1000F04D0B5
:1012B000FD284FF000005AD283E0FD2811D37F00B3
:1012C000002609E03A4629462046F2F7F9F9029845
:1012D000761C0444019805445645F3DB09B0BDE88B
:1012E000F08F002080465045F8DA002614E000BF59
:1012F00034F81600010A41EA00201FFA80F935F897
:101300001600E7F752FD4946009AE7F7F9F8E7F7C4
:101310004CFD24F81600761CBE42E9DB029804441A
:101320000198054408F10100DCE7002615E000BF44
:1013300034F81600010A41EA00201FFA80F935F856
:101340001600E7F732FD1BF806204946E7F7D8F804
:10135000E7F72BFD24F81600761CBE42E8DB029866
:101360000599044401988B44054408F10100804626
:101370005045DADBB2E7002619E000BF34F816006A
:10138000010A41EA00201FFA80F935F81600E7F754
:101390000CFD1BF80620009912FB01F10A0A4946D0
:1013A000E7F7AEF8E7F701FD24F81600761CBE4219
:1013B000E4DB02980599044401988B44054408F144
:1013C000010080465045D6DB88E700260494E4E01F
:1013D00035F816000222010A41EA0020ADF81C008F
:1013E00007A903A8F2F76CF999F82200012833D075
:1013F00002285FD003287DD00428BBD134F8160022
:10140000E7F7D3FC24F81600049830F81630BDF83E
:101410000C00D90AA1EBD021002902DCC10AA1EB02
:10142000D3214FF6FF7202EAC128C3F34512C0F37D
:10143000451CA2EB0C01002901DCACEB020103F01E
:101440001F0200F01F0008EB4111131A89B2002B94
:1014500000DC831A581886E035F8160000286BD097
:1014600034F81600E7F7A1FC24F816000498BDF83C
:101470000C1030F81630D80A00EBD1201F2800D30A
:101480001F204FF6FF7202EAC022C3F3451CC1F3CE
:10149000451060443F2800D33F2002EB401082B249
:1014A00003F01F0001F01F0108441F2800D31F2074
:1014B000104458E035F81600F0B334F81600E7F79A
:1014C00074FC24F816000498BDF80C1030F81600CF
:1014D000C20AA2EBD122002A00DC00224FF6FF73E1
:1014E00003EAC223C0F34512C1F3451CA2EB0C0270
:1014F000002A00E00DE000DC002200F01F0001F0F7
:101500001F0103EB4212401A92B20028D0DC0020E7
:10151000CEE735F81610A1F57F40FF383CD034F8FF
:101520001600E7F742FC24F816000498BDF80C20DA
:1015300030F81610C80A00E02EE0D30A10FB03F0C2
:101540004009C002C1F34513C2F3451C13FB0CF361
:101550009B0900EB431001F01F0102F01F0211FB79
:1015600002F100EB511080B2BBF1000F0BD00099DB
:101570001BF80620FD2903D2009912FB01F10A0A8B
:1015800034F8161002E034F81610009AE6F7B8FFA7
:10159000E7F70BFC24F81600761CBE42FFF618AFE6
:1015A0000298BBF1000F04440198054401D005994D
:1015B0008B440698401C06905045FFF606AF8DE61A
:1015C0002DE9F34F064693B0D6E90170824696F8AE
:1015D00021B03468F0681190D6E906500B90D6E936
:1015E00004900A900FA8E7F75BFB96F8220008B179
:1015F0000020DFE0B9F1000F04D0BBF1FD0F78D37C
:1016000000206DE0BBF1FD0F1FD3002017E0002686
:10161000B0460CE005EB0800E6F73CFF04F81600C6
:1016200004EB4601FF2048701498761C8044BE42AB
:10163000F0DB119804440B98054409F10100814640
:101640005045E4DBBBF1FD0F20D200201BE000265B
:10165000B14610E005EB0900E6F71CFF60F3070850
:1016600040466BF30F2004EB46010FAAE6F766FF36
:101670001499761C8944BE42ECDB119804440B9803
:1016800005440798401C07905045E0DB15B0BDE8C5
:10169000F08F002006460C90069017E02844E6F7ED
:1016A000F9FE0C9960F30708404619F801100FAADB
:1016B00061F30F2004EB4601E6F740FF0C98149904
:1016C000401C0C900698761C08440690BE42E5DB50
:1016D00011980A9904440B98894405440798401CC2
:1016E00007905045D5DBB9F1000FCFD0BBF1FD0F0E
:1016F000CCD2002029E000200646039006901AE094
:101700002844E6F7C7FE60F30708039819F80010AD
:1017100011FB0BF0010A404661F30F2004EB460178
:101720000FAAE6F70BFF03981499401C0390069844
:10173000761C08440690BE42E2DB11980A990444E4
:101740000B98894405440798401C07905045D2DB0C
:101750009CE700BF4FF0000840461DE00698284473
:10176000E6F798FE414660F30701B9F1000F25D076
:1017700019F8082012FB0BF0000A60F30F2100BFDC
:1017800096F8222004EB48000FABD7F735FB1499ED
:10179000069808F1010808440690B845DEDBB9F167
:1017A000000F01D00A998944119804440B9805440C
:1017B0000798401C07905045CCDB67E76BF30F217F
:1017C000DEE700002DE9F34F804693B0D8E90167CA
:1017D00090F821B00568C0681290D8E906401190D1
:1017E000D8E9049007900DA8E7F76EFA98F8220060
:1017F00008B1002025E1B9F1000F04D0BBF1FD0FC5
:1018000077D30020A5E0BBF1FD0F3CD3149804284A
:1018100003D003286AD100202FE04FEA8609002078
:101820000AE04A4621462846F1F74AFF1298054445
:101830001198044408F101008046B842F1DB1FE032
:10184000002001464FF0FF0C0FE0631805EB80020B
:1018500093F8028082F802805B785370635C05F82D
:101860002030401C82F803C0C91CB042EDDB129846
:1018700005441198044409F101008146B842DFDBB8
:10188000BBF1FD0F32D250466BF31F608246002041
:1018900029E000BF4FF0000840461BE004EB0901BF
:1018A00050468A78497862F3174061F30F2014F8A4
:1018B00009100DAA61F3070005EB88010591824626
:1018C0000968E6F733FF059908F1010808601499E3
:1018D00009EB01008146B045E0DB12980544119800
:1018E00004440BF101008346B842D3DB15B0BDE8D8
:1018F000F08F37E04FF0000840461FE019F808105D
:10190000504661F31F600A9921448A78497862F34E
:10191000174061F30F200A990DAA615C61F307007B
:1019200005EB88010B9182460968E6F7FFFE0B99EB
:1019300008F10108086014990A9808440A90B04513
:10194000DCDB1298079905441198894404440698F1
:10195000401C0690B842CDDBB9F1000FC6D0BBF1F8
:10196000FD0FC3D2002031E04FF00008404622E0D6
:1019700019F8081011FB0BF0010A504661F31F60C3
:101980000A9921448A78497862F3174061F30F205D
:101990000A990DAA615C61F3070005EB88010B91C0
:1019A00082460968E6F7C2FE0B9908F10108086053
:1019B00014990A9808440A90B045D9DB12980799FF
:1019C00005441198894404440698401C0690B84286
:1019D000CADB8BE74FF0000A504624E00A98211832
:1019E00000988A78497862F3174061F30F200A99CA
:1019F000B9F1000F615C61F3070026D019F80A20E5
:101A000012FB0BF1090A61F31F60009098F8222085
:101A100005EB8A000DAB0099D7F71EFA14990A98C6
:101A20000AF1010A08440A90B245D7DBB9F1000F68
:101A300001D00799894412980544119804440698E6
:101A4000401C0690B842C5DB50E76BF31F60DCE733
:101A50002DE9F34F804695B0D8E9016790F821B0A1
:101A60000568C0681390D8E906400C90D8E9049046
:101A700009900FA8E7F73DF998F8220008B1002077
:101A800043E1B9F1000F04D0BBF1FD0F7ED300207C
:101A9000BCE05846BBF1FD0F3DD31698042803D097
:101AA000032877D100202FE04FEA860900200AE0C2
:101AB0004A4621462846F1F703FE139805440C9840
:101AC000044408F101008046B842F1DB1FE0002128
:101AD0000A464FF0FF0C0FE0A31805EB810093F8C6
:101AE000028080F802805B784370A35C05F82130A7
:101AF000491C80F803C0D21CB142EDDB13980544A9
:101B00000C98044409F101008146B842DFDB5846D5
:101B1000BBF1FD0F3ED20146504661F31F60824685
:101B2000002031E04FF00008404624E004EB0901BA
:101B30008A7812FB0BF0020A504662F317404A788B
:101B400012FB0BF1090A14F8092061F30F2012FBB4
:101B50000BF1090A61F3070005EB88010791824642
:101B600009680FAAE6F729FE079908F1010808603D
:101B7000169909EB01008146B045D7DB139805445F
:101B80000C9804440898401C089001E047E001E0EC
:101B9000B842C7DB17B0BDE8F08F00BF4FF00008B8
:101BA000404628E0059A19F80810224450469378D8
:101BB00061F31F6013FB01F31B0A527863F31740B4
:101BC00012FB01F2120A62F30F20059AA25C12FBCB
:101BD00001F1090A61F3070005EB88010B918246C8
:101BE00009680FAAE6F7E9FD0B9908F101080860FA
:101BF0001699059808440590B045D3DB13980999C8
:101C000005440C98894404440898401C0890B84244
:101C1000C4DBB9F1000FBDD0BBF1FD0FBAD200207B
:101C200038E000BF4FF00008404628E019F80810DF
:101C300011FB0BF0059A010A224450469378527822
:101C40004B4361F31F601B0A4A4363F31740120AB8
:101C500062F30F20059AA25C4A43110A61F3070060
:101C600005EB88010B91824609680FAAE6F7A5FDEE
:101C70000B9908F101080860169905980844059029
:101C8000B045D3DB1398099905440C988944044462
:101C90000898401C0890B842C4DB7BE74FF0000A6C
:101CA000504624E00598211800988A78497862F314
:101CB000174061F30F200599B9F1000F615C61F3E2
:101CC000070026D019F80A2012FB0BF1090A61F36C
:101CD0001F60009098F8222005EB8A000FAB009956
:101CE000D7F7FFF9169905980AF1010A08440590FB
:101CF000B245D7DBB9F1000F01D009998944139897
:101D000005440C9804440898401C0890B842C5DB70
:101D100040E76BF31F60DCE72DE9F04FD0E9015697
:101D200093B08A4690F821100F9101680091C16824
:101D30000E91D0E906410D91D0E904810B91416AE1
:101D400090F82200CA1701EB527222F00702A1EBB1
:101D5000020900282DD10F98B8F1000F04D0FD28FA
:101D60004FF000007ED2D3E0FD284FF000001DD2DE
:101D700022E00027B8460FE004EB0800E6F78AFBF4
:101D80007F28009807EB090102D902F09DF901E0D4
:101D9000D8F70CFFD0447F1CAF42EDDB00990E98C2
:101DA000084400900D9804440BF101008346B042B2
:101DB000DFDB13B0BDE8F08F8346B042F9DA0027CD
:101DC000B84620E004EB0800E6F764FB07EB0901E6
:101DD0000B9003910098DDF71CFFC0EB00208DF8FD
:101DE00028000AA90F9A0B98E6F7D8FD9DF828005D
:101DF00003997F28009802D902F066F901E0D8F72C
:101E0000D5FED0447F1CAF42DCDB0E99009808441D
:101E100000900D9804440BF10100CDE74FF0000B4A
:101E20005F465846CDF818B025E02044E6F732FB6F
:101E300007EB090110900C910098DDF7EAFEC0EB6A
:101E400000208DF83C0018F80B200FA91098E6F739
:101E5000A5FD9DF83C000C997F28009803D902F05D
:101E600033F902E013E0D8F7A1FE06980BF1010B5D
:101E700050447F1C0690AF42D7DB00990E9808446F
:101E800000900D980B99044405988844401C0590D7
:101E9000B042C3DB8DE700BF4FF0000B5F465846F2
:101EA000CDF818B028E02044E6F7F4FA07EB090172
:101EB0000C9111900098DDF7ACFEC0EB00208DF87E
:101EC000400018F80B100F9811FB00F0020A10A93F
:101ED0001198E6F763FD9DF840000C997F28009863
:101EE00002D902F0F1F801E0D8F760FE06980BF194
:101EF000010B50447F1C0690AF42D4DB0E99009832
:101F0000084400900D980B99044405988844401C9F
:101F10000590B042C0DB4CE72DE9F34F064691B087
:101F2000D6E90170814696F821B03568F0680B90CB
:101F3000D6E906400A90D6E90480089096F8220077
:101F400008B10020CEE0B8F1000F04D0BBF1FD0FC6
:101F500069D300205EE0BBF1FD0F1BD3002013E02E
:101F60000026B04608E000BF04EB0800E6F792FA4E
:101F7000A8551298761C8044BE42F5DB0B980544A8
:101F80000A9804440AF1010082464845E8DBBBF1A7
:101F9000FD0F1BD2002016E00026B0460BE000BF6C
:101FA00004EB0800E6F776FAA9195A46E6F704FDAD
:101FB0001299761C8844BE42F2DB0B9805440A98BD
:101FC00004440AF1010082464845E5DB13B0BDE850
:101FD000F08F00BF4FF0000A56465046CDF814A0CF
:101FE0000EE02044E6F756FA18F80A20A919E6F799
:101FF000E3FC129905980AF1010A0844761C059041
:10200000BE42EEDB0B98089905440A9888440444C4
:102010000698401C06904845DCDBB8F1000FD5D08F
:10202000BBF1FD0FD2D2002021E0002006468246FF
:10203000029012E004EB0A00E6F72CFA029A18F874
:10204000022012FB0BF10A0AA919E6F7B5FC029867
:102050001299401C02908A44761CBE42EADB0B981F
:10206000089905440A98884404440698401C069040
:102070004845DADBAAE700BF4FF0000A504623E0EC
:102080000598211802988A78497862F3174061F31D
:102090000F200599B8F1000F615C61F3070025D0AE
:1020A00018F80A2012FB0BF1090A61F31F60029075
:1020B00096F8222005EB0A000299D6F77CFF1299C8
:1020C00005980AF1010A08440590BA45D8DBB8F131
:1020D000000F01D0089988440B9805440A980444DD
:1020E0000698401C06904845C6DB6FE76BF31F60FF
:1020F000DDE700002DE9F04F804687B0D8E9017098
:10210000824698F821000190D8F80040D8F80C00D9
:102110000290D8E906500390D8E90490059098F809
:1021200022008B4608B1002010E10198B9F1000FA0
:1021300003D0FD2863D3002058E0FD2821D30022DE
:102140001AE00020014610E06B189E785B7806F0DC
:10215000F806360203F0FC0306EBC3036E5C594439
:1021600003EBD60324F81030401CB842ECDB029895
:10217000521C0444039805445245E2DB07B0BDE815
:10218000F08F002081465045F8DA0026B0460AE07C
:1021900034F8161005EB0800019AE6F72FFA24F838
:1021A0001600D844761CBE42F2DB02980444039821
:1021B000054409F10100E5E70026B0460CE000BF48
:1021C00019F8062034F8161005EB0800E6F716FAA1
:1021D00024F81600D844761CBE42F1DB029805991B
:1021E00004440398894405440098401C00905045DD
:1021F000E2DBB9F1000FC1D00198FD28BED200206A
:102200001CE00026B0460FE019F80610019811FBFB
:1022100000F0020A34F8161005EB0800E6F7EEF9B4
:1022200024F81600D844761CBE42EDDB02980599CE
:1022300004440398894405440098401C009050458C
:10224000DFDB9BE700260096049472E098F82200FA
:10225000012830D002287CD003287BD004288DD1DF
:102260000498009A2A4430F816009378C10AA1EB2A
:10227000D301002902DCD908A1EBD0214FF6FF736E
:1022800003EAC12392F801C0C0F34511A1EB9C02FF
:10229000002A01DCC1EB9C0203EB421100F01F039A
:1022A00000988AB2295CA3EBD100002801DCC3EBC3
:1022B000D100104424E0049800996A1830F8160000
:1022C0009178C30A03EBD1011F2900D31F214FF6D8
:1022D000FF7303EAC1235278C0F3451101EB920169
:1022E0003F2900D33F21009A00F01F0003EB41116A
:1022F000AA5C89B200EBD2001F2800D31F2008443B
:1023000080B2B9F1000F6DD0019919F80620FD29AE
:1023100003D2019912FB01F10A0A34F8161000BF2A
:10232000E6F7EEF824F816000099761C01EB0B0096
:102330000090BE428ADB0298B9F1000F0444039872
:10234000054401D0059989440698401C06905045E3
:1023500001E003E027E0FFF675AF0FE7049830F8DF
:1023600016300098D90A2A189078A1EBD0000028DE
:1023700000DC00204FF6FF7101EAC0215278C3F360
:102380004510A0EB9200002800DC002001EB40107B
:1023900081B2009803F01F02285CA2EBD000002855
:1023A000ADDC0020ABE7049830F816100098CA0A9C
:1023B00028448378DB0812FB03F252094078D202EA
:1023C000C1F34513800813FB00F0800902EB4010B5
:1023D00001F01F020099695CC90812FB01F100EBD2
:1023E00051108DE734F81610019A99E72DE9F04F56
:1023F000804687B0D8E90170824698F821000190A4
:10240000D8F80040D8F80C000290D8E906500390A4
:10241000D8E90490059098F822008B4608B1002076
:102420002BE10198B9F1000F03D0FD2874D30020EF
:1024300069E0FD284FF0000022D227E00026B046D8
:1024400016E000BF05EB08008178407801F0F80144
:10245000090200F0FC0001EBC00115F8080001EBD7
:10246000D00080B2E6F7A1FC24F81600D844761C10
:10247000BE42E7DB029804440398054409F10100D9
:1024800081465045DADB07B0BDE8F08F8146504504
:10249000F9DA0026B0460FE034F81600E6F785FCBE
:1024A000014605EB0800019AE6F7E1F8E6F77DFC46
:1024B00024F81600D844761CBE42EDDB0298044492
:1024C0000398054409F10100E0E70026B04610E05A
:1024D00034F81600E6F769FC014619F8062005EB0A
:1024E0000800E6F7C4F8E6F760FC24F81600D844C4
:1024F000761CBE42ECDB0298044403980544059820
:1025000081440098401C00905045DEDBB9F1000F7B
:10251000B9D00198FD28B6D2002022E00026B046AE
:1025200015E000BF34F81600E6F73FFC014619F845
:102530000620019812FB00F0020A05EB0800E6F7FE
:1025400096F8E6F732FC24F81600D844761CBE4212
:10255000E8DB0298044403980544059881440098F8
:10256000401C00905045D9DB8DE739462046049445
:10257000ECF7F6F90026009672E000BF98F822000A
:1025800001282FD002287FD003287CD00428EBD14B
:102590000498009AAB1830F816009A78C10AA1EB9B
:1025A000D201002902DCD108A1EBD0214FF6FF7245
:1025B00002EAC12C5B78C0F34512A2EB930100291B
:1025C00001DCC2EB930100F01F0300980CEB4111FA
:1025D00089B22A5CA3EBD200002801DCC3EBD20055
:1025E000084424E0049800996A1830F8160091789D
:1025F000C30A03EBD1011F2900D31F214FF6FF733C
:1026000003EAC1235178C0F3451C0CEB91013F292B
:1026100000D33F2100F01F02009803EB411189B263
:10262000285C02EBD0001F28DAD31F20D8E780B245
:10263000B9F1000F6CD0019919F80620FD2903D2D9
:10264000019912FB01F10A0A34F81610E5F758FF58
:10265000E6F7ABFB24F816000098761C584400906F
:10266000BE428BDB0298B9F1000F04440398054485
:1026700001D0059989440698401C06905045FFF604
:1026800074AF00E700E024E0049800996A1830F87D
:1026900016009178C30AA3EBD101002900DC0021C8
:1026A0004FF6FF7303EAC1235278C0F34511A1EB43
:1026B0009201002900DC002100F01F02009803EBCA
:1026C000411189B2285CA2EBD000002888DC0020F0
:1026D00086E7049830F816100098CA0A28448378D0
:1026E000DB0812FB03F252094078D202C1F3451312
:1026F000800813FB00F0800902EB401001F01F027C
:102700000099695CC90812FB01F100EB51108EE7DA
:1027100034F81610019A99E72DE9F74F90B08046EA
:102720004668876890F821000790D8F80050D8F8DC
:102730000C000C90D8E906400B90D8E90490099061
:102740008A4698F8220006FB0AF608B10020E9E064
:102750000798B9F1000F03D0FD287CD3002076E064
:10276000FD2834D31298504510D100200AE032469B
:1027700021462846F0F7A4FF0C9805440B98044422
:1027800008F101008046B842F1DB1DE0002219E0AB
:10279000002001460FE0635C2B5404EB010C2B1866
:1027A0009CF8018083F801809CF802C083F802C085
:1027B000129B50441944B042EDDB0C98521C054466
:1027C0000B980444BA42E3DB0798FD281DD2002091
:1027D00018E000BF4FF0000840460AE005EB080192
:1027E00004EB0900079AE5F77BFF1299D04409EB47
:1027F00001008146B045F1DB0C9805440B98044478
:102800000BF101008346B842E4DB13B0BDE8F08F62
:102810000020804608900FE0089904EB0B0019F89F
:10282000012005EB0801E5F75BFF0898D044401C48
:10283000089012990BEB01008346B045ECDB0C9835
:10284000099905440B98894404440498401C049059
:10285000B842DDDB00E005E0B9F1000FD5D0079804
:10286000FD28D2D2002022E000208046089013E00C
:102870000899079819F8011011FB00F0020A05EBFE
:10288000080104EB0B00E5F72BFF0898D044401C2F
:10289000089012990BEB01008346B045E8DB0C98D9
:1028A000099905440B98894404440498401C0490F9
:1028B000B842D9DBA9E700BF4FF0000B584623E030
:1028C0000698211808988A78497862F3174061F3CE
:1028D0000F200699B9F1000F615C61F3070025D064
:1028E00019F80B20079912FB01F1090A61F31F6027
:1028F000089098F8222005EB0B000899D6F78AFB80
:1029000012990698D34408440690B345D8DBB9F130
:10291000000F01D0099989440C9805440B98044490
:102920000498401C0490B842C6DB6EE70799DDE7C7
:102930002DE9F04F0446B0F84800AFB0C0F30E07E1
:10294000012F7DD994F83C00102879D0082877D041
:1029500017A8E8F78CFB4FF4003A17AA5146204617
:10296000F3F752FD07A8E8F782FB4FF4A02B07AA64
:1029700059462046F3F748FD002572E029462046D7
:1029800000F098FE0690606C00907A1E00212846A8
:10299000236CF0F755FE814604F12C008046F0F7D9
:1029A00030FD20E0F16849450FDC316949450CDB19
:1029B000069818B1534617A9726802E0B2685B46E0
:1029C00007A9204600F06AFF0FE017AA51462046EB
:1029D000F3F71AFD07AA59462046F3F715FD3146CD
:1029E0004046F0F70BFD0600DCD12BA8009029AB88
:1029F00029462046069A00F0E9FCDDF88CC00699CD
:102A00001398A04645B10022B8F84830C3F30E032E
:102A1000AB4203D1012302E00122F5E7002301B11B
:102A2000604653EA02010FD098F83C1008290BD0F9
:102A3000102909D0D3B1022901D0042903D100E023
:102A400011E0E06500E0206629AAE8B2CDF8009028
:102A5000CDE9010207AB17AA4046069900F074FFC2
:102A60006D1CBD428AD32FB0BDE8F08F0229EAD099
:102A70000429E8D0E3E72DE9F34FD3B0DDE9534073
:102A8000ECF7E3FF0746B4F84800C0F30E00012856
:102A900070D903A8E7F798FE4FF4003503AA29463A
:102AA00007975398F3F75AFC1EA8E8F7E0FA1EAA16
:102AB000294622975398F3F7A7FC94F83C00102876
:102AC00001D0082805D19DF8B50020F004008DF84C
:102AD000B5002EA8E8F7CBFA2EAA4FF4A021329722
:102AE0005398F3F791FC3EA8E8F7C1FA3EAA0021FB
:102AF00042975398F3F788FCB4F848000026C0F3D7
:102B00000E09B34694E03146204600F0D3FD5FEA5B
:102B1000000A01D00BF1010B606C0090A9F10102D9
:102B200000213046236CF0F78BFD804604F12C0029
:102B300007970090CDE90568F0F763FC31E0E9689C
:102B4000414518DC2969414515DBBAF1000F09D070
:102B500003A96A68539800F039FE4FF400331EA9A8
:102B60006A6803E0AA684FF4A0232EA9539800F0E6
:102B700095FE18E05FE003AA4FF400315398F3F795
:102B8000EDFB1EAA4FF400315398F3F73DFC2EAA3B
:102B90004FF4A0215398F3F737FC29460098F0F73B
:102BA0002DFC0500CBD150AD4EAB524631460095C1
:102BB000539800F00BFCA06CC0F3807010EA0A0F71
:102BC00009D0CDF80080CDE90156DDE953015B461F
:102BD00003AA00F033F8BAF1000F4EA9684612D0EC
:102BE000F5F7FAFDDDE90001CDE9250150A96846B8
:102BF000F5F7F2FDDDE90001CDE92701CDE9206817
:102C00001EA9384611E0F5F7E7FDDDE90001CDE941
:102C1000350150A96846F5F7DFFDDDE90001CDE992
:102C20003701CDE930682EA93846E8F7E8F9761C77
:102C30004E45FFF668AF55B0BDE8F08F2DE9F04F77
:102C4000B3B00446DDE93C871E4615460846ECF75E
:102C5000FCFE329014212DA8CEF78EF8A16B4FF018
:102C6000000BA1B1A06DB2B290420DDB6FF003007A
:102C700000EB8200085838B1E86195F85D0020F05B
:102C8000010185F85D1010E0C5F81CB00DE0434669
:102C900084A214212DA8F6F7F9FD2DA8E86195F876
:102CA0005D0040F0010085F85D004FF400382046DB
:102CB00046466C224146F2F7E9FF824620466D22E5
:102CC0003146F2F7E3FF8146204670223146F2F7A3
:102CD000DDFF064694F83C0002282ED004282CD0B4
:102CE00001282AD048B3102801D008287ED14FF4FB
:102CF0000037204677223946F2F7C8FF0990204670
:102D00000E223946F2F7C2FF00F10F0802A9204651
:102D1000F2F74CF802A8E3F7C1FB074602A8E3F775
:102D2000AEFB07EBD771491000EBD070B1EB600F31
:102D300002A813DAE3F7B2FB12E0396829AB01EB22
:102D40000A00009079686A4601EB09000190294663
:102D5000204600F0A4FAC6F312076CE0E3F78FFBFD
:102D600000EBD070471002984FF4003138440690C1
:102D70000398384407902046F2F75CFE3E990246DD
:102D8000206D01EB810149004843B4F8481094F8E4
:102D90003C30C1F30E01491EB0FBF1F1099800EB84
:102DA000800001EB4000616D01EB810100EB41010E
:102DB0000020082B02D0102B06D00AE06B6BBA1A49
:102DC00003EB0800101A04E0686BC31902EB08005B
:102DD0001844069B50441844079A0E9002EB0900D1
:102DE0000F90F00216D5C6F3120000E057E0471826
:102DF000300311D54FF46160874202DDA7F56167AA
:102E0000FAE7A7F2853040F2DB52904204D207F590
:102E1000E16701E0C6F3120706AACDE9002B4FF4E3
:102E2000807213460EA8F5F7DCFC29AB0EAA2946E2
:102E3000204600F034FA002F29AA22DD1021329812
:102E4000E8F790F8804629AA2946E7F78CFC29A8DC
:102E5000E3F724FB00EBD070441029A8E3F70FFB45
:102E600000EBD07046100DA8E7F78EFBCDF8508030
:102E70001997CDE91E4629AA0DA93298E7F7EEFF6A
:102E800003E029463298E7F76EFC95F85D00C1072C
:102E900005D020F00100C5F81CB085F85D0033B006
:102EA000BDE8F08F256400002DE9F04F0446AFB077
:102EB0000846ECF7CAFD0546B4F84800C0F30E001A
:102EC000012876D994F83C0004F12C0A02283CD061
:102ED00004283AD0012838D0B0B3102801D00828EF
:102EE00067D111A8E6F707FC11AA00212046159525
:102EF000F3F772F925AA28A9204600F08AF9D4E947
:102F0000140318440090D4E910020146F0F798FB2E
:102F10000646D4E9140318440090D4E91010024680
:102F2000F0F78EFBDDE92812CDE91C122599ADF8EA
:102F30007C10CDE91A6011A92846E6F7ADFB504692
:102F4000D146F0F75EFA19E1FFE713A8E8F78FF82A
:102F500013AA002120461795F3F756FA00212046C0
:102F6000F2F73EFD064600212046F2F77DFE00EB1B
:102F7000060800212046F2F7F6FD00EB06090021C5
:102F80002046F2F723FE871900212046F2F742FE81
:102F90008319002094F83C200146022A0AD0042A12
:102FA00010D0012A30D072B3022A15D0042A13D0CF
:102FB0003EE09FE01F98E16900EBD07001EB6000FC
:102FC000C01A06E01F98616900EBD07007EB600043
:102FD0000844A26902EB0801401ECDE900012390DC
:102FE000216AA1EB09002490E06D019900EBD070FB
:102FF000A1EB60000190206E249900EBD07001EBF2
:103000006000249028E009E060691F99184401EBF2
:10301000D173A26908EB6301114409E01F99226A88
:10302000606901EBD17102EB61023844A2EB090146
:10303000CDE90001E069C01BCDE92301E06D0099F5
:1030400000EBD070A1EB60000090206E239900EBA4
:10305000D07001EB60002390694604A8F5F7BCFB33
:10306000DDE90401CDE91A0123A904A8F5F7B4FBB1
:10307000DDE90401CDE91C0113A92846E7F7BFFFEC
:103080005046D346F0F7BDF932E003A8E7F7EFFF6B
:1030900003AA002120460795F3F7B6F9F06994F8E2
:1030A0003C2000EBD0704110306A00EBD070401033
:1030B000022A22D0042A20D0726ADDF80490A2EB02
:1030C0000108F16ACA460F18002303A92046326896
:1030D00000F0E4FBCDF834A0CDF82880CDE90B97C3
:1030E00003A92846E7F78BFF31465846F0F786F9E3
:1030F0000600CAD12FB0BDE8F08FB26A009F02EB84
:103100000109316BB846A1EB000ADDE702A8E6F73A
:10311000F2FA02AA002120460695F3F75DF82CAAE0
:103120002AA9204600F075F8D4E914031844009049
:10313000D4E91012F068F0F783FA0746D4E91403D3
:1031400018440090D4E910123069F0F779FA8046FB
:1031500002A92046326800F0BFFADDE92A01CDE974
:103160000D012C98ADF84000CDE90B7802A9284656
:10317000E6F792FA31464846F0F740F90600C5D125
:10318000B8E72DE9F84FD0E910980546B0F84800A7
:103190000024C0F30E0632E02146284600F08AFAE9
:1031A00082464B46721E00212046CDF80080F0F783
:1031B00047FA074605F12C008346F0F722F91BE099
:1031C000C868B84215DC0869B84212DB4869FF28B4
:1031D00004D14C61486B6AF3000048638869FF289A
:1031E00011D04869A04204D08C61486B6AF3410059
:1031F00048635846F0F702F90100E1D1641CB4427B
:10320000CAD3BDE8F88F8C614A6B6AF341024A6306
:10321000EFE72DE9F05F8946934682460021F2F7F9
:10322000D5FC054600215046F2F7F4FC804600210B
:103230005046F2F719FD044600215046F2F793FC80
:1032400006465046F2F738FF411BA1EB08075046EF
:10325000F1F72EFE001B801B8742504605DAF2F77D
:103260002BFF411BA1EB080003E0F1F721FE001B3F
:10327000801B00EBD0704010DAF8141042190A4499
:10328000C9F800200219DAF81810BBF1000F0A443F
:10329000C9F8042001D0CBF80000BDE8F09FF0B5DC
:1032A00087B00646002015460390049005904A6BAF
:1032B00002920A6B03926FF0604204928DF8140040
:1032C000CF691C4637B18A6A02AB39466846F7F7C0
:1032D0004DFD01E00090019096F83C204FF4003144
:1032E000012A1ED0EAB1022A3FD0042A3DD0102A7A
:1032F00001D0082A13D10098296800EBD070A1EB07
:103300006000206001996A6801EBD171A2EB610154
:103310006160009A1044A06001980844E06007B022
:10332000F0BD00982A6800EBD070A2EB600020602E
:1033300000982A6800EBD07002EB6000A06096F85D
:103340003C000128304608D0F2F78EFC6968081A64
:10335000E0600199401A6060E1E7F2F704FC6968F7
:103360000844606001990844D8E701986A6800EB56
:10337000D070A2EB6000606001986A6800EBD070CA
:1033800002EB6000E06096F83C000F4602283046F1
:103390000ED0F2F73FFC29680844206039463046D9
:1033A000F2F738FC2968009A11440844A060B6E797
:1033B000F2F70CFC2968009A891A081A206039462D
:1033C0003046F2F703FC2968081AEFE72DE9FF4FB2
:1033D0009FB004461F460D460AA8DDF8B0B0E7F7D7
:1033E00046FE0AAA00212046F3F70EF8002621988F
:1033F000B1464FF4A02A40B14FF400384146204670
:10340000F2F718FB8146414605E051462046F2F7A7
:1034100011FB064651462046F2F74DFC804694F8D3
:103420003C0002281FD004281DD001281BD0D0B199
:10343000102801D0082871D105A92046F1F7B6FC63
:1034400005A8E3F72BF8824605A8E3F718F80AEB7E
:10345000DA71491000EBD070B1EB600F05A872DA99
:10346000E3F71CF8D7E000212046F2F7B9FA8046CE
:1034700000212046F2F7F8FB40440290002120464C
:10348000F2F771FB4044039000212046F2F7C2FBA3
:103490004044059000212046F2F798FB40440090FC
:1034A00051462046F2F7B6FB099051462046F2F706
:1034B0008DFB079051462046F2F7D6FB0690514609
:1034C0002046F2F750FB089094F83C00022816D0F2
:1034D000042824D06369012836D0079A0099114442
:1034E00003EB01081699226A01EBD17102EB61022C
:1034F0000399A2EB010A08B304281FD032E0169901
:10350000E26901EBD17102EB61020599A369A2EBBB
:103510000108069A02991144194422E05CE01699C8
:10352000626901EBD173009901EB630102EB0108C1
:10353000069A0299A369114403EB010A219941B348
:10354000C9F1000910E064E0099A0599114403EB00
:1035500001081699A26901EBD173029901EB63018D
:1035600011448A46219901B14E460496B4F8481098
:103570000228C1F30E01A1F101090CD004280AD0E0
:103580004646A9452BD107990098E2690844161AC6
:1035900035E07642E9E708990398226A0844161A4A
:1035A000A94501D156460FE075B12046F1F780FCE0
:1035B000DDE902120A4406990A4408991144401AA6
:1035C000454395FBF9F0361AA8F10100C7E900065A
:1035D0000499411ACBE9001623B0BDE8F08F75B10C
:1035E0002046F2F769FD009A05990A4409990A44B0
:1035F00007991144401A454395FBF9F00644C7E981
:10360000006ACBF80060796804980144CBF8041094
:10361000E2E7E2F734FF00EBD07005994010014477
:103620000291069905EB850201440391216D520038
:103630005143B4F84820C2F30E02521EB1FBF2F11E
:10364000626D02EB820201EB420594F83C100829FE
:103650001699A0EB0100219927D001B14E463418EC
:10366000029A4044104438600398786000260DF1B7
:1036700008094FF4807ACDE9009653461A46294648
:103680003846F5F7AEF8029904EB08000144CBF890
:1036900000100399CBF80410CDE9009653461A4662
:1036A00029465846F5F79DF896E701B14E46841B2A
:1036B000D6E70000806C074A104206D0C0F3CE3037
:1036C000B1FBF0F200FB121008B10020704701209E
:1036D000704700000080FF3F7CB515000C46064691
:1036E00053D06A4650212846F6F787FB01283ED082
:1036F00000213046F2F700F920626A46522128463E
:10370000F6F77BFB012834D000213046F2F7E0F8D1
:103710000190BDF80400A0839DF80600A0776A46DA
:1037200053212846F6F769FB012828D000213046AE
:10373000F2F7D4F884F83A006A4651212846F6F7A1
:103740005CFB01281DD000213046F2F7CDF800BF08
:1037500084F83B006A4654212846F6F74EFB0128C0
:1037600011D000213046F2F7B6F860637CBD0098B6
:10377000C2E7BDF80000A0839DF80200CEE70098E4
:10378000D8E70098E4E70098EFE70021F2F7A0F807
:103790000090BDF8000024F81C0F9DF80200A070F6
:1037A00000213046F2F79AF8A07700213046F2F770
:1037B000A3F8606000213046F2F796F8E077002128
:1037C0003046F2F788F8A0617CBD00002DE9FC418D
:1037D00015000C4607464FF4003648D06A4658217B
:1037E0002846F6F70AFB01282ED031463846F2F774
:1037F00068FB0190BDF80400A0859DF8060000BF9D
:1038000084F82E006A4659212846F6F7F6FA012870
:1038100020D031463846F2F79DFB00BF84F85A00AD
:103820006A465B212846F6F7E8FA012814D03146AB
:103830003846F2F771FB60636A465A212846F6F76C
:10384000DCFA01280AD00BE0BDF80000A0859DF845
:103850000200D5E70098E1E70098ECE7009803E064
:1038600031463846F2F746FBA062BDE8FC8131469E
:10387000F2F727FB0090BDF80000A0859DF802003C
:1038800084F82E0031463846F2F764FB84F85A007B
:1038900031463846F2F740FB6063E1E72DE9FC4131
:1038A00015000C461E46074638D06A464821284671
:1038B000F6F7A3FA012827D031463846F2F7C6F8C2
:1038C00020636A464C212846F6F797FA01281DD056
:1038D00031463846F2F7B1F80190BDF80400A085F2
:1038E0009DF8060084F82E006A464D212846F6F71A
:1038F00084FA012810D031463846F2F7A1F800BF0B
:1039000084F83C00BDE8FC810098D9E7BDF80000D0
:10391000A0859DF80200E5E70098F1E71946F2F767
:103920008CF80090BDF8000024F82C0F9DF80200E0
:10393000A07031463846F2F783F820743146384695
:10394000F2F784F86060DDE72DE9F84F0546DDE920
:103950000A762C30994692468B46DDF830800090EE
:10396000EFF74FFD4EE0E068B84211DC2069B84245
:103970000EDBBBF1000F04D04FF4003351466268F8
:1039800003E0A2684FF4A02349462846FFF786FFCC
:103990006069B04216D194F83400C00702D0DAF85A
:1039A000300001E0D9F83000D8E90021C4E909214C
:1039B000C10706D095F83C1002290DD004290BD080
:1039C000401EE061A069B04218D194F8340080072D
:1039D00004D5DAF8300003E0401CF2E7D9F83000F3
:1039E000D8E90021C4E90B21C10706D095F83C10A5
:1039F00002290BD0042909D0401C206221460098DE
:103A0000EFF7FCFC0400AED1BDE8F88F401EF4E7F0
:103A10002DE9F04389B090460E460446F4F76CFD5C
:103A20002046F2F749FB81462046F1F741FA074666
:103A300007A92046EDF764FAB4F84C00B4F8481032
:103A400080B289B2CDE9001007AD02953A464946E9
:103A500003A8636CECF700FF039861690844401EFB
:103A600003900498A1690844401E04900598616978
:103A70000844401C05900698A1690844401C069023
:103A800003A92046F2F708FFC4E912682046F1F7BF
:103A9000DFF906460021E5F721FB2046F3F731FD6B
:103AA00001213046E5F71AFBB4F84C00B4F8481091
:103AB00080B289B2CDE9001002953A46494603A882
:103AC000636CECF7C9FE039861690844401E0390DB
:103AD0000498A1690844401E04900598616908444F
:103AE000401C05900698A1690844401C069003A953
:103AF0002046F2F7D1FE09B0BDE8F08370B5054667
:103B00000068F1F7A5F90446D0F8C80200222F2179
:103B1000F4F787F800223021D4F8D002F4F781F8C6
:103B2000D4F8D00228B194F8DC12890701D5F0F757
:103B300093FD0020C4F8D00294F8DC12002221F09A
:103B4000010184F8DC12C4F8D402622104F5327455
:103B50002868F3F7C5FD2068BDE87040F2F77FBE26
:103B600010B504460068F1F773F9D0F8C812C0F830
:103B7000D0122368C0F8C8320022BDE810402E21C0
:103B80001846F4F74EB870B5060025D0F1F760F985
:103B9000040022D0D4F8C85225B100222D21284695
:103BA000F4F73FF800222E213046F4F73AF80020CF
:103BB000C4F8C8620246C4F8D4022F213046F4F794
:103BC00030F825B1002230212846F4F72AF8304693
:103BD000BDE87040F2F743BEFEE770BD10B5006867
:103BE000F1F7BAF9BDE81040DFF75ABC2DE9FF4FF5
:103BF00085B091460C460846F1F7AEF9064610210D
:103C0000F2F7A8FA002876D03046F1F701FA834699
:103C100000253046F1F7E2FA1434CDE9014000B94D
:103C2000059C00213046F2F735F9804600213046E8
:103C3000F2F7A3F80090B169606841440A1AD9F814
:103C400004100098571A326A101AE268801AA1EB21
:103C5000000A3046F1F72CF9A0EB08010098081A89
:103C60000390002F0BDBBAF1000F13DA002F06DDF3
:103C70003D463046F1F7BAFA401B0AD40AE0BAF1E1
:103C8000000007DD07467D423046F1F773F9B84280
:103C900000D500250298A0B1012804D0022809D03F
:103CA00003280ED115E0B16901EB080061682944D1
:103CB000401A05E0316A0098091AE0682844081A99
:103CC000054400243046F1F781FA0090A0B1019834
:103CD00013E00398B16900EBD07208EB62000F1893
:103CE0002046E2F7CCFB00EBD070616805EB60008A
:103CF0000844381AE4E79FE00598002180463046E2
:103D0000F2F76AF8824600213046F2F794F8019003
:103D10007169D8F800005144D9F80020091A881AAE
:103D2000F3690199A3EB0103D8F80810A3EB010193
:103D3000A2EB01070AD4002F11DA002806DD0446A1
:103D40003046F1F78DF9001B08D408E0002F06DD9E
:103D50007C423046F1F7E0F9B84200D50024304605
:103D6000F2F7AAF9A0EB0A010198081A0099A1B18B
:103D7000012904D0022908D003290ED119E0716964
:103D800001EB0A00D8F8001004E0F1690198081A64
:103D9000D8F808102144401A044429493046E1F774
:103DA000D1FB28493046E1F7CDFB5FEACB7012D05A
:103DB00014E000EBD07271690AEB62000F18404604
:103DC000E2F76CFB00EBD070D8F8001004EB600059
:103DD0000844381AE0E7002C00DA00245FEA8B7010
:103DE00002D4002C00DD00245FEA4B7002D4002DC9
:103DF00000DA00255FEA0B7002D4002D00DD0025FB
:103E00000898D9F80010002800D020460144C9F8CD
:103E10000010D9F8041001D0284601E04FF000004E
:103E20000144C9F80410089B09B02A4621463046CF
:103E3000BDE8F04FF3F762BD09B0BDE8F08F0000B8
:103E40002F3F0308193F030890F85C10090704D5B9
:103E5000002200680E21F3F7E4BE704730B59AB136
:103E6000D0F8BC401368E518D0F8E8309D4201DA7C
:103E70001B1B1360D0F8BC401368E518D0F8F03075
:103E80009D4201DD1B1B1360002912D0D0F8B83011
:103E90000A689C18D0F8E420944201DAD21A0A6029
:103EA00050F8B82F0B68406B1344834201DD801A31
:103EB000086030BD1FB504466B46D4E91021DBF71E
:103EC000E7FF0098002801DA41420AE02046F2F7B5
:103ED000F3F80299884209DA2046F2F7EDF80299E0
:103EE000411A012300222046F3F79CFD0198002887
:103EF00001DA42420AE02046F0F7DAFF03998842ED
:103F000009DA2046F0F7D4FF0399421A0123002171
:103F10002046F3F787FD1FBD10B50346F1F76CF996
:103F20000144BDE8104000221846F3F7DEBD10B58D
:103F30000346F1F767F94218BDE810400021184622
:103F4000F3F7D3BDF8B505460C460846E7F798FDEC
:103F50004FF4803631462846F1F704FD84F82E00F0
:103F600002280CD9284631461C22F1F78FFE00901A
:103F7000BDF8000060869DF8020084F834002846F1
:103F800031463222F1F782FEC0B2002784F82F00BA
:103F9000022817D931462846F1F710FD206700287E
:103FA0000EDD284631463122F1F770FE0090BDF853
:103FB0000000A4F86C009DF8020084F86E0001E097
:103FC00084F82F70284631463E22F1F75FFEC0B2DA
:103FD00084F83100022821D9284631463C22F1F7E5
:103FE00055FEC4F88400002816DD284642223146DA
:103FF000F1F74CFEC4F8900028463D22314680344B
:10400000F1F744FE0090BDF8000024F8020B9DF883
:10401000020004F8820901E084F831703146284634
:10402000F1F759FDFD280AD294F82E1011FB00F08B
:10403000000A84F82E0084F82F0084F8310094F8E8
:104040002E0030B994F82F0018B994F831000028E8
:1040500005D031462846F1F731FEE0610120F8BD78
:104060002DE9F041174E0F460446756D01280BD01F
:10407000042C09D00A2C07D00B2C05D0082C03D017
:10408000092C01D0122C0FD101462846B26DEDF754
:10409000F5FD2846DFF774F978B9E87AC10603D54B
:1040A00020F01000E8720BE03A462146B06DF3F7BD
:1040B000B8FD2846DFF764F910B10020BDE8F081B3
:1040C0000120FBE7B85C0120CA1701EB527200EB3C
:1040D000E20022F00702891AC1F1070203780121E8
:1040E00091400B43037070474165F2F7B8BB81659F
:1040F000F2F7B5BB70B50D00044600D1E56AEEF7E6
:1041000009FE2846F5F742FE461CE06AA84209D19E
:1041100094F85C10C90605D43146F4F7D7FCE06288
:10412000B8B9FEE738B194F85C10C90603D4EBF7D0
:10413000FFFF0021E1623046EFF74AFAE06268B122
:104140002946F5F707FE94F85C0020F0100184F88A
:104150005C102046BDE87040EEF7B8BBFEE7F3F711
:1041600080BFF3F796BFF3F794BF00002DE9F84F37
:1041700004464F1091460D464FEA610AC80700D128
:104180007F1E60008346EFF723FA06464B46002069
:1041900026E000BF03EB4400009030F8021C6943A6
:1041A000601E15D4002200EB0A0C26F81010A4455E
:1041B00001DA33F81C208A1AC11B012901D519889C
:1041C00003E003EB410131F8021C401E1144E9D524
:1041D0005A4631461846EFF773FA009B08F1010082
:1041E0008046A042D6DB4FF47F51B1FBF5F21FFAB7
:1041F00082FC002004FB04F20DE000BF39F810300F
:1042000043B18B4202D129F810C003E093FBF5F3D0
:1042100029F81030401C8242F0D8002039E000BF5D
:1042200009EB40039B461A886A43002123E0002AD9
:1042300002DA4FF0000C01E04FEAA21C26F811C090
:10424000A1EB0A0CBCF1000F02DCB3F800C003E0E4
:104250000CFB040839F818C0A2EB0C0CCA19521C4C
:10426000A24200DB621E02FB040803EB440339F8A0
:104270001820491C6244A142D9DB5A46002105E0BE
:1042800036F81130138002EB4402491CA142F7DBDF
:10429000401CA042C4DB3046BDE8F84FEBF748BFF6
:1042A0002DE9F0470E468EB01F4681460146154661
:1042B0009046D4190AA8E2F731F805EBD57007EB60
:1042C000600145F30002891A891E0C91012101EB5E
:1042D00060000B904846E2F7E1F80C99081A0A9042
:1042E0004846E2F7CCF80B99002308440D903A4673
:1042F0000AA901A8EAF7E4F94546B8F1010F01D08F
:104300004FEA68052046EFF763F9814637460020FB
:1043100035E02246FF214846EFF78DFA01A80090CC
:10432000DDF804C02346524600214846E04738B134
:1043300099F80000800190FBF5F03880012018E02A
:10434000384662000021EFF776FA14E009EB00022C
:1043500019F8001012F8012C914204D107EB40012A
:1043600031F8021C02E0890191FBF5F127F81010E9
:10437000401CA042EADB07EB44070AF10100824639
:10438000A042C6DB4846EBF7D3FE01A8EAF7CAF81D
:10439000012D12D0324629462046FFF7E7FE08F0ED
:1043A00001004119012926DD4FF47F5090FBF1F205
:1043B00095B2002004FB04F217E00020644304E0FF
:1043C00036F810108A093254401C8442F8DC0EB0D2
:1043D000BDE8F08736F8103033B1FF2B0ED09B01CB
:1043E00093FBF1F326F81030401C8242F2D832469B
:1043F0002046FFF7BBFE0020644307E026F810507C
:10440000F2E700BF16F810103154401C8442F9DC6A
:10441000DDE700687047000030B599B004464FF4FE
:10442000C0216722F1F732FC050025D06846E1F78C
:10443000C7F821466846E1F786F914496846E1F76E
:104440006CF929466846E1F760F929466846E1F7C4
:104450006EF9002201216846E1F76FF90C496846C0
:10446000E1F75DF94FF0FF316846E1F75AF9684628
:10447000E1F78AF919B030BD04492046E1F762F846
:1044800014F8640F40F001002070F3E761B00008F9
:10449000855601082DE9F0410546007A2F680E4641
:1044A000FF2803D007EB8007002414E0002404E079
:1044B000F1B2F5F77FFD50B9641C17F834000028FD
:1044C000F6D10BE0F1B2385DF5F774FD10B10120C3
:1044D000BDE8F081641C287AA042F3D80020F7E7F9
:1044E0002DE9FC5F044690F82400C00703D0FE4885
:1044F000E4F7E3FA03E004211220F4F73DF800901A
:10450000BDF8000020869DF8020084F8320094F87F
:104510002400C00704D005211220F4F72DF803E091
:1045200004211220F4F708F80090BDF80000A4F868
:1045300033009DF8020084F8350094F82400C00789
:1045400003D0EA48E4F7B9FA01E0E4F764FC00902C
:10455000BDF80000E0869DF8020084F8380094F869
:104560002400C00703D0E248E4F7A7FA03E00221E1
:104570001220F4F701F80090BDF80000A4F839000B
:104580009DF8020084F83B0004F5C270804601F0FB
:104590003CFC04F5C870064601F037FC00254620B7
:1045A000CDE9000504F559705023D24AD249074697
:1045B000F5F712FF04F55E7000955023CD4ACE4901
:1045C00081460195F5F708FF39464046F5F7FBFEB1
:1045D00049463046F5F7F7FE04F14C00064601F077
:1045E00014FC94F82400C00704D002211220F3F731
:1045F000A3FF02E01220F3F7DDFF01463046F5F796
:1046000067FD47F6FF7841463046F5F774FEE06AED
:104610004FF4A077C0EBC000A0255030B84202DBB9
:1046200090FBF5F100E001213046F5F7D4FDE06A9A
:1046300000EB80005030B84202DB90FBF5F100E067
:1046400001213046F5F7C3FE66213046F5F762FDDD
:1046500049463046F5F7B7FE04F15800064601F02A
:10466000D4FBFF213046F5F755FD04F14000064626
:1046700001F0CBFBFF213046F5F74CFD3046216BB6
:10468000F5F726FDB4F83300ADF8000094F83500D6
:104690008DF8020030460099F5F776FE3046E16964
:1046A000F5F781FE94F82810E06A012910D002295C
:1046B00010D00A2242435032BA4211DB01290BD0FA
:1046C00002290BD00A214843503090FBF5F108E055
:1046D0000E22EFE70C22EDE70E21F4E70C21F2E7C2
:1046E00001213046F5F7B0FD94F82810E06A012961
:1046F00010D0022910D00A2242435032BA4211DBB4
:1047000001290BD002290BD00A214843503090FBDD
:10471000F5F108E00E22EFE70C22EDE70E21F4E7B9
:104720000C21F2E701213046F5F76CFDE06AC11774
:1047300000EB9170801001023046F5F7F3FD04F1B3
:104740006400814601F061FB94F82810E06A0129B9
:104750000CD0082242435032BA420BDB012907D069
:1047600008214843503090FBF5F104E00C22F1E7BA
:104770000C21F6E701214846F5F7BDFDFF2148462B
:10478000F5F7C8FCD4F836104846F5F7A1FCB4F8A4
:104790003900ADF8000094F83B008DF8020048465F
:1047A0000099F5F7BBFCE06A502606EB4000B842E2
:1047B00002DB90FBF5F100E001214846F5F7C9FC6A
:1047C00001214846F5F7BDFCB4F83300ADF8000010
:1047D00094F835008DF8020048460099F5F7D4FDAD
:1047E00094F82810E06A012910D0022910D0102274
:1047F00042435032BA4211DB01290BD002290BD0BF
:1048000010214843503090FBF5F108E01822EFE703
:104810001422EDE71821F4E71421F2E701214846BC
:10482000F5F7D9FC94F82810E06A012910D0022984
:1048300010D00A2242435032BA4211DB01290BD078
:1048400002290BD00A214843503090FBF5F108E0D3
:104850000E22EFE70C22EDE70E21F4E70C21F2E740
:1048600001214846F5F7F0FC94F82810E06A012988
:1048700010D0022910D00A2242435032BA4211DB32
:1048800001290BD002290BD00A214843503090FB5C
:10489000F5F108E00E22EFE70C22EDE70E21F4E738
:1048A0000C21F2E701214846F5F7ACFC1220F3F7A2
:1048B00081FE01464846F5F75CFCE06A5030B8429C
:1048C00002DB90FBF5F100E001214846F5F760FCC2
:1048D00004F59870814601F098FA48462169F5F789
:1048E0005FFCE06A0AE000001A171500302B280070
:1048F00037322F0061560108E4EA030800EB40005C
:104900005030B84202DB90FBF5F100E0012148464F
:10491000F5F75DFCE06A00EB40005030B84202DB86
:1049200090FBF5F100E001214846F5F74CFC7F21B2
:104930004846F5F744FC04F59E70814601F065FA9F
:10494000B4F81300ADF80000607D8DF80200484611
:104950000099F5F725FCE06A00EB40005030B842C2
:1049600002DB90FBF5F100E001214846F5F72FFC52
:104970007F214846F5F723FC04F17000814601F0E1
:1049800044FA94F82810E06A012910D0022910D0C6
:10499000082242435032BA4211DB01290BD00229CE
:1049A0000BD008214843503090FBF5F108E010226D
:1049B000EFE70C22EDE71021F4E70C21F2E70121EB
:1049C0004846F5F798FCFF214846F5F7A3FBB4F8F5
:1049D0003900ADF8000094F83B008DF8020048461D
:1049E0000099F5F775FB94F82400C0075FD11220F9
:1049F000F3F7E0FD01464846F5F798FC0020E4F7A0
:104A000093FB00EB40005030B84208DB0020E4F795
:104A10008BFB00EB4000503090FBF5F100E00121F2
:104A20004846F5F79EFC7F214846F5F792FC0020AA
:104A3000E4F77AFB06EB8000B84207DB0020E4F7DE
:104A400073FB06EB800090FBF5F070B10020E4F7FB
:104A50006BFB06EB8000B84209DB0020E4F764FB47
:104A600006EB800090FBF5F002E000211CE0012045
:104A7000E16A48435030B84215DB0020E4F754FBAC
:104A800006EB8000B84207DB0020E4F74DFB06EBA5
:104A9000800090FBF5F000E00120E16A48435030CF
:104AA00090FBF5F100E001214846F5F74EFCB4F823
:104AB0003300ADF8000094F835008DF80200484648
:104AC0000099F5F761FC94F82810E06A012910D0EC
:104AD000022910D0102242435032BA4211DB012980
:104AE0000BD002290BD010214843503090FBF5F138
:104AF00008E01822EFE71422EDE71821F4E714216B
:104B0000F2E701214846F5F78CFB94F82810E06A9B
:104B1000012910D0022910D00A2242435032BA4251
:104B200011DB01290BD002290BD00A214843503058
:104B300090FBF5F108E00E22EFE70C22EDE70E21E5
:104B4000F4E70C21F2E701214846F5F785FBE06A1E
:104B500000EB80005030B84202DB90FBF5F100E042
:104B600001214846F5F74EFBE06A00EB800050302B
:104B7000B84202DB90FBF5F100E001214846F5F771
:104B800063FB04F1C400814601F03FF9E3F722FF23
:104B900001464846F5F7B3FB23214846F5F7BEFB2F
:104BA00004F1D000814601F030F9FE484FF00201D7
:104BB000D0F8CC0190F82400C0074FF0120002D0CA
:104BC000F3F7BAFC01E0F3F7D7FC01464846F5F7E6
:104BD00096FB7F214846F5F7A1FB04F5B0708146AE
:104BE00001F013F901214846F5F7B7FA01214846CB
:104BF000F5F7A7FA04F58070814601F006F9E26A3C
:104C000094F828101046012910D0022910D0102342
:104C10005A435032BA4211DB01290BD002290BD082
:104C200010214843503090FBF5F108E01823EFE7DE
:104C30001423EDE71821F4E71421F2E70121484697
:104C4000F5F7C9FA94F82810E06A012910D0022972
:104C500010D0102242435032BA4211DB01290BD04E
:104C600002290BD010214843503090FBF5F108E0A9
:104C70001822EFE71422EDE71821F4E71421F2E7F8
:104C800001214846F5F7E0FAE26A94F82810104648
:104C9000012910D0022910D010235A435032BA42B1
:104CA00011DB01290BD002290BD0102148435030D1
:104CB00090FBF5F108E01823EFE71423EDE7182146
:104CC000F4E71421F2E701214846F5F79BFA04F1D5
:104CD000F400814601F099F894F82810E06A01295F
:104CE00010D0022910D00A2242435032BA4211DBBE
:104CF00001290BD002290BD00A214843503090FBE8
:104D0000F5F108E00E22EFE70C22EDE70E21F4E7C3
:104D10000C21F2E701214846F5F75DFA94F82810D6
:104D2000E06A012910D0022910D00A2242435032F1
:104D3000BA4211DB01290BD002290BD00A214843CA
:104D4000503090FBF5F108E00E22EFE70C22EDE782
:104D50000E21F4E70C21F2E701214846F5F756FA57
:104D600004F58670814601F050F8E06A00EB80009F
:104D700006EB4000B84202DB90FBF5F100E00121B8
:104D80004846F5F761FAE06A00EB800006EB400068
:104D9000B84202DB90FBF5F100E001214846F5F74F
:104DA00031FA04F58C70814601F02FF8E06A00EBCF
:104DB000800006EB8000B84202DB90FBF5F100E0DA
:104DC00001214846F5F7F3FA04F59270814601F0A7
:104DD0001CF802214846F5F7D3FA04F1DC008146BD
:104DE00001F013F800214846F5F7F5F9002148468F
:104DF000F5F72AFA00214846F5F704FA04F1E8002D
:104E0000814601F002F894F82810E06A012910D0D8
:104E1000022910D0022242435032BA4211DB01294A
:104E20000BD002290BD002214843503090FBF5F102
:104E300008E00822EFE70622EDE70821F4E7062163
:104E4000F2E701214846F5F7C6F994F82810E06A20
:104E5000012910D0022910D0022242435032BA4216
:104E600011DB01290BD002290BD00221484350301D
:104E700090FBF5F108E00822EFE70622EDE70821B4
:104E8000F4E70621F2E701214846F5F7DDF994F849
:104E90002810E06A012910D0022910D002224243D2
:104EA0005032BA4211DB01290BD002290BD002216A
:104EB0004843503090FBF5F108E00822EFE7062266
:104EC000EDE70821F4E70621F2E701214846F5F76E
:104ED00099F904F17C00814600F097FF484621696A
:104EE000F5F7F6F8E3F797FF01464846F5F74CFA71
:104EF000FF214846F5F70EF904F18800814600F0DD
:104F000084FF48462169F5F7E3F848462169F5F73B
:104F10003BFA33214846F5F7FDF804F19400814649
:104F200000F073FFB4F81300ADF80000607D8DF859
:104F3000020048460099F5F7CBF8E3F76CFF01460D
:104F40004846F5F721FAFF214846F5F7E3F804F162
:104F5000A000814600F059FFB4F81300ADF800003E
:104F6000607D8DF8020048460099F5F7B1F8B4F875
:104F70001300ADF80000607D8DF8020048460099EE
:104F8000F5F702FA33214846F5F7C4F804F1AC000E
:104F9000814600F03AFFB4F83900ADF8000094F80B
:104FA0003B0001E0B85C01208DF802004846333434
:104FB0000099F5F78DF8FF214846F5F7ABF834F87E
:104FC000020BADF8000014F835098DF802004846D0
:104FD0000099F5F7D9F904F1B800814600F015FF02
:104FE000D4F836104846F5F773F8FF214846F5F730
:104FF00091F8B4F83300ADF8000094F835008DF85E
:10500000020048460099F5F7BFF904F5A4708146FF
:1050100000F0FBFE41464846F5F76DF904F5AA702D
:10502000814600F0F2FE00214846F5F764F904F5E8
:10503000B670814600F0E9FEE06AC11700EB91709E
:10504000801001024846F5F76DF904F5BC70814601
:1050500000F0DBFEE06A00EB40005030B84202DBBB
:1050600090FBF5F100E001214846F5F7A8F9E06A68
:1050700000EB40005030B84202DB90FBF5F100E05D
:1050800001214846F5F797F904F5DA70814600F0FA
:10509000BCFE48462169F5F71BF8FF214846F5F7A5
:1050A00039F8E06A00EB400006EB4000B84202DB52
:1050B00090FBF5F100E001214846F5F78CF84146F8
:1050C0004846F5F718F904F5CE70814600F09DFECC
:1050D000C8214846F4F7E1FF04F5D470814600F09A
:1050E00094FE78214846F4F7D8FF04F5E070814635
:1050F00000F08BFEB4F83900ADF8000094F83B00E6
:105100008DF8020048460099F4F7CBFFE06AC0EB47
:1051100000105030B84202DB90FBF5F100E00121B5
:105120004846F4F7D1FF01214846F4F7C9FF04F5DA
:10513000E670814600F069FE48462169F4F7B1FF48
:1051400004F5FE70814600F060FE4FF4827148461F
:10515000F5F722F804F50270814600F056FEE06A89
:1051600000EB40005030B84202DB90FBF5F100E06C
:1051700001214846F5F72FF8E06A06EB4000B842F7
:1051800002DB90FBF5F100E001214846F4F7E1FF76
:1051900048462169F4F7C2FFD4F836104846F4F7C0
:1051A00097FFFF214846F4F7B5FF94F82820E06AFE
:1051B000012A0CD0082141435031B9420BDB012AAE
:1051C00007D008214843503090FBF5F004E00C2153
:1051D000F1E70C21F6E7012000EBD07041104846C2
:1051E000F5F789F84846A169F5F7DDF8E3F713FE0E
:1051F00001464846F5F7C8F804F50570814600F009
:1052000004FEFBA14846F4F781FF04F508708146CF
:1052100000F0FBFDE06A06EB8000B84202DB90FB89
:10522000F5F000E0012041424846F4F7D4FFE3F7EF
:10523000F2FD01464846F4F74BFF04F50B7081463A
:1052400000F0E3FD01214846F4F7A2FFB4F8330073
:10525000ADF8000094F835008DF80200484600993A
:10526000F4F787FF04F5F870814600F0CEFD0021C9
:105270004846F4F766FFE06A00EB800006EB40006A
:10528000B84202DB90FBF5F100E001214846F4F75B
:10529000B9FFB4F83900ADF8000094F83B008DF880
:1052A000020048460099F4F764FF04F5EC7082466A
:1052B00000F0ABFDE06A00EB40005030B84202DB8A
:1052C00090FBF5F100E001215046F4F761FFE06A40
:1052D00000EB40005030B84202DB90FBF5F100E0FB
:1052E00001215046F5F707F8E06A06EBC000B84226
:1052F00002DB90FBF5F000E00120024681461146FA
:105300005046F5F732F8E06A06EB4000B84202DB9F
:1053100090FBF5F100E001215046F4F773FF04F52E
:10532000F270824600F071FDC34641465046F4F7E4
:10533000E2FF4A4611465046F5F717F850462169F4
:10534000F4F7C6FEFF215046F4F7E4FE04F52070A2
:10535000804600F05AFD00214046F4F73CFF002152
:105360004046F4F753FF00214046F4F7C4FF012103
:105370004046F4F7F2FE00214046F4F7E6FE04F55D
:105380003570804600F041FD94F82820E06A012A3B
:105390000CD0082141435031B9420BDB012A07D020
:1053A00008214843503090FBF5F104E00C21F1E76F
:1053B0000C21F6E701214046F4F79DFF012140460C
:1053C000F4F7CBFEFF214046F4F7A4FED4F83610E4
:1053D0004046F4F77DFEB4F83300ADF8000094F8D1
:1053E00035008DF8020040460099F4F7CDFF04F532
:1053F0002370804600F009FD94F82810E06A012926
:1054000010D0022910D00A2242435032BA4211DB96
:1054100001290BD002290BD00A214843503090FBC0
:10542000F5F108E00E22EFE70C22EDE70E21F4E79C
:105430000C21F2E701214046F4F7F3FE94F828101E
:10544000E06A012910D0022910D00A2242435032CA
:10545000BA4211DB01290BD002290BD00A214843A3
:10546000503090FBF5F108E00E22EFE70C22EDE75B
:105470000E21F4E70C21F2E701214046F4F7ECFE9F
:1054800094F82810E06A012910D0022910D00A22CD
:1054900042435032BA4211DB01290BD002290BD012
:1054A0000A214843503090FBF5F108E00E22EFE767
:1054B0000C22EDE70E21F4E70C21F2E70121404632
:1054C000F4F7A4FEE06A5030B84202DB90FBF5F13D
:1054D00000E001214046F4F73CFE19214046F4F774
:1054E0002CFEB4F83300ADF8000094F835008DF8C8
:1054F000020040460099F4F711FE00214046F4F7FF
:1055000024FE04F52670804600F07FFC0021404612
:10551000F4F761FE00214046F4F778FEE06A50306F
:10552000B84202DB90FBF5F100E001214046F4F7C0
:1055300010FE19214046F4F700FEB4F83300ADF830
:10554000000094F835008DF8020040460099F4F709
:10555000E5FD08214046F4F7F8FD04F52970804682
:1055600000F053FC00214046F4F735FE0021404690
:10557000F4F74CFE04F52F70804600F046FC94F8DA
:105580002810E06A012910D0022910D00A224243D3
:105590005032BA4211DB01290BD002290BD00A216B
:1055A0004843503090FBF5F108E00E22EFE70C2263
:1055B000EDE70E21F4E70C21F2E701214046F4F774
:1055C00030FE94F82810E06A012913D0022913D084
:1055D000022242435032BA4214DB01290ED0022982
:1055E0000ED002214843503090FBF5F10BE0000053
:1055F000EF808C000822ECE70622EAE70821F1E7B9
:105600000621EFE701214046F4F726FE94F8281022
:10561000E06A012910D0022910D00A2242435032F8
:10562000BA4211DB01290BD002290BD00A214843D1
:10563000503090FBF5F108E00E22EFE70C22EDE789
:105640000E21F4E70C21F2E701214046F4F7DEFDDC
:1056500004F53270804600F0D8FB94F82810E06A18
:10566000012910D0022910D0022242435032BA42FE
:1056700011DB01290BD002290BD002214843503005
:1056800090FBF5F108E00822EFE70622EDE708219C
:10569000F4E70621F2E701214046F4F7C2FD94F851
:1056A0002810E06A012910D0022910D002224243BA
:1056B0005032BA4211DB01290BD002290BD0022152
:1056C0004843503090FBF5F108E00822EFE706224E
:1056D000EDE70821F4E70621F2E701214046F4F75F
:1056E000BBFD00214046F4F734FE00214046F4F7AC
:1056F00011FDB4F83300ADF8000094F835008DF8D2
:10570000020040460099F4F73FFE04F52C708046F5
:1057100000F07BFB00214046F4F783FD002140466A
:10572000F4F774FD04F53870804600F06EFB332109
:105730004046F4F7EFFC1220F2F73CFF01464046EA
:10574000F4F7C6FC04F53B70804600F05EFB0021D8
:105750004046F4F7DFFC94F82810E06A012910D0E5
:10576000022910D0022242435032BA4211DB0129F1
:105770000BD002290BD002214843503090FBF5F1A9
:1057800008E00822EFE70622EDE70821F4E706210A
:10579000F2E701214046F4F75FFD04F50E70804604
:1057A00000F033FBE06A5030B84202DB90FBF5F1C9
:1057B00000E001214046F4F7CCFCB4F83900ADF824
:1057C000000094F83B008DF8020040460099F4F781
:1057D000A5FC03214046F4F7B8FC04F5117080469F
:1057E00000F013FBB4F83300ADF8000094F8350076
:1057F0008DF8020040460099F4F790FCE06A06EB51
:105800004000B84202DB90FBF5F100E00121404688
:10581000F4F79FFCE06A5030B84202DB90FBF5F0F1
:1058200000E0012041424046F4F706FD04214046D5
:10583000F4F78BFC4FF4C8714046F4F72EFC04F5E6
:105840001470804600F0E1FA94F82400C00704D0F8
:1058500002211220F2F770FE03E001211220F2F77C
:105860008BFE01464046F4F78FFD04F51770804625
:1058700000F0CBFA94F82810E06A012910D0022930
:1058800010D00A2242435032BA4211DB01290BD018
:1058900002290BD00A214843503090FBF5F108E073
:1058A0000E22EFE70C22EDE70E21F4E70C21F2E7E0
:1058B00001214046F4F78FFC94F82810E06A012992
:1058C00010D0022910D00A2242435032BA4211DBD2
:1058D00001290BD002290BD00A214843503090FBFC
:1058E000F5F008E00E22EFE70C22EDE70E21F4E7D9
:1058F0000C21F2E7012000EBD07041104046F4F794
:1059000085FC04F51A70804600F07FFAE06A50309A
:10591000B84202DB90FBF5F100E001214046F4F7CC
:1059200018FCB4F83900ADF8000094F83B008DF88D
:10593000020040460099F4F7F1FBD4F836104046D7
:10594000F4F7C6FB33214046F4F7E4FB04F51D7081
:10595000804600F05AFA94F82810E06A012910D025
:10596000022910D00A2242435032BA4211DB0129E7
:105970000BD002290BD00A214843503090FBF5F19F
:1059800008E00E22EFE70C22EDE70E21F4E70C21F0
:10599000F2E701214046F4F744FC94F82810E06A4D
:1059A000012910D0022910D00A2242435032BA42B3
:1059B00011DB01290BD002290BD00A2148435030BA
:1059C00090FBF5F108E00E22EFE70C22EDE70E2147
:1059D000F4E70C21F2E701214046F4F739FC94F892
:1059E0002810E06A012910D0022910D00222424377
:1059F0005032BA4211DB01290BD002290BD002210F
:105A00004843503090FBF5F108E00822EFE706220A
:105A1000EDE70821F4E70621F2E701214046F4F71B
:105A2000EDFBE06A94F828200146012A10D0022AF2
:105A300010D00A2358435030B84211DB012A0BD052
:105A4000022A0BD00A204143503191FBF5F108E0C6
:105A50000E23EFE70C23EDE70E20F4E70C20F2E72E
:105A600001214046F4F7D2FB04F53E70804600F079
:105A7000CCF91220F2F79EFD01464046F4F728FBD0
:105A80007F214046F4F746FB04F54170804600F064
:105A9000BCF900214046F4F764FC94F82820032A5E
:105AA00010D0E16A012A08461BD00823594350311F
:105AB000B9421ADB012A16D008214843503090FB26
:105AC000F5F113E0E06AC1005031B94204DBC000D7
:105AD000503090FBF5F000E0012000EBD070411059
:105AE00004E00C23E2E70C21E7E701214046F4F74C
:105AF00002FC04F55070804600F087F940462169A9
:105B0000F4F70CFBE06A06EB4000B84202DB90FBC6
:105B1000F5F000E0012041004046F4F71AFB0121B6
:105B20004046F4F712FBE06A06EB4000B84202DBA5
:105B300090FBF5F000E0012041004046F4F788FBBF
:105B400004F54D70804600F060F9E06A06EB400015
:105B5000B84202DB90FBF5F000E0012041424046F4
:105B6000F4F731FB04F54470804600F04EF994F8E8
:105B70002810E06A012910D0022910D010224243D7
:105B80005032BA4211DB01290BD002290BD010216F
:105B90004843503090FBF5F108E01822EFE714225B
:105BA000EDE71821F4E71421F2E701214046F4F76C
:105BB00038FB00214046F4F74FFB00214046F4F744
:105BC00025FB01214046F4F7C8FA04F547708046EA
:105BD00000F01BF9E06A5030B84202DB90FBF5F1AF
:105BE00000E001214046F4F7B4FAB4F83900ADF80A
:105BF000000094F83B008DF8020040460099F4F74D
:105C00008DFA01214046F4F7A0FA94F82810E06AD2
:105C1000012910D0022910D00A2242435032BA4240
:105C200011DB01290BD002290BD00A214843503047
:105C300090FBF5F108E00E22EFE70C22EDE70E21D4
:105C4000F4E70C21F2E701214046F4F7C4FA94F896
:105C50002810E06A012910D0022910D00A224243FC
:105C60005032BA4211DB01290BD002290BD00A2194
:105C70004843503090FBF5F108E00E22EFE70C228C
:105C8000EDE70E21F4E70C21F2E701214046F4F79D
:105C9000B9FA04F54A70804600F0B7F894F8281075
:105CA000E06A012910D0022910D01022424350325C
:105CB000BA4211DB01290BD002290BD01021484335
:105CC000503090FBF5F108E01822EFE71422EDE7E1
:105CD0001821F4E71421F2E701214046F4F76FFBA5
:105CE00004F55370804600F090F8FF214046F4F729
:105CF00011FAE3F790F801464046F4F7E9F912206B
:105D0000F2F758FC01464046F4F7F1F9594640468F
:105D1000F4F7F1FAE06AC0EB00105030B84202DB51
:105D200090FBF5F100E001214046F4F71AFBE3F7A0
:105D300072F801464046F4F7F9FAE06A00EB800099
:105D40005030B84202DB90FBF5F100E00121404603
:105D5000F4F703FB04F55670804600F056F8B4F8EB
:105D60003300ADF8000094F835008DF8020040468D
:105D70000099F4F7FEF90020E3F7D6F906EB4000AE
:105D8000B84207DB0020E3F7CFF906EB400090FBB9
:105D9000F5F100E001214046F4F7FAF934F8330F49
:105DA000ADF80000A0788DF8020040460099F4F7A5
:105DB00078F90020E3F7B8F906EB4000B84207DBBA
:105DC0000020E3F7B1F906EB400090FBF5F100E0AD
:105DD00001214046F4F778F90020E3F7A5F900EB3C
:105DE000400006EB4000B84209DB0020E3F79CF9D5
:105DF00000EB400006EB400090FBF5F100E00121D4
:105E00004046BDE8FC5FF4F7B0B910B50146F5F7C0
:105E1000C5FE0028084603D0BDE81040F4F72EB9AF
:105E2000BDE81040F4F738B82DE9F04105460020F0
:105E3000EBF718FC234C244F0646257005B30121CF
:105E4000E068EDF77CFF01212069F1F709FC384695
:105E5000E2F733FE01460022E069F2F75BF8052025
:105E6000F2F7A8FB01460022206AF2F753F8304609
:105E7000616CEBF709FFE06BBDE8F041EAF7D2BBDC
:105E8000E06BE9F71FFA0121E068F1F7E9FB012176
:105E90002069EDF754FF0920F2F78CFB0146002240
:105EA000E069F2F737F83846E2F707FE01460022CC
:105EB000206AF2F72FF83046216CEBF7E5FE606AB6
:105EC000DAE7000070000020C8C8C80010B54FF025
:105ED0008040406A0349044AA0FB01010023CAF73D
:105EE0001DFB10BD00CA9A3B00BD01052DE9F05F06
:105EF000FE480E46D0F8CC410846EFF72DF80700D3
:105F00004FF4803B7ED0FA493046EEF79DFA0028E8
:105F100061D0F8493846EEF797FA28B101213846A2
:105F2000EEF7D1FEB0426ED0F2493846EEF78CFA69
:105F300078B100213846EEF7C6FEB04209D1002202
:105F400004F1B8013046EDF76FFF042204F59871B3
:105F500074E03846EFF700F8E649EEF775FA60B1FD
:105F6000002204F580713046EDF75EFF002204F553
:105F7000B6713046EDF758FFD3E3DF493846EEF708
:105F800063FA48B100213846EEF79DFEB04203D1D6
:105F9000002204F1AC01F3E3D7493846EEF754FA96
:105FA00078B101213846EEF78EFEB04209D10022C9
:105FB00004F140013046EDF737FF002204F580710F
:105FC000D7E7CE493846EEF73FFA00281BD100222A
:105FD00004F16401CDE7CA493046EEF735FA0028EE
:105FE0007FD03846EEF7B8FF05002ED00021EEF73F
:105FF0006AFEB84229D1BF492846EEF725FA20B3F8
:10600000202201E0FEE3DFE004F1C4013046EDF7B9
:106010000BFF012204F188013046EDF705FF012254
:1060200004F550713046EDF7FFFE042204F5987137
:106030003046EDF7F9FE082204F59E713046EDF783
:10604000F3FE042204F54D7167E2002204F17001B1
:106050003046EDF7E9FE002204F17C013046EDF711
:10606000E3FE002204F5C2713046EDF7DDFE20228A
:1060700004F1C4013046EDF7D7FE202204F5C871C3
:106080003046EDF7D1FE042204F598713046EDF765
:10609000CBFE202204F5BC713046EDF7C5FE01228F
:1060A00004F194013046EDF7BFFE802204F1D001E7
:1060B0003046EDF7B9FE93493846EEF7C5F928B9F1
:1060C00091493846EEF7C0F900287DD0002204F54A
:1060D00032713046EDF7A8FE202204F53871B3E79F
:1060E000FFE78A493046EEF7AFF918B1002204F510
:1060F0000B7112E286493046EEF7A6F94FF4A0285C
:10610000F0B37E493846EEF79FF94FF0000218B31E
:1061100004F517713046EDF787FE04F598710422F7
:106120000F463046EDF780FE04F59E7108220D46BD
:106130003046EDF779FE424604F51A713046EDF728
:1061400073FE744A04F1C4013046EDF76DFE714AE6
:1061500004F1D00160322BE004F164013046EDF728
:1061600063FE04F5987104220F463046EDF75CFE9D
:1061700004F59E7108220D463046EDF755FE00E00D
:1061800025E0424604F170013046EDF74DFE614ACC
:1061900004F1D00160323046EDF746FE5D4A04F16D
:1061A000C4013046EDF740FE5A4A04F17C011F3A23
:1061B0003046EDF739FE574A39461C3A3046EDF77E
:1061C00033FE544A183A00E0EFE32946A5E152496C
:1061D0003046EEF739F94FF4003500B3002204F1F0
:1061E00088013046EDF720FE04F5A47100220F4629
:1061F0003046EDF719FE042204F598713046EDF7AC
:1062000013FE082204F59E713046EDF70DFE2A4676
:1062100004F17C013046EDF707FE2A467CE13F4958
:106220003046EEF711F94FF4403AD8B3002204F1AA
:1062300088013046EDF7F8FD04F5A47100220F4601
:106240003046EDF7F1FD042204F598713046EDF784
:10625000EBFD082204F59E713046EDF7E5FD2A4678
:1062600004F17C013046EDF7DFFD2A463946304621
:10627000EDF7DAFD5546524604F5DA713046EDF792
:10628000D3FD274F04F5BC713A463046EDF7CCFDFF
:106290002A4604F5C2713046EDF7C6FD3A4604F5CC
:1062A000C8713AE1FFE71F493046EEF7CDF8E0B19B
:1062B000002204F164013046EDF7B6FD002204F13E
:1062C000DC013046EDF7B0FD002204F5AA7130463E
:1062D000EDF7AAFD042204F598713046EDF7A4FD10
:1062E000082204F59E7130461EE050E0B85C0120A3
:1062F000F0AF030880EB0308F0EA03082CF403086E
:10630000D8F40308E0EE0308BCEE030870EF0308BE
:10631000B4F4030820000500FCF4030834EC03087F
:1063200020000300A4EB0308EDF77EFD5A4604F1BC
:106330004C013046EDF778FDFA4A04F15801304639
:10634000EDF772FD4546424604F1B8013046EDF7DF
:106350006BFD2A4604F50E713046EDF765FD2A46C1
:1063600004F580713046EDF75FFDEF4A04F1C4019A
:106370003046EDF759FDEC4A04F17C011C3A3046F9
:10638000EDF752FDE84A04F19401183AC5E0E749F7
:106390003046EEF759F8DFF89893E8B3002204F599
:1063A00086713046EDF740FD042204F598713046C1
:1063B000EDF73AFDDE4A04F1D0017F323046EDF7C9
:1063C00033FD2A4604F502713046EDF72DFD4F46A8
:1063D0004A4604F17C013046EDF726FD3A4604F5C5
:1063E00005713046EDF720FDD14F04F1C4011F3790
:1063F0003A463046EDF718FD3A4604F5BC71304692
:10640000EDF712FD3A4604F5C8713046EDF70CFD84
:106410002A4604F5C271FBE3FFE7C6493046EEF7B2
:1064200013F8E8B3002204F1AC013046EDF7FCFCB0
:1064300004F5A47100220F463046EDF7F5FC00226A
:1064400004F5D4713046EDF7EFFC802204F1D00161
:106450003046EDF7E9FC042204F598713046EDF77B
:10646000E3FC4A4604F17C013046EDF7DDFC2A46A8
:1064700039463046EDF7D8FC5746524604F5DA71F6
:106480003046EDF7D1FC3A4604F1B8013046EDF75D
:10649000CBFC3A4604F508713046EDF7C5FC00E048
:1064A00008E004F5C8714A460C463046EDF7BCFCDE
:1064B0002A46ACE3A0493046EDF7C6FF70B3002290
:1064C00004F164013046EDF7AFFC002204F1F40161
:1064D0003046EDF7A9FC002204F5F8713046EDF7DF
:1064E000A3FC5A4604F14C013046EDF79DFC8D4A61
:1064F00004F158013046EDF797FC04F5EC71424683
:106500000F463046EDF790FC2A4604F5F27130460E
:10651000EDF78AFC4FF4C022394679E387493046CB
:10652000EDF792FF4FF4802920B3002204F16401BB
:106530003046EDF779FC002204F5CE713046EDF7D8
:1065400073FC002204F58C713046EDF76DFC0022DF
:1065500004F592713046EDF767FC042204F598715A
:106560003046EDF761FC082204F59E713046EDF7E8
:106570005BFC70E172493046EDF766FF68B30022BC
:1065800004F164013046EDF74FFC002204F1F40100
:106590003046EDF749FC002204F5C2713046EDF7B4
:1065A00043FC04F5C87120220F463046EDF73CFC51
:1065B000202204F1C4013046EDF736FC042204F534
:1065C00098713046EDF730FC082204F59E71304694
:1065D000EDF72AFC2A46394667E25A493046EDF77C
:1065E00033FF90B3002204F164013046EDF71CFC48
:1065F000002204F5B0713046EDF716FC002204F5D8
:106600008C713046EDF710FC002204F5FE71304627
:10661000EDF70AFC5A4604F14C013046EDF704FC54
:10662000404A04F158013046EDF7FEFB4A4604F1BA
:10663000B8013046EDF7F8FB434A04F17C013046DF
:10664000EDF7F2FB404A1F324AE1FFE73F4930468F
:10665000EDF7FAFEA8B104F5E07100220F463046CE
:10666000EDF7E2FB2A4639463046EDF7DDFB2A46D8
:1066700004F5E6713046EDF7D7FB524604F5DA71C2
:10668000C6E233493046EDF7DFFE78B104F5E0713C
:1066900000220F463046EDF7C7FB2A463946304602
:1066A000EDF7C2FB2A4604F5E671B1E2294930460E
:1066B000EDF7CAFEA0B3002204F164013046EDF705
:1066C000B3FB002204F1F4013046EDF7ADFB80226C
:1066D00004F1D0013046EDF7A7FB042204F59871D0
:1066E0003046EDF7A1FB082204F59E713046EDF728
:1066F0009BFB5A4604F14C013046EDF795FB094AE5
:1067000004F158013046EDF78FFB134A04F511717F
:106710003046EDF789FB4FF4002204F5147177E25F
:106720001CE0F7E14000010020000500E4F303084D
:1067300001000200C8EB030808F403087CEC03081E
:106740009CF30308C0F303080100040020F50308CC
:10675000ECEB03085CEB030802000600FA49304644
:10676000EDF772FE18B1002204F16401E4E1F7498B
:106770003046EDF769FE20B1002204F51D7147E2B5
:106780005EE1F3493046EDF75FFE0028F4D1F149B0
:106790003046EDF759FEB0B3002204F14001304617
:1067A000EDF742FB94F82800012847D004F1E801F6
:1067B00000223046EDF738FB042204F5987130468C
:1067C000EDF732FB082204F59E713046EDF72CFB05
:1067D0004546424604F170013046EDF725FBDE4A9E
:1067E00004F1D0013046EDF71FFB2A4604F1B80151
:1067F0003046EDF719FB2A4604F541713046EDF7B6
:1068000013FB01E07DE11CE0D34A04F1C401603ACE
:106810003046EDF709FBD04A04F1AC017F3A30462F
:10682000EDF702FBCC4A04F188017C3A3046EDF7E3
:10683000FBFAC94A04F1A001783AE9E104F1F40154
:10684000B6E7C6493046EDF7FFFD30B1C4493846DA
:10685000EDF7FAFD08B14A4684E0C2493046EDF74B
:10686000F3FD50B1002204F164013046EDF7DCFA8B
:10687000002204F54471FFF77CBBBB493046EDF7BD
:10688000E3FD48B1002204F1AC013046EDF7CCFA4B
:10689000002204F54A71BBE1B4493046EDF7D4FD5E
:1068A00008B3002204F1B8013046EDF7BDFA00222A
:1068B00004F547713046EDF7B7FA042204F17C0184
:1068C0003046EDF7B1FA04F54A7104220D46304620
:1068D000EDF7AAFA202229463046EDF7A5FA202244
:1068E00004F1C40194E1A2493046EDF7ADFD48B191
:1068F000002204F164013046EDF796FA002204F517
:10690000207185E19B493046EDF79EFD18B10022CC
:1069100004F52671AFE798493046EDF795FD18B1BB
:10692000002204F52971A6E794493046EDF78CFD65
:10693000D8B1002204F523713046EDF775FA202214
:1069400004F538713046EDF76FFA04F18801212221
:106950000D463046EDF768FA012229463046EDF73C
:1069600063FA042204F17C0152E185493046EDF7D7
:106970006BFD20B983493046EDF766FD18B1002262
:1069800004F52F7144E180493046EDF75DFD18B103
:10699000002204F52C716EE77C493046EDF754FD7A
:1069A00020B1002204F5357132E136E178493046F4
:1069B000EDF74AFD18B1002204F53B7128E1754955
:1069C0003046EDF741FD60B1002204F1640130462C
:1069D000EDF72AFA002204F1DC013046EDF724FA43
:1069E000F5E06D493046EDF72FFD18B1002204F5B2
:1069F0003E710DE169493046EDF726FD48B10022B0
:106A000004F1E8013046EDF70FFA002204F1AC0181
:106A1000FEE063493046EDF717FD18B1002204F19E
:106A2000E801F5E05F493046EDF70EFD60B15A46EA
:106A300004F14C013046EDF7F7F95B4A04F15801D7
:106A40003046EDF7F1F9E9E758493046EDF7FCFC3F
:106A500020B957493046EDF7F7FC68B3002204F13E
:106A600070013046EDF7E0F9002204F17C01304678
:106A7000EDF7DAF9002204F5C2713046EDF7D4F9EA
:106A8000202204F1C4013046EDF7CEF9202204F5AE
:106A9000C8713046EDF7C8F9042204F59871304604
:106AA000EDF7C2F9012204F194013046EDF7BCF98B
:106AB000802204F1D001ABE03E493046EDF7C4FC42
:106AC000D0B1002204F164013046EDF7ADF90022A7
:106AD00004F1F4013046EDF7A7F9042204F59871AA
:106AE0003046EDF7A1F9082204F59E713046EDF726
:106AF0009BF94FF4C02235E72F493046EDF7A4FC4F
:106B000018B1002204F14001B5E62C493046EDF7FA
:106B10009BFC48B15A4604F14C013046EDF784F92C
:106B2000214A04F1580173E025493046EDF78CFC09
:106B300048B1002204F140013046EDF775F900221A
:106B400004F1DC0164E03DE02CF4030850F4030898
:106B500074F40308DCEF030880000500B8EF0308B5
:106B60005CEB030804EF03084CEF030828EF03086D
:106B7000C0ED030874EE030898EE030808EE03085E
:106B8000E0EE0308BCEE0308E4ED03082CEE030876
:106B900050EE0308C4EC03089CED0308E8EC03087E
:106BA00030ED03080CED03084000010078ED030808
:106BB00054ED030810EC030814EB030838EB03084A
:106BC00080EB030816493046EDF73EFC18B1002271
:106BD00004F5B0711CE013493046EDF735FC18B1EF
:106BE000002204F5537113E00F493046EDF72CFCF9
:106BF000002812D004F5567100220C463046EDF7FD
:106C000013F92A4621463046EDF70EF94246214651
:106C10003046BDE8F05FEDF707B9BDE8F09F000032
:106C2000F0EA030894EF030858EC03082DE9FC4749
:106C30000546E8F7C2FE04462846E8F7C6FE0546C4
:106C40000E2C49D1EAF764FB10B1007A012843D039
:106C50002846EEF7E2F806462846EEF7CBF804465B
:106C600069462846EEF7DCF9DDE9001206EBD6703E
:106C700001EB600090FBF6F704EBD47002EB6000D0
:106C800090FBF4F1774301FB04F80F2600241AE08F
:106C900021462846EEF717F88146EFF722FA82469A
:106CA0004846EFF733FA0146BA450BD1414509D1C1
:106CB000C5F82C9099F82C60002223212846F0F783
:106CC000B0FF05E0641C2846EEF740F8A042DFD88C
:106CD00031462846F1F7C7F8BDE8FC87FEB50D46FA
:106CE0001E49164690FBF1F290FBF1F701FB1204EE
:106CF000002C01DA0C447F1E02AB01AA694638461B
:106D0000D3F772FE0098A0F5FA60E87001986870F9
:106D10000298A870072097FBF0F100FB1171091D84
:106D200091FBF0F200FB1210002800DAC01D00B940
:106D3000072028704FF4616094FBF0F1317094FBF0
:106D4000F0F100FB11413C2091FBF0F1717094FBDC
:106D5000F0F100FB1140B070FEBD00008051010059
:106D6000C143491C0840B0FA80F0C0F11F007047D1
:106D700018B1B0FA80F0C0F12000401E704700004A
:106D80002DE9FE4300250446042206680CE000BFFE
:106D9000F06802EBC503C058830104D5A36820F056
:106DA0007F40984207D06D1C708DC0F30510A8423B
:106DB000EED8BDE8FE83002700972079452860D0F3
:106DC00010DC342850D006DC1C285AD0232858D098
:106DD000312815D155E0352846D0392851D03D28E5
:106DE0000ED14EE068283FD006DC582849D05A28FA
:106DF0003AD0642804D13AE0692835D0782840D0C8
:106E000071B3FF292ED0D4E90302121A4A4300EBD2
:106E1000222000900197F0680127217950F8350071
:106E200001AAF2F7EAFF60B1009801998046884212
:106E300007D14046E1F7E9FD18B10199884500D135
:106E40000027F0682179009A50F83500F3F70FFA1F
:106E5000002FAED02279A1682068F0F78BFBA8E75D
:106E6000E068D6E72069D4E7FF29FBDAF8E7E068B5
:106E70000028F7D02269002ACBD08029C9DB0092F4
:106E8000C8E7002904DCA089ADF80000A07B12E06F
:106E9000FF2904DB208AADF80000A07C0BE0CAB219
:106EA000D4E90310E1F754FE0290BDF80800ADF8F4
:106EB00000009DF80A008DF80200ABE72DE9F041D3
:106EC00004682748267980462568ECF781FA10E0A7
:106ED000A1420BD008682268904207D18868A26856
:106EE000904203D108792279904237D04046ECF79E
:106EF00081FA0100ECD1698D00270420C1F305114E
:106F00002AE000BFEA6800EBC703D258930122D5FC
:106F1000A36822F07F429A421DD121464046ECF7F9
:106F200021FB2046E9F704F9E868314600EBC70485
:106F30002068F3F761F8E86850F83700F2F7B7FF18
:106F400000280BD06068216820F07F422846BDE809
:106F5000F041F0F720BC7F1CB942D3D8BDE8F081E6
:106F6000D45C012070B50468A068227900F47F0623
:106F700031462068EEF78AFEE06025790020207116
:106F800023462A463146206800F012F82571A16890
:106F90002068D9F723FE21790068E268F3F767F9E2
:106FA0002279A1682068BDE87040F0F7E3BA0000DC
:106FB0002DE9FF4F81B0074626489A460E46002528
:106FC0000090ECF71EFA04464FF470284FF00409C5
:106FD0003AE054453AD021460098ECF70FFA834640
:106FE0002068B8422FD1A068B04201D046452AD1CE
:106FF00021790398814201D0FF2824D1002511E096
:10700000F96809EBC500085882010AD5464503D046
:1070100020F07F40B04204D151F835002179F2F7D9
:10702000EBFF6D1C788DC0F30510A842E8D8002155
:107030002046DEF787FA21460098ECF793FA2046BF
:10704000E9F776F801255C46002CC2D105B0284648
:10705000BDE8F08FD45C01202DE9FF4F8EB00020F9
:10706000DDE91BC7DDE91F89A1F1010AA2F1010BCE
:10707000DDF878E09CE01D9B43430CEB23260EFBE0
:1070800000F307EB232533124FEA252405D48B4266
:1070900003DA002C01DB944201DB002472E0F6B23B
:1070A000EDB20695802E06DA4FF0FF350995C6F150
:1070B0007F056D0004E0012509957500A5F5807533
:1070C0000795069D802D07DA4FF0FF350395069D45
:1070D000C5F17F056D0005E001250395069D6D0056
:1070E000A5F5807506950E9DEE18119D04FB0565AE
:1070F00008952D7809F800500095219DA5B3099DAC
:107100005D1932D4554530DC039D65192DD45D459C
:107110002BDCDDE908341B5D0193119C039B634369
:10712000089CE65CDDE900439C420CD02346069CAB
:10713000C4F5807413FB04F5069C019B13FB0453F8
:10714000C3F307230193009BB34209D0079CC4F506
:10715000807413FB04F5079C16FB0453C3F3072646
:10716000019B33445C080DE0FFE713B9099D002D36
:1071700004DB534509D1099B002B06DD089B1C78D5
:10718000079B0EE009F8004011E014B9039B002BA7
:1071900004DB5C450BD1039B002B08DD089B1C78AE
:1071A000069BC3F1FF0314FB03F31C0AEAE7401C30
:1071B0004045FFF660AF12B0BDE8F08F2DE9FF4FFC
:1071C000D2F82CB0ABB08846BBF80800399C80B22E
:1071D0002490BBF800002C21C0F307290BA8ECF782
:1071E00066FB98F850008DF8400098F8510019ADF2
:1071F00000F00F008DF8540094E80F0085E80F00B0
:1072000019A80B903898DFF749F908903898DFF7FC
:1072100036F9069019A8DFF741F9074619A8DFF7F4
:107220002EF9064698F84F00022801D9012000E007
:1072300000202290B9F1060F02D0B9F10E0F09D14A
:10724000404630F84C1FADF8411080788DF843006F
:1072500000202290D8F8540000B101204C46219023
:10726000B9F10F0F0AD0112C08D0122C08D01B2C0A
:1072700006D0062C08D0142C03D006E0102404E01D
:10728000142407EB470004E015242046E1F7FCFB3B
:1072900078438246F1F758FCE1F75CFF8500F1F78F
:1072A00053FCE1F731FFE1F7EFFB4543B5FBFAF59E
:1072B0003046B54200DD05460AFB05F0ECF788F9DB
:1072C000061E18D00C96681E1A9925900844DDF801
:1072D00070A01C9019A88DF838400F90DBF810B002
:1072E0000221142C08D00E2C15D02046E1F7CCFB3F
:1072F00078430D9074E0FEE713907A0007FB05F0E9
:1073000006EB400011900D9212208DF84810149752
:107310008DF8380064E01196CDE9130700208DF850
:1073200048100C905CE019A926A8DFF700F83898FF
:107330004068424238980068414226A8DFF705FAC3
:107340002E985946CDE90180CDE903962498009006
:1073500026A8069B089AE7F746FBDDE921100843BB
:1073600027D019A91DA8DEF7E2FF1A984242199802
:1073700041421DA8DFF7E9F9219878B11B2C0DD007
:107380000BAA0D99009602A80196059280E81201B9
:107390001DAD95E80F00D3F71BFC0AE00D991DAD5C
:1073A000CDE901610096CDE9034895E80F00F6F7B5
:1073B000ABFF0BA92B98E4F7ADFD1C982599401C59
:1073C00001441A901C9151450ADDCDF870A0142C8F
:1073D00006D119A8DFF753F8784306EB4000119067
:1073E0001A9951459FDD3046E8F7A2FE2FB0BDE85F
:1073F000F08F2DE9FF4F91B00024DDE91E65DDE936
:107400002278501E92468946A1F1010B0890D5E0E2
:107410002098604306EB20232198604305EB20224F
:1074200018124FEA222105D4484503DA002901DB6E
:10743000514503DB002148F82410BEE0DBB2D2B294
:10744000802B04DA4FF0FF3EC3F17F0302E04FF0E0
:10745000010E803B0193802A05DA4FF0FF33C2F121
:107460007F02049302E00123803A04930092119A70
:1074700002EB8003149A01FB023208EB84030293AF
:10748000D2F800C0C3F800C0249BCDF830C0002B58
:1074900070D010EB0E036DD45B456BDC049BCB18F6
:1074A00068D4DDF820C0634564DC02EB8E001499DB
:1074B00000680390049800FB012000680490000E0F
:1074C000059005D004990C98E0F7F5FF58B123E03A
:1074D0000298C1780098C0F1FF0011FB00F0010A8A
:1074E0000298C17018E00298C07858B10099C1F1B3
:1074F000FF0110FB01F20099059810FB0120010A21
:107500000298C1700099049861F31F60029909689C
:10751000E1F762FB029908600398000E0090029860
:1075200005D000680399E0F7C6FF40B145E0C17897
:107530000198C0F1FF0011FB00F0010A27E002985A
:10754000C07858B10199C1F1FF0110FB01F2DDE9EA
:10755000000110FB0120010A0298C17001990398F3
:1075600061F31F6002990968E1F736FB0299086030
:1075700023E0FFE710B9BEF1000F04DB584509D145
:10758000BEF1000F06DD0298C17801980FE0029865
:10759000C17012E011B90498002805DB08988142F7
:1075A0000BD10498002808DD0298C1780098C0F13A
:1075B0007F0011FB00F0C109E9E7641CBC42FFF643
:1075C00027AF15B0BDE8F08F2DE9FF4F91B0002433
:1075D000DDE91E65DDE92278501E92468946A1F15B
:1075E000010B0B9008E12098604306EB20232198C3
:1075F000604305EB202218124FEA222105D44845AA
:1076000003DA002901DB514503DB002148F824108F
:10761000F1E0DBB2D2B2802B04DA4FF0FF3EC3F1CF
:107620007F0302E04FF0010E803B0293802A05DACF
:107630004FF0FF33C2F17F02099302E00123803A49
:1076400009930192119A02EB8003149A01FB023212
:1076500008EB84030093D2F800C0C3F800C0249B59
:10766000CDF83CC0002B7DD010EB0E037AD45B45E7
:107670007EDC099BCB187BD4DDF82CC0634577DC1E
:1076800002EB8E00149900680690099800FB012017
:10769000006804900F9801F01BF9009908600698A3
:1076A00001F016F90690049801F012F90890000E06
:1076B0000390009805D000680899E0F7FCFE50B1EF
:1076C00022E0C1780198C0F1FF0011FB00F0010A2F
:1076D0000098C17018E00098C07858B10199C1F1C4
:1076E000FF0110FB01F20399019811FB0020010A30
:1076F0000098C1700199089861F31F6000990968AA
:10770000E1F76AFA009908600698000E0190009867
:1077100005D000680699E0F7CEFE50B124E0C178AC
:107720000298C0F1FF0011FB00F0010A0098C1703F
:107730001AE00098C07858B10299C1F1FF0110FB1E
:1077400001F2DDE9010110FB0120010A0098C1707E
:107750000299069861F31F6000990968E1F73CFA05
:10776000009900E004E0086000988178C07811E09A
:1077700010B9BEF1000F04DB58451FD1BEF1000F58
:107780001CDD0F9801F0A4F8009908600098C178FA
:10779000029825E011FB00F10A0A00998A7000990D
:1077A000497811FB00F10A0A00994A7018F8241070
:1077B00011FB00F0010A08F824101CE011B9099827
:1077C000002805DB0B98814215D10998002812DDAD
:1077D0000F9801F07DF8009908600098C178019831
:1077E000C0F17F0011FB00F00099C0F3C710C87012
:1077F00000998978CEE7641CBC42FFF6F4AE15B060
:10780000BDE8F08F2DE9FF4F90B08946DDE921C139
:10781000DDE91D7692460020A9F1010BA2F1010ECF
:107820009FE01F9A424307EB2225209A424306EB32
:1078300022242A124FEA242305D44A4503DA002BD6
:1078400001DB534506DB002201EB400301F8102069
:107850005A7085E0EDB204F0FF08802D06DA4FF093
:10786000FF340694C5F17F04640004E0012406940B
:107870006C00A4F580740494B8F1800F06DA4FF020
:10788000FF340994C8F17F04640005E001240994E1
:107890004FEA4804A4F580740394109CA518139C27
:1078A00003FB04540594247801F81040009401EB84
:1078B0004004FF256570239D95B3069D551930D46E
:1078C0005D452EDC099D5D192BD4754529DCDDE96C
:1078D0000523009C12F80380139B099A5A43059BC9
:1078E00044459A5C0AD02346039CC4F5807413FB7C
:1078F00004F5039C18FB0453C3F30728009B934231
:1079000009D0049CC4F5807413FB04F4049B12FB9F
:107910000342C2F307224244520801F810201FE03C
:10792000FFE712B9069D002D04DB5A4506D1069AE1
:10793000002A03DD059A1378049A0BE013B9099A1B
:10794000002A04DB73450BD1099A002A08DD059A49
:107950001378039AC2F1FF0213FB02F2120A62705B
:10796000401C6045FFF65DAF14B0BDE8F08F00002D
:107970002DE9FF4F85B09846044600217022EEF7AE
:1079800085F90746204600216E22EEF77FF9002890
:1079900000DC01200646204600216F22EEF776F932
:1079A000002800DC0120054606B9012605B901259D
:1079B0002FB94FF48070864201D1854267D02046AE
:1079C00000217122EEF762F9039020460021722215
:1079D000EEF75CF903990490C1F34172DFF8B490BB
:1079E00004F114006FF0704A4FF0640B0090012A0C
:1079F00013D121F0C04149450FDC0098DEF74EFD60
:107A00000146039820F0C040B0F1805F01DBAAEB93
:107A10000000414391FBFBF003900498C0F34170D8
:107A2000012814D1049820F0C04149450FDC00988A
:107A3000DEF725FD0146049820F0C040B0F1805FDC
:107A400001DBAAEB0000414391FBFBF0049060696D
:107A50000399B8F1000F08440390A0690499084401
:107A6000049008D07F424FF6FF703118284491FBF4
:107A7000F6F690FBF5F588F0010003A90095CDE935
:107A80000110DDE9060133463A46F0F7CFFD09B0B3
:107A9000BDE8F08FFEFFFF1FF0B5066A059D846903
:107AA0004FF480774EB9BC4207D1D0F81CC0BC451A
:107AB00003D108021860100241E0D0F82CC0A1EBFD
:107AC0000C01D0F830C0A2EB0C029EB1BC421ED11A
:107AD000C669BE421BD1446906694C4306FB124489
:107AE000466A06EBA4041C6003694B43416901FB31
:107AF000023121E0090491FBF4F1446A2144196048
:107B00001104C269806A91FBF2F1084417E04669EA
:107B100007694E4307FB1266360296FBF4F4466A89
:107B200006EBA4041C6003694B43416901FB02316D
:107B3000C269090291FBF2F1806A00EBA1002860A2
:107B4000F0BD2DE9FF4F87B016460798DDE9149781
:107B500003FB06001D46069003EBD5704010029013
:107B6000481E00240590DDF860A0501E8B4604904E
:107B7000D3E01698604309EB20231798604307EB86
:107B8000202019124FEA202205D4594503DA002A91
:107B900001DBB24201DB0021B9E0DBB2C0B2802BD5
:107BA00005DAC3F17F034FF0FF385B0004E05B00B0
:107BB0004FF00108A3F580730093802805DAC0F127
:107BC0007F004FF0FF3E400004E040004FF0010E08
:107BD000A0F5807001900798199B00EB410002FB13
:107BE0000500B0F800C023F814C01C9BEBB311EBE8
:107BF000080366D4DDF814C0634562DC12EB0E03A3
:107C00005FD4DDF810C063455BDC30F818300393B7
:107C10000EFB05F3C05A1B9B43B3069B0B44029912
:107C200002FB01331A9A1978115513F80820DDF870
:107C300008800EFB08FC13F80C3099420BD0DDF8DD
:107C400004C0CCF5807C11FB0CFCDDF8048013FB38
:107C500008C3C3F3072391420DD0DDF800C0CCF573
:107C6000807C11FB0CFC009901E02AE009E012FB8A
:107C700001C1C1F3072299181A9A490811554BD02E
:107C800002E01A99FF220A55199931F8141081421D
:107C900002D1039A91423FD0019AD2B2E0F730FC70
:107CA00080460098C2B2199830F814100398E0F793
:107CB00027FC7F224146E0F723FC199921F81400A4
:107CC0002AE01B9830B106984318029802FB003056
:107CD000007800E0FF2011B9B8F1000F05DB059B2B
:107CE000994204D1B8F1000F01DD00990AE012B900
:107CF000BEF1000F05DB04998A420BD1BEF1000FE3
:107D000008DD0199C1F1FF0111FB00F0010A1A9889
:107D1000015501E01A990855641C5445FFF629AF36
:107D20000BB0BDE8F08F2DE9FF4F87B016460798DE
:107D3000DDE9149703FB06001D46069003EBD570A2
:107D400040100290481E00240590DDF860A0501EEF
:107D50008B460490E1E01698604309EB20231798C6
:107D6000604307EB202019124FEA202205D4594521
:107D700003DA002A01DBB24201DB0021C7E0DBB2FB
:107D8000C0B2802B05DAC3F17F034FF0FF3E5B00EA
:107D900004E05B004FF0010EA3F580730093802890
:107DA00005DAC0F17F004FF0FF38400004E04000EA
:107DB0004FF00108A0F580700190079800EB41009A
:107DC00002FB050003884FEA132C4CEA0323DDF87D
:107DD00064C02CF814301C9B002B72D011EB0E03E6
:107DE0006FD4DDF814C063456BDC12EB080368D474
:107DF000DDF810C0634564DC30F81E304FEA132C08
:107E00004CEA03239BB2039308FB05F3C05A030A11
:107E100043EA00201B9B80B28BB3069BC4460B44F5
:107E2000029902FB01331A9A19781155DDF808807E
:107E300013F80E200CFB08FC13F80C3099420BD001
:107E4000DDF804C0CCF5807C11FB0CFCDDF804806F
:107E500013FB08C3C3F3072391420AD0DDF800C027
:107E6000CCF5807C11FB0CFC009912FB01C1C1F325
:107E7000072299181A9A490811554DD003E0FFE7D7
:107E80001A99FF220A55199931F81410814202D12A
:107E9000039A914240D0019AD2B2E0F731FB80467A
:107EA0000098C2B2199830F814100398E0F728FB34
:107EB0007F224146E0F724FB199921F814002BE0BA
:107EC000FFE71B9830B106984318029802FB003078
:107ED000007800E0FF2011B9BEF1000F05DB059B23
:107EE000994204D1BEF1000F01DD00990AE012B9F8
:107EF000B8F1000F05DB04998A420BD1B8F1000FED
:107F000008DD0199C1F1FF0111FB00F0010A1A9887
:107F1000015501E01A990855641C5445FFF61BAF42
:107F20000BB0BDE8F08F2DE9FF4F8FB00024DDE9E5
:107F30002085DDE91C76501E92468946A1F1010B91
:107F40000890BDE01E98604307EB20231F98604314
:107F500006EB202219124FEA222005D4494503DA04
:107F6000002801DB504504DB05EB84010020C870CC
:107F7000A5E0DBB2D2B2802B04DA4FF0FF3EC3F1B2
:107F80007F0302E04FF0010E803B0D93802A05DA5B
:107F90004FF0FF33C2F17F02079302E00123803AE2
:107FA00007930E92129A00FB02F3239A01FB02330D
:107FB0000F9A134405EB840293F802C0009282F8F2
:107FC00002C093F801C082F801C093F800C005F820
:107FD00024C04FF0FF0C82F803C0229AE2B311EBE9
:107FE0000E024FD45A454DDC079A82184AD4DDF868
:107FF00020C0624546DCDDF88CC00EFB0C3292F8E6
:1080000002C06CF3174192F801C012786CF30F2193
:1080100062F307014FF0FF0C6CF31F610391129A9A
:10802000079901FB02318A7862F317404A78097890
:1080300062F30F2061F307006CF31F60019000985A
:1080400001990068E0F737FA58B90E99019861F381
:108050001F600099096800E014E0E0F7BDFD009999
:108060000860009803990068E0F725FA38BB0D997D
:10807000039861F31F6000990968E0F7ADFD00996E
:1080800008601CE011B9BEF1000F04DB594504D1B2
:10809000BEF1000F01DD0D980AE010B90799002923
:1080A00005DB089988420AD10798002807DD0E9859
:1080B000C0F1FF00C0EB0020010A0098C170641CF1
:1080C0004445FFF63FAF13B0BDE8F08F2DE9FF4701
:1080D0004FF48075894600272E4604001FD00021EA
:1080E0007022EDF7D3FD384407B2204600216E22FE
:1080F000EDF7CCFD002800DC012080462046002161
:108100006F22EDF7C3FD002800DC0120464305FB8C
:1081100008F52D1236122046ECF71EFFDDE7002091
:108120000290039005B9012506B901264FF480316C
:1081300091FBF5F291FBF6F302A9CDE9001079422B
:108140004846F0F74EFBBDE8FF87000010B5002061
:10815000ECF774FA1B4C4FF4A072F021A060EFF71B
:10816000BDFE1948E0F7A9FC01460022A068EFF720
:10817000D1FE0021A068EFF79BFEA068F1F746F85A
:1081800000F02AFA00F02AF800F022F900F0D0F905
:10819000E8F716FA2064E8F713FA6064616A206C65
:1081A000E8F7EEF9E16B606CE8F7EAF9074B084A8B
:1081B00008490948E9F772FDBDE810400020FDF7C5
:1081C00033BE000070000020F5F5F500B987030804
:1081D000A987030869870308C98703082DE9F041C7
:1081E000674CA068ECF72AFAEC22F021E060EFF788
:1081F00075FE28220021E068EFF728FE0920F0F73D
:10820000D9F901460022E068EFF784FE0026E7680E
:1082100035462A4631463846EFF7D8FE2A463146DB
:108220003846EFF7D8FE2A4631463846EFF7D8FEF3
:108230002A4631463846EFF7C4FE00221146E06870
:10824000EFF78DFEE06800F083FAE068E9F7C2FF1F
:108250004CA16063EAF7CEFD062300220221606B89
:10826000EBF755FE4A48E0F728FC01460022606B18
:10827000EFF7C0FE606B00F06BFAE068E9F7AAFF69
:1082800044A1A063EAF7B6FD1E2300220221A06BE1
:10829000EBF73DFE0020E0F710FC01460022A06B4A
:1082A000EFF7A8FEA06B00F053FAE068E9F792FF41
:1082B0003BA1A062EAF79EFD6FF031030022092185
:1082C000A06AEBF724FEA06A00F042FAE068E9F742
:1082D00081FF35A1E062EAF78DFD6FF0090300220E
:1082E0000921E06AEBF713FEE06A00F031FAE0687A
:1082F000E9F770FF2EA12063EAF77CFD1E23002220
:108300000921206BEBF703FE206B00F021FAE068F7
:10831000DEF728FF2822A0216062EFF7DFFD5A2355
:1083200000220921606AEBF7F2FD00230A222249AC
:10833000606AEBF7F1FC606AE9F74CFF05461FA1A4
:10834000EAF758FD2846ECF77AF8606A00F000FA80
:10835000284600F0FDF902220321606AEFF7FFFDD5
:108360000E20F0F727F901460222606AEFF7E7FDD9
:10837000BDE8F04100224FF47A711448F3F792BC43
:10838000700000202D2D2D2D2F2D2D2F2D2D000097
:10839000222222002D2D3A2D2D3A2D2D00000000F5
:1083A0004369747900000000576561746865720064
:1083B0002D2D2E2D20430000B994000855706461C6
:1083C000746520576561746865720000B58603089E
:1083D0002DE9F05F4E4CA068ECF730F9EC22F0216B
:1083E0002061EFF77BFD282200212069EFF72EFDA9
:1083F0000520F0F7DFF8014600222069EFF78AFD3B
:10840000002211462069EFF7AAFD01212069EBF750
:1084100096FC206900F09CF92069E9F7DBFE05462F
:108420003CA1EAF7E7FC6FF01D094B460222072149
:108430002846EBF76CFD6FF07F40E0F73EFB01460E
:1084400000222846EFF7D6FD284600F081F9206982
:10845000E6F792FF0025E063D2F79EFA0746002672
:10846000DFF8C08020E03046D2F79EFA08B10068FD
:1084700000E02DA08346C8F796FB024605EB020AF2
:108480000AF10100B0F5007F13D208EB0500594650
:10849000C8F7F3FB781E5546864203DA0A2108F82E
:1084A00005106D1C761CB6B2BE4202D2B5F5FF7F38
:1084B000D9D9002108F805101A49E06BE7F7B5F99A
:1084C000D2F76CFA0146E06BE7F725FA7821E06B0A
:1084D000EFF7AFFD4B465A220721E06BEBF717FD94
:1084E00002220321E06BEFF73AFD0E20F0F762F86D
:1084F00001460222E06BEFF722FD00230B220B491D
:10850000E06BEBF709FCE06BBDE8F05F00F020B931
:108510007000002053656C65637420436974793A78
:108520000000000068CB00203F0000009594000888
:1085300010B51D4CA068E9F74DFE1CA16061EAF77B
:1085400059FC6FF01703002205216069EBF7DFFC8F
:108550001A48E0F7B2FA014600226069EFF74AFDD7
:10856000606900F0F5F8A068E9F734FE14A1A06195
:10857000EAF740FC6FF0030300220521A069EBF746
:10858000C6FC1348E0F799FA01460022A069EFF70C
:1085900031FDA06900F0DCF8BDE8104000224FF486
:1085A0007A710C48F3F77EBB70000020537461743D
:1085B00075733A20526561647900000033333300EB
:1085C00052756E3A2030303A30303A303000000088
:1085D000555555000988030870B52F4CA068ECF775
:1085E0002DF805462822F021EFF778FC00221146ED
:1085F0002846EFF72BFC2948E0F75FFA01460022F6
:108600002846EFF787FC002211462846EFF7A7FC23
:1086100000212846EFF745FB02231A46032128468E
:10862000EFF727FB00212846EFF742FC10212846F0
:10863000EFF716F82846ECF701F822225A21E061FC
:10864000EFF74CFCE069E9F7C5FD064614A1EAF72F
:10865000D1FB3046EBF7F3FEE06900F079F83046E5
:1086600000F076F82846EBF7E9FF22225A21206233
:10867000EFF734FC206AE9F7ADFD05460AA1EAF7F9
:10868000B9FB2846EBF7DBFE206A00F061F82846CC
:10869000BDE8704000F05CB870000020E0E0E00051
:1086A000486F6D650000000053657474696E6773F0
:1086B0000000000010B590B000200790142102A81F
:1086C000C8F75AFB02A907A8CBF7F4FF002827D167
:1086D0002022144908A8C8F715FB9DF81C00411E6C
:1086E000062900D9002008A9144C51F820009DF853
:1086F0001E10CDE900109DF81F209DF81D300AA125
:1087000002F5FA62606BEAF779FB9DF80A000090C7
:108710009DF809309DF8082009A1A06BEAF76EFBCF
:1087200010B010BD28AF0308253034752D25303228
:10873000752D253032752020257300007000002033
:10874000253032753A253032753A253032750000C1
:1087500010B504460021EFF7ABFB2046BDE8104002
:108760001021EEF77DBF000070B50E4CE06BE6F710
:1087700001FF80B1E06BE6F7C7FE0546E06BE6F768
:10878000B5FE6D1CB5FBF0F100FB1151E06BBDE8CF
:108790007040E7F7C0B8D2F759FCBDE87040E7F782
:1087A00029BF0000700000200248017801208843A2
:1087B000FDF73ABB70000020024801780120884391
:1087C000FDF732BB7000002070B50E4CE06BE6F791
:1087D000D1FE88B1E06BE6F797FE0546E06BE6F761
:1087E00085FE2918491EB1FBF0F200FB1211E06B67
:1087F000BDE87040E7F78FB8D2F728FCBDE87040BD
:10880000E7F758BF7000002038B5F3F7F5F94FF4DB
:108810007A71B0FBF1F04FF46161B0FBF1F3B0FBA2
:10882000F1F201FB13033C21B0FBF1F4B3FBF1F3D4
:1088300001FB14000090094802A18069EAF7DEFA02
:1088400038BD000052756E3A202530326C753A25DD
:1088500030326C753A2530326C75000070000020A3
:1088600070B50C46064600F0B5FD154D2868406D04
:1088700080B92968012081F858005CB101212046A7
:10888000F4F71AFF0F494FF080500860BFF34F8F85
:10889000BFF36F8F00F0BEFD00F09CFD2868446DB3
:1088A000002034B116B12968486502E02A68611ECB
:1088B0005165296881F8580000F0ACFD204670BD74
:1088C0001400002004ED00E000880988401A704779
:1088D000010E16D04FF47F42B2FBF1F1C0F3074214
:1088E0004A43120A62F31740C0F307224A43120AAE
:1088F00062F30F20C2B24A435FEA122161F307001C
:108900007047002161F3174061F30F20F6E770B55F
:108910000446B0F85800C0F303200B2811D00D28EE
:1089200031D00E2853D00C2879D100212046E8F709
:10893000B1FB002211462046E8F724FB4FF480717A
:1089400067E000212046E8F7A5FB002211462046FB
:10895000E8F718FBE06B002861D0206C00285ED09F
:108960002046EFF7C9FD2046EDF7A6FB0102E06BBC
:1089700091FBF0F52046ECF79BFA0102206C91FB8D
:10898000F0F2294646E000212046E8F783FB00226A
:1089900011462046E8F7F6FAE06B00283FD0206C3D
:1089A00000283CD02046EFF7A7FD2046EDF784FBDA
:1089B0000102E06B91FBF0F52046ECF779FA010239
:1089C000206C91FBF0F18D4223DA294621E0002151
:1089D0002046E8F75FFB002211462046E8F7D2FA6E
:1089E000E06B00281BD0206C002818D02046EFF741
:1089F00083FD2046EDF760FB0102E06B91FBF0F593
:108A00002046ECF755FA0102206C91FBF0F18D4203
:108A1000DBDC0A462046BDE87040FAF7F9BF70BDBE
:108A20002DE9F0418CB00646E8F772FC05006FD0E6
:108A30003046E6F7CAFF044690F86400800767D521
:108A40002846E8F748FE022862D02846E8F743FEA9
:108A500004285DD001A9E06AECF7F2F905A92846DF
:108A6000E8F70CFE09A92846E8F739FE0598002822
:108A70004EDB069900294BDB0199401A07900299B9
:108A80000698401A08903046E6F797FF0646E06AD7
:108A9000EDF712FB0146E06A079A00270546002A17
:108AA00001DA01200FE08A4202DB47F6FF77F8E7A0
:108AB000012207A9E9F752FC074607A9E06AE9F78E
:108AC0002FFE80F0010094F870104FF6FF788A07AF
:108AD00023D550EAC1724FF4407001D1012E08D065
:108AE000C9071ED0022E11D0032E12D00B2E10D08B
:108AF00019E0C4E91A7894F8701041F001020146B7
:108B000084F870202046EEF7ABFD06E0E76604E04F
:108B10003DE001462046EBF712F994F87000C007DB
:108B200001D1012E33D139462046F2F7C3FE94F825
:108B30007000C0072BD0D4E91A10814208D96A6CA2
:108B4000824202D1AA6C8A4218D06864A06E11E0F9
:108B500008D26A6C8A4202D1AA6C82420ED0696441
:108B6000E06E07E0696C4046814202D1A96C814207
:108B700004D06864A8642046EDF771FE032E01D08E
:108B80000B2E04D114F8700F20F0010020700CB0EF
:108B9000BDE8F0812DE9FC470F460446E8F7B8FB35
:108BA0000646E8F798FD01287ED13046E8F783FDB8
:108BB000002879D169463046E8F760FD032269460E
:108BC0002046EFF74BFC2046DBF760F805469FB1E7
:108BD00094F8A000C0070FD11DB10099D4F89400FB
:108BE00002E00199D4F89800081A002800DC4042FD
:108BF00096F82810884257DBD4F89C0010B920461C
:108C0000D2F75EFCD4E90C010F1A00212046ECF7E4
:108C1000A3FE01280AD000262046DBF737F894F897
:108C20004C100640B14203D0012602E00126F3E7D2
:108C300000264FF0000120461DB3ECF7C4FF81462B
:108C400000212046ECF7E3FF80462046EDF734FA9A
:108C5000A0EB0901A1EB08012EB1E269A2EB08002B
:108C6000009A801A04E06369009A03EB0900101A65
:108C700069B3784301EBD17200EB620090FBF1F035
:108C800023E0ECF7EEFF814600212046ECF768FF79
:108C900080462046ECF70CF9A0EB0801019AA1EB05
:108CA000090036B1A36900E03DE003EB0901511A68
:108CB00004E0236A03EB0801511A4942794300EBAF
:108CC000D07201EB620191FBF0F0216B0844D4E912
:108CD0000C21D4F89C3004F13806B34201D1E16A8A
:108CE00000E0A26B884201DA064600E00E4696429A
:108CF00001DA104602E0884200DB0846196881422A
:108D000011D0186015B14FF4007101E04FF480717B
:108D10002046EEF7A5FC2046EDF7A1FD0022232119
:108D20002046EEF77EFFBDE8FC8700002DE9F14FFD
:108D300096B0002127221698ECF7A8FFC0B2169C27
:108D40001290002739462046ECF749FF0546394680
:108D50002046ECF751FE064639462046ECF728FE41
:108D6000400700D53544169E00270A9539463046FF
:108D7000ECF783FF054639463046ECF73DFE80466A
:108D800039463046ECF714FE800700D545440021F3
:108D90000F951698ECF753FF039000211698ECF707
:108DA00000FF08901698ECF738F806901698ECF744
:108DB00021F80146E06B0027C0F10102039800FB97
:108DC000021010903846D4F82C9077E04FF0000B4A
:108DD0005D4607E0606B791930F81100D7F719F894
:108DE00083446D1C59F8250040B13BA1F0F7A6FF64
:108DF00020B159F8250000780028EBD13DB3109838
:108E0000E26B00FB08F0B0FBF2F10F980B1803982F
:108E100008F1010108FB00300E9010984843B0FBA8
:108E2000F2F30F9903985B1E08FB0010184414908E
:108E300008990698C5F1010201FB02000D90002877
:108E400001DA00200D904FF0000A56462EE009F19D
:108E5000040030E0606B30F81700D6F7DAFF0D99A8
:108E600001FB0AF1B1FBFBF20899824406FB0121E8
:108E70000D9A0AFB02F0B0FBFBF20898521E06FBAB
:108E80000020129A012A04D10A460699091A069866
:108E9000801A0A9A831814980090206B114400EBF2
:108EA00007100E9ADDF75EFC761C7F1CAE42D1D314
:108EB00009EB8500001D814608F10100E16B804649
:108EC000414583D81698EEF71CFB169817B0BDE8FD
:108ED000F04FEDF7C4BC00000A0000002DE9FE4F82
:108EE0000546008D8B4658451BD0BDB10A4601464C
:108EF00001902846EFF7C2F9060010D02846EDF79A
:108F0000AEFCA5F828B02846EFF7E3FA4FF420703E
:108F1000EAF782FB8146002420467DE0FEE7A5F8C3
:108F200028B0BDE8FE8FE96801EBC0020092042280
:108F300002EBC00289581FFA81FEC1F30741090400
:108F400002913EEA0B0266D100994968890162D418
:108F50000099682209680B7AFF2B05D0D1F800C070
:108F600000210CEB830718E00B68002106E0974214
:108F700003D103EBC10149680CE0491C13F83170BF
:108F8000002FF4D147E000BF17F80180904503D1CE
:108F90005CF82110002237E0491C8B42F4D83AE0FB
:108FA000002214E002EB820C09EB8C0CDCF804309C
:108FB0009CF808C01FFA83F803F47F03BC4505D171
:108FC000DDF808C0634501D1F04502D2521CA2422F
:108FD000E8D3A24216D104EB84028F8929F82270CB
:108FE00009EB82020B8A53808B68D3600F68641C84
:108FF00017F80A3013724B681361009B5B6823F00B
:109000007F4353600AF101020B68924613F80A701D
:109010000FB1202CC4D3401C698DC1F305118142CE
:1090200002D9202CFFF47FAF00270DE007EB87016A
:1090300009EB81005B464168009001F47F012846FE
:10904000019AEFF769F87F1CA742EFD34846E7F78C
:109050006FF84FF47021012E0CD0032E0AD0022E8F
:109060007FF45FAF2846EDF7FAFB2846BDE8FE4FD8
:10907000EEF747BA03B02846BDE8F04FFF22EEF7FF
:1090800079BA000030B58FB04FF48000CBF78CF97F
:109090003C216846C7F770FE002040254FF0C061B4
:1090A000099129010B90CDE90401CDE902500F4946
:1090B0000690CDE9001007900890A8020C4C0A9089
:1090C0006A4603212046CBF77BF90A48C1786158EC
:1090D000C07841F010012150074880F8005406493B
:1090E00068053739C1F800010FB030BD0C300140C0
:1090F00000640240E0AF03083BE000E000B587B049
:1091000014216846C7F738FE0A480021026842F079
:1091100002020260006800F0020005900420009046
:109120000120CDE90101039169460348C9F722FEF8
:1091300007B000BD303802400004024030B540485E
:109140008BB0016841F480510160006800F48050E8
:109150000A900120CBF728F93A4C02222021204620
:10916000CBF799F9022220212046CBF7A7F9052257
:1091700020212046CBF77CF9022280212046CBF724
:109180008AF9022280212046CBF798F90522802116
:109190002046CBF76DF9012208212046CBF77BF959
:1091A0006068002520F0080060602A4608212046FB
:1091B000CBF784F90820A061012210212046CBF7CB
:1091C0006AF9606820F010006060002210212046DB
:1091D000CBF774F9E000A061012240212046CBF7D3
:1091E0005AF9606820F0400060600022402120466B
:1091F000CBF764F94020A06128216846C7F7BCFD81
:109200004FF48270CDE900506015CDE9045002950D
:109210001820CDE906050C4C0395694620460895B3
:10922000CBF75FF9206840F040002060206840F4F0
:1092300080702060E0680A90A0680A900BB030BD92
:109240004438024000000240003001402DE9F04760
:1092500005460027481B1646894606285DDBA81CE4
:10926000F3F78FFD0446A0F55C414FF48060814226
:1092700053D3A4F55841824651451AD2A81DA9EBF3
:1092800000014FF00C08062947DB01785C2944D126
:109290004178752941D1801CF3F773FDA0F55C413D
:1092A00051453AD2C4F3090161F39F2000F58030A3
:1092B00002E04FF006082046802801D2012110E08C
:1092C000B0F5006F02D20221C0270AE0B0F5803F5E
:1092D00002D20321E02704E0B0F5881F1DD204214B
:1092E000F0274A1E08E000BF00F0BF03346843F0D7
:1092F00080038009A354521E12F0FF02F4D1012909
:1093000001D9384301E000F07F0032681070306806
:10931000084430604046BDE8F0870020FBE7D0E914
:10932000013201699A60D0E901235A604A68824299
:1093300001D182684A60002202610868401E08600C
:1093400008687047034B036003F15C0008608020ED
:1093500010607047B0C40020044B036003F15C0050
:1093600008604FF480701060704700000CC7002048
:1093700000F108014FF0FF32C0E90112C160016144
:1093800000210160704700210161704730B50B6812
:109390005A1C02D000F1080202E0026904E02246F1
:1093A000546825689D42FAD953684B6099608A6079
:1093B000516008610168491C016030BD42684A6023
:1093C00093688B6093685960916008610168491CDB
:1093D00001607047502080F31188BFF34F8FBFF3B7
:1093E0006F8F0A494868401C486001280CD1084822
:1093F000006810F0FF0F07D0502080F31188BFF3F2
:109400004F8FBFF36F8FFEE77047000064000020AE
:1094100004ED00E00849486828B1401E486001D1C9
:1094200080F311887047502080F31188BFF34F8F6D
:10943000BFF36F8FFEE700006400002070B50028C6
:109440002AD0164DA0F1080460686969084207D166
:10945000502080F31188BFF34F8FBFF36F8FFEE76B
:1094600022683AB1502080F31188BFF34F8FBFF3C9
:109470006F8FFEE78843606000F078F96068696884
:10948000084468602046F4F7FDFA2869401C28610A
:10949000BDE8704000F0C8BF70BD000000000010C3
:1094A0004FF0E02000210161816105494FF47A729B
:1094B0000968B1FBF2F1491E416107210161704762
:1094C0001000002010B5C6F753FF114910280ED325
:1094D00000F1E02090F8F0030A78904207D2502083
:1094E00080F31188BFF34F8FBFF36F8FFEE70948FA
:1094F0000068896800F4E060884207D9502080F352
:109500001188BFF34F8FBFF36F8FFEE710BD0000D0
:10951000640000200CED00E010B5084B002200BFF5
:1095200053F832401CB1521C082AF9D310BD43F83D
:10953000321003EBC201486010BD000094BE002051
:1095400070B515460E460446FFF744FF94F94410E3
:109550000020491C01D184F8440094F94510491CAD
:1095600001D184F84500FFF755FFA06B28B92A46C2
:10957000314604F1240000F099F82046BDE870401F
:10958000F4F72EBC10B5020014D00F48006B38B1B0
:10959000502080F31188BFF34F8FBFF36F8FFEE72A
:1095A00000F0E4F800211046F4F786F800F03CFFE4
:1095B000002807D105494FF080500860BFF34F8F56
:1095C000BFF36F8F10BD00001400002004ED00E019
:1095D00070B50546FFF7FEFE1E4C05B92568281D2F
:1095E000FFF79DFEA86A18B105F11800FFF797FE76
:1095F000606A401C60622068854207D1291D1648B8
:10960000FFF7DCFE6068401C606007E0A068401E59
:10961000A0602846F4F75BF9F4F762FBFFF7FAFE67
:109620006069002814D02068854211D1206B38B1C0
:10963000502080F31188BFF34F8FBFF36F8FFEE789
:1096400006494FF080500860BFF34F8FBFF36F8F14
:1096500070BD00001400002070C3002004ED00E085
:1096600002490A6A0260C96841607047140000201C
:1096700001490120C86170471400002010B50C4654
:1096800050B1094909681831FFF780FE2046BDE84E
:1096900010400121F4F710B8502080F31188BFF377
:1096A0004F8FBFF36F8FFEE71400002070B5144694
:1096B0000D4668B10A4909681831FFF77FFE0CB101
:1096C0004FF0FF3521462846BDE87040F3F7F4BF60
:1096D000502080F31188BFF34F8FBFF36F8FFEE7E9
:1096E0001400002030B587B00024039405AA04A913
:1096F00003A80494FFF726FEDDE903010094CDE9F9
:109700000110002315A11748059A00F002FD164D1F
:109710000028E8621FD000F0E9FE012809D0401CB3
:1097200019D1502080F31188BFF34F8FBFF36F8F93
:10973000FEE7502080F31188BFF34F8FBFF36F8F88
:109740004FF0FF30A86201206861EC6007B0BDE80F
:10975000304000F0A3B907B030BD000049444C458B
:109760000000000051D90208140000200248016BDB
:10977000491C01637047000014000020164810B512
:10978000016B11B10121C16110BD0021C1610169ED
:10979000124A01E0B9B1491E01EB810352F82330AE
:1097A000002BF7D001EB810302EB830202F10804E6
:1097B00053685B685360A34201D15B685360DA6809
:1097C0000260016110BD502080F31188BFF34F8FFC
:1097D000BFF36F8FFEE7000014000020D4BE00200E
:1097E00070B5E6F7F2F80546EBF7B6FBDEF772F96F
:1097F00004468078401E0C2800D3FEE7012128464D
:10980000EBF761FAA178054A02EB8101228851F851
:10981000043CBDE8704002A1E9F7F0BA94020020D0
:10982000256420257300000070B5E6F7CEF80546E4
:10983000EBF792FBDEF74EF9044600212846EBF7E2
:1098400042FA064601212846EBF73DFA0546304626
:10985000E5F750FE0178C278303901EB4103C3EBE4
:10986000C11102EBC1014278642312FB03F280783C
:1098700000EB800002EB400008442288A0F5A050D5
:10988000D038811A002900DC111A3046E6F743F877
:10989000A1782846BDE87040491EE6F73CB838B5C7
:1098A00014460093097C0023C1F3001100EB8100F2
:1098B000C26C416C2046E9F7C3FE38BDF8B5040020
:1098C0001DD0256C15F5004F52D0D4E90E0383420C
:1098D00001DA03F5B47394F84C10C1F34101C1B33C
:1098E00001290DD0022943D10090D4E91112284654
:1098F000E9F7A6FE054620462946E26B35E0FEE77D
:10990000C118D4E9117201EBD1714E10B91801EBF5
:10991000D17149108D420DDA03460A463946284670
:109920000096E9F78DFE054601462046DCF7B7FBB9
:1099300031460AE0009333462846E9F781FE0546A2
:1099400031462046DCF7ABFB29462046DCF760FBBE
:109950000DE0FFE70093D4E9111203462846E9F72A
:109960006FFE054620462A46A16BDCF7D1FAA565B5
:10997000F8BD70B5044600223F21DFF75BFD216B87
:10998000002529B1606B30B120468847656302E04D
:10999000606B0028FCD1A5632046BDE87040002222
:1099A0004021DFF747BD00002DED068B8EB000246F
:1099B0009FED299B9FED2AAB2B4F4FF0FF380A25D7
:1099C00003AE41460120FEF74BFF07940AAA08A9FF
:1099D00007A80A94F3F7DEFC079801900A98029012
:1099E0009DED080B53EC192B51EC100B01F0E0F836
:1099F00002D89FED1E8B01E09FED1E8B9DED080BA5
:109A000053EC1A2B51EC100B00F0D4FF53EC182B35
:109A100000F06CFE00F062FF014690FBF5F091FB58
:109A2000F5F305FB1010002800DA4042009013A265
:109A300010213046C6F71AFE0023642201A93868B7
:109A400000F054F90128BCD00798FFF7F7FC0A98FA
:109A5000FFF7F4FCB5E70000000000000000000084
:109A60000000000000002440B800002000000000BA
:109A70000000E03F000000000000E0BF25642E254C
:109A80006420C2B04300000010B504460846DEF76B
:109A9000CAFF6043C01DC00810BD00001CB5374898
:109AA0000168374A914207D1502080F31188BFF3F3
:109AB0004F8FBFF36F8FFEE700683149491E884220
:109AC00007D1502080F31188BFF34F8FBFF36F8F02
:109AD000FEE72C4908780190FF20087008788DF87F
:109AE00000009DF800009DF8002000F0F00090427A
:109AF00007D0502080F31188BFF34F8FBFF36F8FD3
:109B0000FEE79DF80000204C00F050002070072078
:109B1000A06005E09DF8002052008DF80020401E56
:109B20009DF800201206F5D4A060032807D050202D
:109B300080F31188BFF34F8FBFF36F8FFEE74FF4B1
:109B40004070A060019808700C482030016841F412
:109B500070010160016841F070410160FFF7A0FCF5
:109B600000206060C6F7CCFB0848016841F0404126
:109B70000160C6F7B1FB00201CBD000000ED00E055
:109B800071C20F4100E400E06400002034EF00E007
:109B900010B5502080F31188BFF34F8FBFF36F8F44
:109BA00000F066FB18B104494FF0805008600020B7
:109BB00080F3118810BD000004ED00E0F8B51746F1
:109BC0000E46050013D005FB06F05030F4F73EF9C1
:109BD00004000AD0002084F8460004F150023B46FD
:109BE000314628460094F3F7E3FE2046F8BD5020A6
:109BF00080F31188BFF34F8FBFF36F8FFEE738B547
:109C0000049D18B153B1CAB181B120E0502080F356
:109C10001188BFF34F8FBFF36F8FFEE7502080F3A3
:109C20001188BFF34F8FBFF36F8FFEE7502080F393
:109C30001188BFF34F8FBFF36F8FFEE739B150200C
:109C400080F31188BFF34F8FBFF36F8FFEE750246F
:109C50001C46012384F846302B460094F3F7A8FEF7
:109C6000204638BD70B50D46040025D0FFF7B2FB85
:109C7000D4E90F20216802FB0011A1600021A1633B
:109C8000216861600A46D4E90F01401E00FB0121F2
:109C9000E16021464FF0FF3001F8440F487004F1B5
:109CA00010008DB1FFF764FB04F12400FFF760FBA7
:109CB000FFF7B0FB012070BD502080F31188BFF387
:109CC0004F8FBFF36F8FFEE721690029F0D000F0BE
:109CD00073FB0028ECD004494FF080500860BFF3BC
:109CE0004F8FBFF36F8FE3E704ED00E02DE9FF47EF
:109CF00082B01D468A464FF00008040003D0BAF136
:109D0000000F08D011E0502080F31188BFF34F8F6F
:109D1000BFF36F8FFEE7206C38B1502080F31188BD
:109D2000BFF34F8FBFF36F8FFEE7022D0AD1E06BB9
:109D3000012807D0502080F31188BFF34F8FBFF365
:109D40006F8FFEE700F080FA3F4F4FF000094FF0B1
:109D5000805648B9049838B1502080F31188BFF379
:109D60004F8FBFF36F8FFEE7FFF734FBA06BE16B04
:109D7000884207D3022D05D00498D0B1B8F1000F66
:109D80001AD01EE02A4651462046F3F76AFD616A62
:109D900019B104F1240000F00FFB20B13E60BFF3C5
:109DA0004F8FBFF36F8FFFF735FB012006B0BDE883
:109DB000F087FFF72FFB22E06846FFF751FC4FF0DA
:109DC0000108FFF727FBFFF7D1FCFFF703FB94F92E
:109DD0004400401C01D184F8449094F94500401C93
:109DE00001D184F84590FFF715FB04A9684600F0FF
:109DF00029F930B12046F3F7F3FF00F015FB0020FE
:109E0000D4E7FFF7E7FAA06BE16B884213D1FFF7C5
:109E100001FB04F110000499FFF730FC2046F3F732
:109E2000DFFF00F001FB00289ED13E60BFF34F8FA3
:109E3000BFF36F8F98E7FFF7EDFA2046F3F7D0FFF7
:109E400000F0F2FA90E7000004ED00E02DE9F047A1
:109E50001F4690468946040003D0B9F1000F08D090
:109E600011E0502080F31188BFF34F8FBFF36F8F45
:109E7000FEE7206C38B1502080F31188BFF34F8F7C
:109E8000BFF36F8FFEE7022F0AD1E06B012807D0E6
:109E9000502080F31188BFF34F8FBFF36F8FFEE721
:109EA000FFF710FB5020EFF3118680F31188BFF30A
:109EB0004F8FBFF36F8FA06BE16B884206D3022FE9
:109EC00004D0002086F31188BDE8F08794F945504E
:109ED000A06B3A4649462046F3F7C3FC681C04D001
:109EE0006D1C84F845500120ECE7606A0028FAD028
:109EF00004F1240000F060FA0028F4D0B8F1000F5B
:109F0000F1D00121C8F80010EDE700002DE9F74776
:109F1000002683B08A46040003D0BAF1000F08D0AF
:109F200011E0502080F31188BFF34F8FBFF36F8F84
:109F3000FEE7206C38B1502080F31188BFF34F8FBB
:109F4000BFF36F8FFEE700F07FF9DFF8F4804FF08A
:109F500000094FF0805748B9059838B1502080F378
:109F60001188BFF34F8FBFF36F8FFEE7FFF732FA11
:109F7000A56BC5B151462046F3F760FC6D1EA56385
:109F8000206950B104F1100000F016FA28B1C8F8A9
:109F90000070BFF34F8FBFF36F8FFFF73BFA0120C5
:109FA00006B0BDE8F087059808B11EB106E0FFF7DE
:109FB00031FA27E06846FFF753FB0126FFF72AFA3C
:109FC000FFF7D4FBFFF706FA94F94400401C01D1D7
:109FD00084F8449094F94500401C01D184F84590E0
:109FE000FFF718FA05A9684600F02CF8002820466B
:109FF0000AD0F3F7F5FE00F017FA2046F3F784FDD8
:10A000000028B3D00020CBE7F3F77EFD90B104F138
:10A0100024000599FFF732FB2046F3F7E1FE00F03C
:10A0200003FA0028A2D1C8F80070BFF34F8FBFF326
:10A030006F8F9BE72046F3F7D3FE00F0F5F995E725
:10A0400004ED00E02DE9F0410C46050011D0C4B14B
:10A05000FFF7C0F9174BDA686E682068911B471C40
:10A0600017D02F681B6A9F4219D0964217D8012437
:10A0700010E0502080F31188BFF34F8FBFF36F8F34
:10A08000FEE7502080F31188BFF34F8FBFF36F8F2F
:10A09000FEE70024FFF7BEF92046BDE8F0818842C4
:10A0A00005D9401A20602846FFF7DAFAF1E70020C8
:10A0B0002060DCE7140000202DE9FF5F8346DDE926
:10A0C0000E87994616468A469000F3F7BFFE0500B4
:10A0D0001CD05C20F3F7BAFE040014D000202563E6
:10A0E00084F85900CDE90240CDE900874B4632465D
:10A0F00051465846F3F76EFC2046F3F70BFB012060
:10A1000004B0BDE8F09F2846FFF798F94FF0FF3004
:10A11000F6E7F0B585B0DDE90B640A9DA6B1DCB1C8
:10A120005C2700972663022684F85960002604AF56
:10A13000CDE90246CDE90057F3F74CFC2046F3F792
:10A14000E9FA049805B0F0BD502080F31188BFF300
:10A150004F8FBFF36F8FFEE7502080F31188BFF35E
:10A160004F8FBFF36F8FFEE72DE9F0411F469046FA
:10A170000D46012690B10446FFF72CF90FB1606D32
:10A18000386094F85800022184F85810B8F1050F8F
:10A1900019D2DFE808F0230B0E141200502080F3D0
:10A1A0001188BFF34F8FBFF36F8FFEE7616D2943B7
:10A1B00001E0616D491C616510E0022801D0656510
:10A1C0000CE0002634E0616D491C07D0502080F37C
:10A1D0001188BFF34F8FBFF36F8FFEE7012827D1A0
:10A1E000201DFFF79CF8154DE06A2969884200D9C7
:10A1F0002861134900EB800001EB8000211DFFF76F
:10A20000DDF8A06A38B1502080F31188BFF34F8F7A
:10A21000BFF36F8FFEE7E06A2968C96A884207D9F1
:10A2200008494FF080500860BFF34F8FBFF36F8F26
:10A23000FFF7F0F83046BDE8F08100001400002080
:10A24000D4BE002004ED00E00548416919B1006B5F
:10A2500018B10020704701207047022070470000AD
:10A26000140000200148C06870470000140000205E
:10A270002DE9F0412E4C0027206B28B1A069401C2D
:10A28000A0613846BDE8F081E668761CE66013D12F
:10A29000606B006838B1502080F31188BFF34F8F96
:10A2A000BFF36F8FFEE7606BA16B6163A063206AF1
:10A2B000401C2062F3F714FDA06ADFF87880864224
:10A2C00009D3606B0068A0B1606BC068C56868683E
:10A2D000864211D2A0622068C06A00EB800158F863
:10A2E0002100012800D90127E0690028C9D00127F1
:10A2F000C7E74FF0FF30EDE7281DFFF710F8A86A19
:10A3000018B105F11800FFF70AF8E86A21698842D8
:10A3100000D9206100EB800108EB8100291DFFF7C7
:10A320004DF8E86A2168C96A8842CAD30127C8E79C
:10A3300014000020D4BE002070B504004FF00001CE
:10A3400033D01B4D2868844207D0502080F31188F9
:10A35000BFF34F8FBFF36F8FFEE7206D38B1401E04
:10A360002065E36CE26A9A421FD040B11DE05020A4
:10A3700080F31188BFF34F8FBFF36F8FFEE7201D6F
:10A38000FEF7CDFFE06CE062C0F13800A061E06A4A
:10A390002969884200D92861064900EB800001EB59
:10A3A0008000211DFFF70AF80121084670BD00005A
:10A3B00014000020D4BE002070B5C068C46854B139
:10A3C00004F118000646FEF7AAFF144D286B50B1A1
:10A3D0003146134815E0502080F31188BFF34F8FAA
:10A3E000BFF36F8FFEE7201DFEF799FFE06A296932
:10A3F000884200D928610B4900EB800001EB800006
:10A40000211DFEF7DBFFE06A2968C96A884202D98C
:10A410000120E86170BD002070BD00001400002024
:10A420005CC30020D4BE00202DE9F0472C4D002451
:10A430002746286B38B1FEF7CDFF286B401E2863F6
:10A44000286B40B146E0502080F31188BFF34F8F56
:10A45000BFF36F8FFEE7A968224E0120D1B3A6F5A6
:10A46000916980463068E0B1F068C46804F1180072
:10A47000FEF755FF201DFEF752FFE06A296988426A
:10A4800000D9286100EB800109EB8100211DFEF756
:10A4900095FFE06A2968C96A8842E3D3C5F81C8041
:10A4A000E0E70CB1F3F71CFCAC694CB14FEA0806CD
:10A4B000FFF7DEFE00B1EE61641EF9D10020A86155
:10A4C000E86938B10849012738070860BFF34F8FA2
:10A4D000BFF36F8FFEF79EFF3846BDE8F0870000A0
:10A4E000140000205CC3002004ED00E010B586B02D
:10A4F000F3F778F9114C2068B8B10020039004906C
:10A5000005AA04A903A8FEF727FFDDE9032102201D
:10A510008DE8070000230AA10B48059AFFF7F9FD13
:10A52000606010B106B0012010BD502080F311888A
:10A53000BFF34F8FBFF36F8FFEE700005000002086
:10A54000546D722053766300BDDD02082DE9FF4192
:10A550001E46134602000A9D4FF0000016D0144C10
:10A560002768002F0FD0CDE900130292062917DAD1
:10A57000FFF76AFE02284FF000030FD00022694661
:10A580002068FFF7B3FB04B0BDE8F081502080F3F2
:10A590001188BFF34F8FBFF36F8FFEE72A46EEE7B8
:10A5A0000023324669463846FFF750FCEBE70000CF
:10A5B0005000002070B50546E5F707FA0446284626
:10A5C000E5F764FA05462046E4F79EFF0646204676
:10A5D000E4F790FF0446EFF7D9FB014606EB86004F
:10A5E000C21C914200D8FEE70119205CCA783038BD
:10A5F00000EB4003C3EBC01002EBC0004A786423B9
:10A6000012FB03F2897801EB810102EB410144184E
:10A61000A4F5A0542846D03CDDF75CFA0068A1B24E
:10A62000C0F307422846BDE87040DDF757BA000086
:10A6300010B500290AD00878002807D005487844CA
:10A64000C6F7C2FB002801D0002010BD02487844A4
:10A6500010BD0000665900005E59000010B50029C9
:10A660000AD00878002807D005487844C6F7ACFB24
:10A67000002801D0002010BD0248784410BD000021
:10A680004A5A0000425A000021F00042A2F16052F2
:10A69000B2F5801F01F0004328BFD2F17F6C0BD9C7
:10A6A0005FEA001C43EAC20242EB507018BF7047D9
:10A6B00028BF20F001007047B2F5801FBCBF1846CC
:10A6C00070474FEA410C1CF5001F02D2084600F00B
:10A6D00094BB70B500F018FA00000089FFF7F6BFD0
:10A6E0004FF00040A0F580007047000010B591EADF
:10A6F000030F48BF83F0004300F19882841A71EB86
:10A70000030C05D2121943EB0C03001B61EB0C0187
:10A71000DFF824E14FEA1154A4EB135C1EEA430F67
:10A7200018BF9EEA445F73D023EA0E03DCF1200ECB
:10A7300021EA045143F4801332D322FA0CFE10EBC9
:10A740000E0023FA0CFE41EB0E01CCF1200E03FAB1
:10A750000EFE10EB0E0051F10001B1F5801FCCF19F
:10A76000200E32D201EB045112FA0EF2BDE8104075
:10A7700058BF7047401C38BF5FEA420218BF70479D
:10A78000002814BF20F0010041F100014FEA41030D
:10A7900013F5001F38BF7047A1F1C04100F002BAA5
:10A7A000012A43EB0302ACF1200CDCF11F0E32BF97
:10A7B0004FF0000E23FA0CF310EB030041EB0451B1
:10A7C000B4EB115FD0D0A1EB045101F58011490821
:10A7D0005FEA300001EB04510ED350F1000038BFA6
:10A7E00012FA0EFE08D1BDE81040C9E7401C38BF80
:10A7F0005FEA4202CAD1C3E7BDE810404FEA410315
:10A8000013F5001F38BF7047A1F1C04100F0CAB96D
:10A810009EEA445F08D011EA5E0FBDE8104004BF15
:10A8200001F0004100207047BDE8104070B500F015
:10A830006BF900BF64FBBE3E0000E0FF02494FF031
:10A84000000000F0E2BA00BF0000F87F491058BFD6
:10A85000C1F140415B1058BFC3F140438B42EFF35D
:10A860000080704751EA030C17D41CF5801F58BFB5
:10A87000BCF5801F00F10680994218BF704708BFE1
:10A880009042704707D711F5801F58BF13F5801FFE
:10A8900019D499427047894270471CF5801F08D52A
:10A8A000BCF5801FF7D58B4218BF704708BF8242A6
:10A8B00070474FF4001C1CEB410F38BF1CEB430FDB
:10A8C00001D28B42704770B500F01EF99224490006
:10A8D0004FF000514FF08053FFF7B8BF4FEA4103EC
:10A8E0004FEA5353A3F58063D3F11E03C8BFD3F1DE
:10A8F000210C0CDD4FF0004242EAC12242EA5052E4
:10A9000032FA03FC8CEAE17CACEBE1707047102B6F
:10A91000C4BF0020704703F5787CBCF1FF3F04D032
:10A920006FF0004282EA2100704770B500F0ECF849
:10A930004992248000207047F2E7000051EA030C9E
:10A9400017D41CF5801F58BFBCF5801F00F106808E
:10A95000994218BF704708BF9042704707D711F55A
:10A96000801F58BF13F5801F19D499427047894240
:10A9700070471CF5801F08D5BCF5801FF7D58B42AA
:10A9800018BF704708BF824270474FF4001C1CEB91
:10A99000410F38BF1CEB430F01D28B42704770B59B
:10A9A00000F0B2F8922449004FF000514FF080536C
:10A9B000FFF74CBFDFF848C170B51CEA111E1EBF7F
:10A9C0001CEA13159EEA0C0F95EA0C0F00F06F803D
:10A9D00081EA030423EA4C134EEAD47E21EA4C11A7
:10A9E00041F4801143F48013AE44A1FB024CA0FB60
:10A9F0000365AEF17F7E361955EB0C05A1FB034CC8
:10AA00004CF10003A0FB021C16EB0C06654153F150
:10AA10000003094218BF46F0010613F4007F0BD172
:10AA20004FEA03314FEA0530340341EA155140EA59
:10AA300016506FF003020AE04FEAC3214FEAC52027
:10AA4000F40241EA555140EA56506FF0020202EB1F
:10AA50002E4201EB025585EACE710AD05FEA440C22
:10AA600018BF24F0004450F1000041F1000120EA39
:10AA7000D47040F2FE7C624500D270BDA84214BF83
:10AA80004FF080444FF04044002E08BF0024BEF138
:10AA9000806FA8BFA1F1C041BDE8704080F2828004
:10AAA0004FF0000001F1C04101F0004170479EEA03
:10AAB0000C0F0CEA131518BF95EA0C0F06D04FF0D7
:10AAC000000081EA030E0EF0004170BD00F01CF89A
:10AAD0008900013E00F007B800F009B84FEA430CC6
:10AAE0005FEA5C5C08D081EA030100F05BB84FEAE2
:10AAF000410C5FEA5C5CF6D14FF000000149704701
:10AB00000000FF070000F87F0EF1020E2EF0030E8A
:10AB10005EF8046B364205D4012A43EB030515F5B4
:10AB2000001F12D8012841EB010C1CF5001F0CD8A6
:10AB30000ED14FEAD17C15F5001F0CEB4C0C0CF13B
:10AB4000020C08BF4CEBD37C04E04FF0080C01E092
:10AB50004FEAD37C0CEB4C0526FA05F606F0070607
:10AB6000B6F1040C06D20EEB860CBDE870404CF03A
:10AB7000010C6047DFE80CF0090B02024FF00041C6
:10AB80004FF00000A1F5002170BD194610460128C4
:10AB900051EB010418BFD4F5001484BF002001F06C
:10ABA000004170BD0808A0F500114FEA310170475F
:10ABB00053EA010C17D41CF5801F58BFBCF5801F49
:10ABC00000F106808B4218BF704708BF8242704771
:10ABD00007D713F5801F58BF11F5801F19D48B427A
:10ABE00070479B4270471CF5801F08D5BCF5801F3D
:10ABF000F7D5994218BF704708BF904270474FF48D
:10AC0000001C1CEB430F38BF1CEB410F01D29942D3
:10AC100070470FB40CBC03BCFFF7C1BE10B591EA7E
:10AC2000030F48BF83F000433FF568AD841A71EB12
:10AC3000030C07D212198CF0004C43EB0C03001BE1
:10AC400061EB0C01DFF8A4E14FEA1154A4EB135CB3
:10AC50001EEA430F18BF9EEA445F00F0B08023EA6B
:10AC60006E03524221EA0451C3EB6E0338BF5B1EF0
:10AC7000DCF1200E25D322FA0CFE10EB0E0043FA75
:10AC80000CFE41EB0E01CCF1200E03FA0EFE10EB90
:10AC90000E0051F10001CCF1200E29D412FA0EF26F
:10ACA00001EB0451BDE8104058BF7047401C1CBF69
:10ACB000B2F1004F704700280CBF491C20F0010082
:10ACC000704712EB020E43EB030218BF4FF0010E68
:10ACD0004EEA4202ACF1200CDCF11E0E54D943FACC
:10ACE0000CFE10EB0E0051F1FF31CCF11E0ED5D54C
:10ACF0000EF1010E12FA0EFE404141EB010101EB93
:10AD0000445C5FEA5C5C10D910EBDE7001EB04512F
:10AD100038BFBEF1004FBDE8104018BF7047002893
:10AD20000CBF491C20F00100704730D24FEAD42CF0
:10AD300011F5001124F400641BD0B1FA81F20B3A32
:10AD4000A41AA41ED2F12003914030FA03F3194350
:10AD5000904001EBCC71002C01EB0451BDE8104098
:10AD6000A8BF704701F1C0414FF0000001F0004161
:10AD70007047B0FA80F310FA03F100D110BDE41A65
:10AD8000173C4805C90AE4E701EB045110BD49101E
:10AD900001EB0451BDE810404FEA300002E04FF0F3
:10ADA000000170474A0008BF0042F8D0B2F5001F0A
:10ADB00028BF704701F000414FF0000070479EEA45
:10ADC000445F07D011EA5E0FBDE8104004BF0021C8
:10ADD00000207047BDE8104070B5FFF795FE00BF3A
:10ADE00040DFF63E83F00041104670470000E0FF70
:10ADF0004FF04070E1EE100A7047FF2141EAD05059
:10AE0000C00570474FF0000070470CF00F03092B8E
:10AE100008BF082000F05F800A2B0BD0082B18BF5A
:10AE2000704708BF1CF0400F0AD04FF000004FF0F1
:10AE3000000170471CF0400F18BF4FF000407047F2
:10AE40001CF0100F08D020F0704300F07F4242EA5F
:10AE5000D3014FEA4370704700F0604021F07F4219
:10AE600042EA000201F07F4040EA727070474FF002
:10AE7000FF0C4CF4E06C1CEA11531CBF9CEA030C61
:10AE80009445C2BFDA4201EB02517047002B0DD04E
:10AE9000BCF1000F0FD0002A01F00041A4BF41F027
:10AEA000E04141F07F614FF00000704701F0004148
:10AEB0004FF00000704750EA01334FF09B0C18BF71
:10AEC0004CF0806C7FF4BAAC7047C6F7E5B9C6F7B2
:10AED00077BEC7F705B81CF4801F11D01CF4E02F13
:10AEE00003D06FEACC31490070474FF04050EFF388
:10AEF000008222F0704242EA000282F3008870472A
:10AF00004FF000007047102840587088A0B800002B
:10AF10000000000000000102030406070809000009
:10AF2000000001020304000008F60308F8F5030816
:10AF3000F0F50308ECF5030804F60308F4F503083C
:10AF400000F60308FCF50308B0F70308C0F6030891
:10AF5000F4F6030898F7030844F7030884F7030896
:10AF6000E8F603088CF7030818F70308C8F6030887
:10AF700060F7030810F70308C8F7030874F703081D
:10AF800020F7030850F703087CF60308A4F703082A
:10AF9000B4F6030858F70308D0F60308E0F60308F0
:10AFA000C0F7030800F7030828F703089CF6030816
:10AFB0003CF7030890F6030868F70308ACF60308AB
:10AFC000B8F7030808F703087CF7030830F703080D
:10AFD000D8F6030888F60308102840587088A0B8EF
:10AFE000102840587088A0B8102840587088A0B821
:10AFF00000000000C9450208EB4602083949020872
:10B000000000000000F80308820000008200000039
:10B01000CA02000000000000010000E0010000E0A2
:10B0200000000000010000E0010000E0010000E07D
:10B03000010000E080808081818282838485868710
:10B04000898A8C8D8F91939597999B9EA0A2A5A795
:10B05000AAADAFB2B50055AAFF0011223344556620
:10B06000778899AABBCCDDEEFF0EA0D90D90C80C55
:10B0700080B70A60110B80D91F0991F0881F0880E2
:10B08000F088000000000D203C00000F0069002F38
:10B09000FFFFFFF7015C11A610006900C3000088E4
:10B0A00000D2009FFFFFFFF012C523E22000D20371
:10B0B000C00000F004B0000000700000000E0000AE
:10B0C0000000E0000019EFEA300CD6E6A702F40E0B
:10B0D00000001F80E000006FEF50000016FFE50049
:10B0E000000E0AF00100E05F13F85E6EB005CFFEBF
:10B0F0009100000E0000000070000008DD3000A785
:10B10000004B02D004C0007700D01D20004B03D0BC
:10B11000A7000007DC34C4CC3000001D2D22D00075
:10B1200000A63B00B30005C03A00A3001D200D009F
:10B13000D000A60004CC40004DFC300000F718C041
:10B140000001F205D00000BB6E4000005FF300007C
:10B1500007E6DB03802F301DBAA05F0001DF401F30
:10B16000B448FEC003BFFC40B200000000001F0155
:10B17000F01F00F0000003F10B900F404F007D0026
:10B180009B00AA00AA009B007D004F000F400B907F
:10B1900003F15E000E6008C004F001F300F500E664
:10B1A00000E600F501F304F008C00E605E000093B5
:10B1B0000088A6C209FE404DDDB142935000520006
:10B1C000000450000008A0000008A0001FFFFFF3CB
:10B1D0000339B3300008A0000008A0000103F61EE8
:10B1E00060E12C00000003FFF90333100003F52E8B
:10B1F0004000000E400004E000009A00000E4000F5
:10B2000004F000009A00000E400003F000009A00D5
:10B21000000E500003F000009A00000E500003F0F2
:10B220000000004CFE70004FB68F900DB0005F32F2
:10B23000F40000E74F20000CA4F20000CA2F4000E9
:10B240000E70DB0005F204FB68F90004CFE700EFA5
:10B25000FB44CB00AB00AB00AB00AB00AB00AB00E2
:10B26000AB00AB07DFEA108E857EC0010006F1005F
:10B270000006F000000D900000CC00001CC0000192
:10B28000DB00001DE544427FFFFFF97FFFFFF02454
:10B29000445F900000BC000009E100003FD81000AE
:10B2A000046DD0000002F4100002F4BD757DD019C9
:10B2B000DFEA1000000DA0000000AC00000007E174
:10B2C0000000004F40100002F600F5001DA000F540
:10B2D000007FFFFFFFF3133333F730000000F5006A
:10B2E000000000F50009FFFFF00AB444400C8000A4
:10B2F000000E7000000FFFFC4003345CF200000001
:10B30000F7100000F78E856CF108DFFB30002AEFA4
:10B31000D5003FD657400CC0000002F40000004F9B
:10B320005BFFA104FE845DD03F80003F30E8000356
:10B33000F206F845DC0005DFE9109FFFFFFD9D44A4
:10B3400044E99C0004F200000BB000002F40000014
:10B35000AD000001F6000008E000000E8000006F64
:10B360001000019EFE9100BE636EC00F60006F0072
:10B37000CC202BC002EFFFE200DC424CD05F20006B
:10B380001F55F20002F50ED535DE001AEFEA100364
:10B39000BFEA202FA44BE18E0000E99D0000DD4FA5
:10B3A0007129FF07FFFC9E000210AC000002F607A7
:10B3B000658FB00AEFD7002E53F5000000000000A3
:10B3C0003F52E42E53F50000000000002E52F60D0F
:10B3D00021D001000000003100006CF2018ED60087
:10B3E0000FC300000AFB40000017EE70000005C309
:10B3F000000000001FFFFFF30333333000000000A4
:10B40000000000001FFFFFF303333330040000008F
:10B410000ED71000005CF92000002AF20003AFB143
:10B4200006DE82001C6000000000000007DFEA105A
:10B430009E746EC0010006F0000009C000008E205E
:10B440000006F2000008700000000000000B800001
:10B45000000C900000006CEFDA4000003DA41016D4
:10B46000D90001E509EE98CA900A80BD43AFC0D368
:10B470000F13F2000CC0693C06D00007C03B4B061E
:10B48000D00007C02C3C03F2000CC04A0F10BD4393
:10B490009EE3C50A8009EE91CF9001E5000000000F
:10B4A00000003DA41028000000007CEFD91000002F
:10B4B000000CF1000000003FD700000000B96E0052
:10B4C000000002F20E50000009A007D000001F305B
:10B4D00000F400007FFFFFFB0000E733334F20053F
:10B4E000F000000C900C90000006F18FFFFEC408E5
:10B4F000E3334BF28E00001F58E00018F18FFFFF7E
:10B50000F808E33337F68E000009C8E000009D8E8E
:10B5100033347F78FFFFFD700007CFFB4000CF96EC
:10B520006AF50AE20000301F600000004F200000B2
:10B53000004F200000001F600000000AE200003001
:10B5400001CF966AF50007DFFB408FFFFEA4008E57
:10B550004446CF708E000007F38E000000DA8E00A4
:10B5600000009D8E0000009D8E000000DA8E00001D
:10B5700007F38E4446BF708FFFFEA4008FFFFFF6D7
:10B580008E4444418E0000008E0000008FFFFFC0FB
:10B590008E3333208E0000008E0000008E44444223
:10B5A0008FFFFFF98FFFFFF68E4444418E000000AD
:10B5B0008E0000008E0000008FFFFFC08E3333200E
:10B5C0008E0000008E0000008E0000000007CFFCFF
:10B5D0005000CF966AF60AE20000201F60000000CB
:10B5E0004F200000004F200000B91F600000B90A82
:10B5F000E30000B900CF966AF80007DFFC608E0018
:10B600000008E8E000008E8E000008E8E000008EF0
:10B610008FFFFFFFE8E333339E8E000008E8E00071
:10B62000008E8E000008E8E000008E8E8E8E8E8EDA
:10B630008E8E8E8E8E02FFFFC00444BC000009C0B7
:10B6400000009C000009C000009C000009C0200010
:10B65000BA0EB58F603CFE808E00004F508E000405
:10B66000F6008E003F70008E03F800008E2EC000A2
:10B67000008EECF600008FB07F30008E000AE100F3
:10B680008E0000CC008E00001EA08E0000008E00F8
:10B6900000008E0000008E0000008E0000008E0072
:10B6A00000008E0000008E0000008E4444408FFF9A
:10B6B000FFF28E00000008E8F7000002FE8FF100A4
:10B6C00000BFE8DCA0004F9E8D2F300D87E8D09C96
:10B6D00006E07E8D01E7E507E8D006FC007E8D00E0
:10B6E0000A2007E8D00000007E8E100008E8FC0069
:10B6F000008E8FF90008E8E6F6008E8E09F308E860
:10B70000E00CE18E8E001EB8E8E0003FEE8E0000F7
:10B710006FE8E00000AE0007CFEB500000CF966B63
:10B72000F9000AE200005F601F6000000AD04F20AD
:10B73000000006F04F20000006F01F6000000AD055
:10B740000AE200005F6000CF966BFA000007DFEBB3
:10B7500050008FFFFD7008E4458FB08E00005F3809
:10B76000E00001F58E00003F48E0014DD08FFFFF63
:10B77000B208E33310008E00000008E00000000073
:10B7800007CFEB500000CF966BF9000AE200005F94
:10B79000601F6000000AD04F20000006F04F20001C
:10B7A0000005F01F6000000AD00AE200005F60019F
:10B7B000DF855AFA000008DFFC5000000001EC2190
:10B7C000940000001BFFC10000000012008FFFFD6D
:10B7D0007008E4458FB08E00005F38E00001F58E00
:10B7E00000003F38E0014DD08FFFFFC208E333DA9D
:10B7F000008E0002F608E00005F3019EFDA200CED7
:10B80000646B702F40000001F800000006FD9500F9
:10B8100000016AEE500000009F00200005F13FA5E6
:10B8200047EB004BEFE910FFFFFFFF2444BD44400E
:10B830000009C00000009C00000009C00000009C3E
:10B8400000000009C00000009C00000009C00000CA
:10B85000009C00009C00000BA9C00000BA9C0000E6
:10B860000BA9C00000BA9C00000BA9C00000BA8E52
:10B8700000000D94F40003F50CF868FD0009EFE9F1
:10B88000100CB000000AC05F200001F500E90000C4
:10B890008E0008F0000E70001F6005F10000AD0082
:10B8A000C9000003F43F3000000CBAC00000005F84
:10B8B000F500000000EE00006F10000DB00002F275
:10B8C0001F60003FF10008D00BB0008BE6000D7048
:10B8D00006F000E69B002F2001F503F14F108D00CC
:10B8E00000CA09B00E60D800006F0E6009B2F30004
:10B8F000001F9F1004F9D000000CFB0000EF800037
:10B900000007F600009F30003F50000DA008F20035
:10B910009D0000CC04F300002F9E70000006FC0088
:10B92000000009FE1000004F4DB00001E802F700D2
:10B930000BD0007F207F20000BD00CB000009C00BB
:10B940002F50002F30009E000C900000E805F10001
:10B950000005F3E60000000CFD000000003F400081
:10B96000000002F3000000002F3000000002F3008E
:10B97000004FFFFFFF9144444AF3000003F600002C
:10B9800001EA000000CC0000009E1000006F4000A3
:10B99000003F7000001ED4444436FFFFFFFC8FF6CA
:10B9A0008D318D008D008D008D008D008D008D00FE
:10B9B0008D008D008D008D318FF65D000000F2004E
:10B9C000000B8000006D000001F200000B80000001
:10B9D0006D000001F200000B7000006D000001F22C
:10B9E00000000B7000006D000001F2BFF325F302B0
:10B9F000F302F302F302F302F302F302F302F3029F
:10BA0000F302F325F3BFF300AD00001EC400088568
:10BA1000A000E20E105B00970B5002E0EEEEEEE0AD
:10BA20000BC00009B004CFEA100B745DB000000435
:10BA3000F004CEEEF21F8214F24F1004F21F703D9C
:10BA4000F204DFD7F2BA000000BA000000BA00002A
:10BA500000BA8EFC30BFD54BF3BE1000CABA00004E
:10BA60007EBA00007EBE1000CABFD55BF3B98EFC63
:10BA700030007DFD6009F748F42F5000205F000082
:10BA8000005F0000002F50002009F748F4007DFD02
:10BA9000600000001F40000001F40000001F40088B
:10BAA000EFC4F40AF748FF42F50007F45F00002FE7
:10BAB00045F00001F42F50006F40AE637EF4008E1D
:10BAC000FC4F40008EFC400AD538F42F20008C5FDC
:10BAD000EEEEFF5F2111112F70001009F846E4000F
:10BAE0007DFE80009EE305F44108C000CFFFF029F1
:10BAF000D32008D00008D00008D00008D00008D01B
:10BB00000008D000007EFC4E60AF747FF62F50001E
:10BB10005F65F00000F65F00000F62F60006F609B0
:10BB2000F747FF5007EFC4F50000003F20CB646EDD
:10BB3000B003AEFD8000BA000000BA000000BA00F9
:10BB40000000BA8EFB20BFC56DD0BE0003F2BA0064
:10BB500000F4BA0000F5BA0000F5BA0000F5BA002A
:10BB600000F5BAA800BABABABABABABABA000AB0F4
:10BB7000009900000000AB000AB000AB000AB00062
:10BB8000AB000AB000AB000AB000AA064E71DFA0FD
:10BB9000BA000000BA000000BA000000BA001CC0E1
:10BBA000BA01CC00BA1CD100BBCF6000BFDBE10002
:10BBB000BD11DC00BA003F70BA0007F3BABABABAD6
:10BBC000BABABABABABABAB99EFA15DFD40BFB45FB
:10BBD000EDE64AF2BE0006F6000E7BA0004F200004
:10BBE000C9BA0003F1000C9BA0003F1000C9BA00C5
:10BBF00003F1000C9BA0003F1000C9B99EFB20BFC1
:10BC0000B45DD0BE0003F2BA0000F4BA0000F5BA89
:10BC10000000F5BA0000F5BA0000F5007DFD6000F7
:10BC20009F748F702F50007F05F00001F35F0000BC
:10BC30002F32F50007F009F748F70007DFD600B903
:10BC40008EFC30BFC43AF3BE1000CABA00007EBA00
:10BC500000007EBE1000CABFD55BF3BA7EFC30BACE
:10BC6000000000BA000000BA000000008EFC3F4057
:10BC7000AF748EF42F50007F45F00001F45F000098
:10BC80002F42F50007F40AF748FF4008EFC4F4001C
:10BC900000001F40000001F40000001F40B98E4B5F
:10BCA000FD71BE100BB000BA000BA000BA000BA0D3
:10BCB0000005DFEA13F735A06F000001EE961001D2
:10BCC0006AEF300000D96C646F62AEFD7008D0007E
:10BCD00008D000CFFFF029D32008D00008D00008FA
:10BCE000D00008D00005F551009FE3C80002F3C85A
:10BCF0000002F3C80002F3C80002F3C90003F3AB6B
:10BD00000007F35F837EF306DFC5F30D90000AA002
:10BD10006E0001F300F5007D0009C00E60003F24B5
:10BD2000F00000C8B9000006FF3000000FC000C8D6
:10BD30000006F1000D56D000CF6003F01F302F9C9D
:10BD4000009A00B807B2F10E4005E0D60C74E0008E
:10BD50000F6F007C990000AFA001FF400005F400C8
:10BD60000BE0004F3007E109D02F4000D9D9000087
:10BD70003FD000004FE10001E7BB000BB01E707E1A
:10BD80001005F30D90000AA06F0001F300F6007D8E
:10BD90000009C00D60002F34F00000C9A9000005A3
:10BDA000FF2000000EC0000000E5000094AD000080
:10BDB0001BFC2000005FFFFFA13337F40001E70008
:10BDC00000CB00008E10004F40001EA33326FFFF63
:10BDD000FC006EA00F9201F4001F4001F4003F3000
:10BDE0003FC0006F3001F4001F4001F4001F40000D
:10BDF000FA2005EA8B8B8B8B8B8B8B8B8B8B8B8BB6
:10BE00008B8BBE5002AE0005F0005F0005F0004FC6
:10BE10001000DF104F5005F0005F0005F0005F00DC
:10BE20002AE00BE40007EC40B41E25DFC00100004F
:10BE30000004CC302B01C05700932B01C005CC303F
:10BE400006A10FF60BE20000000000000000000059
:10BE50000000027BFB000000049DFFFFD00003AF49
:10BE6000FFFFFFFD0000AFFFFFFFDFD0000AFFFF75
:10BE7000B610ED0000AF9400000ED0000AF10000F3
:10BE800000ED0000AF1000000ED0000AF1000045E8
:10BE9000FD0000AF1001EFFFD0179DF1005FFFFC28
:10BEA0000EFFFF1000AFFD31FFFFE00000010003B7
:10BEB000BDA3000000000050188888888405FABFE0
:10BEC000DDDDDDFDAFE47F100000CA4EE04F100065
:10BED00000C80EFEEF100000CFEFE03FEEEEEEF8F0
:10BEE0000EF68F766666EB6FF8AF100000CC8FE031
:10BEF0003F100000C80EFCDF655555EECFC25FFF56
:10BF0000FFFFF92C57750577777775FFFF1FFFFF48
:10BF1000FFFFFFFF2FFFFFFFFFEFFF0EFFFFFFFE03
:10BF200001100011111110EFFE0EFFFFFFFEFFFFC9
:10BF30002FFFFFFFFFFFFF1FFFFFFFFF688707883F
:10BF400088888668870788888886FFFF1FFFFFFF2D
:10BF5000FFFFFF2FFFFFFFFFDFFD0DFFFFFFFD00D6
:10BF600000000000015000000000001DF80000006B
:10BF70000001DFFD000000001DFFE22D600001DF79
:10BF8000FE20DFF7001DFFE2008FFF71DFFE2000C3
:10BF900008FFFEFFE20000008FFFFE200000000807
:10BFA000FFE200000000007D200000000000000013
:10BFB000007F60000BE2EFF600BFF84FFF6BFFD190
:10BFC00004FFFFFD10005FFFE10000BFFFF6000B64
:10BFD000FFDFFF60BFFD14FFF5CFD1004FF6171054
:10BFE00000036000000011000000000000FF0000DE
:10BFF00000006F21FF12F70006FF61FF16FF601FB0
:10C00000F901FF109FF16FE001FF100EF6AF800104
:10C01000FF1008FACF6001FF1006FCAF8000AA00F5
:10C0200008FB7FD00000000DF71FF80000008FF123
:10C0300007FF91002AFF70009FFFEEFFF900000547
:10C04000CFFFFD500000000244200000000000006F
:10C0500000000000000AFFA0000000000CFFC0006C
:10C060000003D6DFFFFD6D300EFFFFFFFFFFE05F37
:10C07000FFFFAAFFFFF51AFFF4004FFFA103FFD057
:10C08000000DFF3004FFF0000FFF404FFFFB22BF09
:10C09000FFF42FFFFFFFFFFFF209FEFFFFFFEF900E
:10C0A00000505EFFE5050000000CFFC0000000002E
:10C0B000047740000000000003100341000000006E
:10C0C0009FF50DF50000001BFDFF8DF5000002DF60
:10C0D000B12DFFF500004FF83EC2BFF50007FF5538
:10C0E000FFFE39FE409FE38FFFFFF56FF6AC2AFF9E
:10C0F000FFFFFF73E6005FFFFFFFFFF100006FFF30
:10C10000D77FFFF200006FFF900DFFF200006FFF7E
:10C11000900DFFF200004FFF700BFFE100000000E8
:10C120003300000000000BFFB0000000000CFFC057
:10C13000000000000CFFC0000000000CFFC0000069
:10C1400000000CFFC00000008FFFFFFFF800002E72
:10C15000FFFFFFE2000002EFFFFE200000002DFFC6
:10C16000E20000799982DE289997FFFFFB22BFFF4A
:10C17000FFFFFFFFFFFFFFFFFFFFFFFFFAB3CFACA3
:10C18000CCCCCCCCCCCA0006BBBBBBBA3000004F79
:10C19000FFFFFFFFE10000EF30000006FB0009F8A1
:10C1A00000000000CF504FD0000000002FE1DF84DE
:10C1B000420000344BF9FFFFFD0001FFFFFBFFFFD2
:10C1C000FF988BFFFFFCFFFFFFFFFFFFFFFCFFFF60
:10C1D000FFFFFFFFFFFB9FFFFFFFFFFFFFF60000DA
:10C1E000000000003300018DFFC600EF004EFFFF8E
:10C1F000FFE4DF04FFB3004CFFFF0EF90000008FE7
:10C20000FF6FC00001FFFFFF8E500001DEEEED006A
:10C2100000000000000022222200000021FFFFFF9A
:10C22000100008F8FFFBBC10001EF4FFFC1000011A
:10C23000DFC0FEEFE8448EFE10FE1AFFFFFFC100D4
:10C24000FD0028BB940000000002700002EF000215
:10C25000EFFDFFFFFFFFFFFFFFFFFFFFFFFFFFFF00
:10C26000FFFFFF3447FFF00005FF000005C000009E
:10C27000000000027000000002EF00000002EFF07A
:10C28000000DFFFFFF0220FFFFFFF08E1FFFFFFFEB
:10C2900000E7FFFFFFF03F5FFFFFFF08903447FF1D
:10C2A000F000000005FF0000000005C000000000D5
:10C2B0000000000000000000077000000002700095
:10C2C00005FA0000002EF000814F600002EFF0013F
:10C2D000DD07F0DFFFFFF0321E80F6FFFFFFF08E7C
:10C2E00027E0B9FFFFFFF00E73F19BFFFFFFF03F68
:10C2F00054F09AFFFFFFF0890AC0D83447FFF000DE
:10C300007F43F300005FF002F60CB0000005C000B0
:10C3100000BF10000000000009E300000000000062
:10C3200002100037888888888873EFFFFFFFFFFFBF
:10C33000FEFE32DFFFFFFFFFF9007FFFFDFFFFFD85
:10C3400010CFFFA07FFFFFFFFFFA0007FFFFF35FA3
:10C35000A00000CFFF3003000000CFFC0000000071
:10C3600000CFFFCCCCCCCCCCFFAFFFFFFFFFFFF961
:10C3700000002000000001FA00000006FF1000008D
:10C380000DFF7000006FFFF10001EFFFFA000BFFDF
:10C39000FFFF605FFFFFFFE0CFFFFFFFF6FEBFFF85
:10C3A000FFF9FD4FFFFFF9BF49FFFFF53FE52EFF06
:10C3B000D006FFFFFD200028BA60000430000031E5
:10C3C0001FE00006F91FE0007FFA1FE009FFFA1FD7
:10C3D000E0AFFFFA1FEBFFFFFA1FFFFFFFFA1FFF9F
:10C3E000FFFFFA1FE6FFFFFA1FE05FFFFA1FE004FE
:10C3F000FFFA1FE0003EFA0FD00002D70000000055
:10C40000000200000000000CFB2000000000FFFF05
:10C41000900000000FFFFFE6000000FFFFFFFC3070
:10C42000000FFFFFFFFF9100FFFFFFFFFFE60FFF81
:10C43000FFFFFFFFF2FFFFFFFFFFFD0FFFFFFFFF0B
:10C44000F800FFFFFFFFB2000FFFFFFD400000FFFD
:10C45000FFF70000000FFFA1000000006A4000008D
:10C460000000001444200144420DFFFF10DFFFF1E3
:10C47000FFFFF30FFFFF3FFFFF40FFFFF4FFFFF45D
:10C480000FFFFF4FFFFF40FFFFF4FFFFF40FFFFF21
:10C490004FFFFF40FFFFF4FFFFF40FFFFF4FFFFFD1
:10C4A00040FFFFF4FFFFF40FFFFF4FFFFF30FFFFE0
:10C4B000F39FFFC009FFFC001444444444420DFFB5
:10C4C000FFFFFFFFF1FFFFFFFFFFFF3FFFFFFFFF4A
:10C4D000FFF4FFFFFFFFFFFF4FFFFFFFFFFFF4FF32
:10C4E000FFFFFFFFFF4FFFFFFFFFFFF4FFFFFFFF17
:10C4F000FFFF4FFFFFFFFFFFF4FFFFFFFFFFFF4FB7
:10C50000FFFFFFFFFFF39FFFFFFFFFFC0002100094
:10C5100000420FE20003FB0FFE3004FB0FFFF404A8
:10C52000FB0FFFFF54FB0FFFFFFAFB0FFFFFFFFBAB
:10C530000FFFFFFFFB0FFFFFD6FB0FFFFD14FB0FED
:10C54000FFC104FB0FFB0004FB0CA00003FA00007A
:10C5500000000000000012000000000003FF600067
:10C560000000002EFFF500000001EFFFFF4000007B
:10C570001DFFFFFFF30000CFFFFFFFFE200AFFFFBC
:10C58000FFFFFFE00EFFFFFFFFFFF203999999996C
:10C590009950058888888888700FFFFFFFFFFFF398
:10C5A0000FFFFFFFFFFFF40BFFFFFFFFFFD10000B6
:10C5B00000000000003F9000003FFC00003FFD1025
:10C5C000003FFD10003FFD10001FFD100000CFF4E4
:10C5D000000000CFF4000000CFF4000000CFF40012
:10C5E0000000CFE0000000A4000000000000CD101B
:10C5F00000001FFD1000003FFD1000003FFD100077
:10C60000003FFD1000003FFD000008FF900008FF04
:10C61000900008FF900008FF900002FF90000007C4
:10C6200080000000000004500000000002FF6000D5
:10C630000000003FF70000000003FF700000000052
:10C640003FF7000006999AFFC99980FFFFFFFFFF9F
:10C65000FF3DFFFFFFFFFFF201113FF71110000048
:10C6600003FF70000000003FF70000000003FF70B0
:10C67000000000000CD30000006999999999980F67
:10C68000FFFFFFFFFFF3DFFFFFFFFFFF20000000C2
:10C6900000000000000156640000000003BFFEEF30
:10C6A000F91000007FFA1003DFE40008FFA009B4CE
:10C6B0001EFF504FFF200BFF26FFE1EFFF09CFFFCA
:10C6C00063FFFABFFF09FFFF54FFF61EFF51DFFBB8
:10C6D00009FFB003EFE204305FFC10002CFF956A05
:10C6E000FF9000000049DFFD920000000000000004
:10C6F00000000000CD20000000000000008FF500C9
:10C7000014664000000004EFACFFEFFF9100000052
:10C710001CFFA1004DFE300000009FF5AB31EFF48F
:10C720000007B105FFFFE17FFE100FFE302DFFF582
:10C730004FFF900CFFE000AFF65FFF6002FFF400D8
:10C7400006FFEFFB00004FFD10003EFFC00000029F
:10C75000DFE85401BFE300000005AEFF6007FF60A3
:10C76000000000000000004EF60000000000000085
:10C7700001A10000000000000000000000003ED009
:10C780000000000000000CFF80000000000006FF19
:10C79000FF200000000000EFFFFB00000000008F02
:10C7A000FCCFF4000000002FFB00FFD00000000BC6
:10C7B000FFC00FFF70000004FFFD01FFFF1000002D
:10C7C000DFFFE02FFFFA00007FFFFF9BFFFFF3007A
:10C7D0001FFFFFB00EFFFFC00AFFFFFE24FFFFFF99
:10C7E00060FFFFFFFFFFFFFFFA06CCCCCCCCCCCC28
:10C7F000CB300000000000360000000000007F8009
:10C80000DDDB00008DEFF8FFFFB007FFFFFD556F88
:10C81000F46FF8AFE2000574FF907E2000003FFA4D
:10C820000000000002EFB2504A00012EFD1DF48FFF
:10C83000B0FFFFD10BFFFFFBFFFE2000CFFFFB127D
:10C84000210000029FC000000000005B0000000704
:10C85000A00000000008FFB000000008FFFFB000CB
:10C860000008FF95FFB00008FF9005FFB007FF909C
:10C870000005FFB09F90000005FD00400000000390
:10C88000104C20000000B60BFE200000CFF02EFE62
:10C890002000CFF4002EFE20CFF400002EFECFF4B7
:10C8A0000000002EFFF4000000002EF40000000045
:10C8B000001300000000083000000000000000BF6E
:10C8C000F308BBBBBB90000BFFFF39FFFFFFF1007C
:10C8D0008FCFCFF000000AF100382F948000000ABB
:10C8E000F100002F900000000AF100002F900000DE
:10C8F000030AF130002F9000001FCBF8F8002FEB57
:10C90000BBBB39FFFFE2001FFFFFFFB09FFD200010
:10C91000000000000008D10037888700000000EF09
:10C92000FFFFA0000000FFFFFFFDCCCCB6FFFFFF24
:10C93000FFFFFFFFFFFFFFFFFFFFFFFFFFFFFFFF07
:10C94000FFFFFFFFFFFFFFFFFFFFFFFFFFFFFFFFF7
:10C95000FFFFFFFFFFFFFFFFFFFFFFFFFFFFAFFF37
:10C96000FFFFFFFFF900000000000000000001DDF4
:10C9700010000000001DFFD100000001DFFFFD10CE
:10C9800000001DFFFFFFD100009FFFFFFFF9000027
:10C99000011CFFC1100000000CFFC0000000000CD3
:10C9A000FFC0000000000CFFC0000079993BFFB3FE
:10C9B0009997FFFFB2442BFFFFFFFFFEDDEFFFFF64
:10C9C000FFFFFFFFFAB3CFACCCCCCCCCCCCA00007D
:10C9D0000000000200000000000004FFC70000008B
:10C9E0000000AFFFF0000000001FFFFD000000008E
:10C9F00006FFFFC00000000008FFF7000000000075
:10CA00000CFF300000000004FFC00000000001EF38
:10CA1000F300004A3002DFF80005DFFE15EFFB00EF
:10CA200000EFFFFFFFFA00000BFFFFFFF700000021
:10CA30007FFFFFA200000002BA8500000000000492
:10CA4000860000001006FFFA0002DFD1EF3CF10182
:10CA5000DFFA0EE0AF21DFFA009FEFF6DFFA000009
:10CA60008DFFFFFB00000006FFFD00000048EFFF08
:10CA7000F600006FFFFBFFF6000EF3CF23FFF6007A
:10CA8000EE0AF204FFF609FEFC0004FFF108DA10DA
:10CA90000002620000000000000000006FFFF98744
:10CAA000000008FFFF98F708A68FFFF95990FFA82C
:10CAB000FFFFFCCC0FFA8FFFFFFFF1FFA8FFFFFF86
:10CAC000FF1FFA8FFFFFFFF1FFA8FFFFFFFF1FFA15
:10CAD0008FFFFFFFF1FFA8FFFFFFFF1FFA7FFFFFA0
:10CAE000FFF0FFE3122222210FFFFFFFF90000AC4D
:10CAF000CCCCCB5000004999999995000EFFFFFFCF
:10CB0000FFF600FD2222224FF60FC0000001FFF3C6
:10CB1000FC0000001FFF6FC0000002FFF6FFFFFFD8
:10CB2000FFFFFF6FFFFFDCFFFFF6FFFFB005FFFF1A
:10CB30006FFFF6000FFFF6FFFFC006FFFF6FFFFF5E
:10CB4000EDFFFFF69FFFFFFFFFFD10CDDDDDDDDD1B
:10CB5000DD2FFFFFFFFFFFF312222222222200001F
:10CB600000000000000000000000000FFFFFFFFFBA
:10CB7000FFF3DEEEEEEEEEEE20000000000000001F
:10CB800000000000000DEEEEEEEEEEE2FFFFFFFF14
:10CB9000FFFF300000000000003788888888887315
:10CBA000EFFFFFFFFFFFFEEFFFFFFFFFFFFE1CFF9A
:10CBB000FFFFFFFFC1D28FFFFFFFF82DFF64EFFFE4
:10CBC000FE45FFFFFA2BFFB2AFFFFFFFD3553DFF3E
:10CBD000FFFFFFFFBBFFFFFFFFFFFFFFFFFFFFAFF9
:10CBE000FFFFFFFFFFF9000000000001FFFFF00062
:10CBF00004FFFFD00006FFFF800008FFFF30000A9F
:10CC0000FFFFAAA60CFFFFFFF80EFFFFFFE10BDD01
:10CC1000DFFF6000004FFD0000007FF3000000BF59
:10CC2000A0000000FF10000003F800000003C00097
:10CC3000000000200000000455EFB5520000FFFD89
:10CC40001FFFB0000FFFFFFFFC0000FFFF5333206A
:10CC5000000FFF97FFFB5700FFF8AFFFC6F80FFF6D
:10CC60008AFFFC4AA1FFF8AFFFE3220FFF8AFFFF14
:10CC7000FFF4FFF8AFFFFFFF4FFF8AFFFFFFF43520
:10CC800052AFFFFFFF40000AFFFFFFF400007FFFED
:10CC9000FFFE20000001100000000000AF000000B7
:10CCA00000018FFA30000002EFFFFF500000BFFFCD
:10CCB000FFFF10001FFFFFFFF50003FFFFFFFF70E6
:10CCC000005FFFFFFFF90008FFFFFFFFC000DFFF6D
:10CCD000FFFFFF209FFFFFFFFFFD0EFFFFFFFFFF96
:10CCE000F2022222222221000008FFC000000000E0
:10CCF00009A20000005BBBBBBBBBBBBBA3FFFFFF2C
:10CD0000FFFFFFFFFBFC0C30E11D0D11FCFC0B30A5
:10CD1000E01D0D10FCFFFEFFEFFEFEEFFCFFF15AE1
:10CD20000870A05FFCFFF37B2992C27FFCFFBFCBA2
:10CD3000BBBBBFCBFCFC0B2000000D00FCFFCFCC2D
:10CD4000CCCCCFCCFB9FFFFFFFFFFFFFF600000026
:10CD50000000000200000000000005DFB00000003D
:10CD60000007EFFFD000000018FFFFFF7000002950
:10CD7000FFFFFFFF00003BFFFFFFFFF8000AFFFF80
:10CD8000FFFFFFF1000FFFFFFFFFFFA000049AAAC3
:10CD9000AFFFFF20000000000EFFFB0000000000BE
:10CDA0000EFFF400000000000EFFC00000000000B5
:10CDB0000EFF5000000000000DFD0000000000000C
:10CDC00004B300000035555502000FFFFFF2F400D8
:10CDD000FFFFFF2FF40FFFFFF2FFF3FFFFFF3222F1
:10CDE0001FFFFFFFFFF7FFFFFFFFFF8FFFFFFFFFAB
:10CDF000F8FFFFFFFFFF8FFFFFFFFFF8FFFFFFFFC1
:10CE0000FF8FFFFFFFFFF8FFFFFFFFFF8FFFFFFF19
:10CE1000FFF88AAAAAAAAA3000000024553100000F
:10CE2000000003AFFFFFFFC7000002BFFFFEDEFFF1
:10CE3000FFF6005FFFB51000038EFFB0DFD30000E8
:10CE40000000008FF5180005AEFEC8100460000257
:10CE5000DFFFFFFFF80000000CFF95347DFF40006E
:10CE60000002A2000000770000000000029600000F
:10CE700000000000000DFF500000000000000EFF49
:10CE80006000000000000005DA000000005BBBBB92
:10CE9000BBBBBBBBBA20FFFFFFFFFFFFFFFF90FC48
:10CEA0001222222222220FF7FC5FFFFFFFFFFF2C3E
:10CEB000FAFC5FFFFFFFFFFF21FAFC5FFFFFFFFFB0
:10CEC000FF27FAFC2666666666661FFAFEBBBBBBDA
:10CED000BBBBBBBFB1AFFFFFFFFFFFFFFF500000B9
:10CEE000000000000000005BBBBBBBBBBBBBBA20AB
:10CEF000FFFFFFFFFFFFFFFF90FC12222222210015
:10CF00000FF7FC5FFFFFFFF8000CFAFC5FFFFFFF6D
:10CF1000F80001FAFC5FFFFFFFF80007FAFC266645
:10CF2000666663000FFAFEBBBBBBBBBBBBBFB1AF4A
:10CF3000FFFFFFFFFFFFFF500000000000000000A8
:10CF4000005BBBBBBBBBBBBBBA20FFFFFFFFFFFF50
:10CF5000FFFF90FC1222221000000FF7FC5FFFFF82
:10CF6000D000000CFAFC5FFFFFD0000001FAFC5F6C
:10CF7000FFFFD0000007FAFC2666665000000FFA9B
:10CF8000FEBBBBBBBBBBBBBFB1AFFFFFFFFFFFFF28
:10CF9000FF500000000000000000005BBBBBBBBBFB
:10CFA000BBBBBA20FFFFFFFFFFFFFFFF90FC122279
:10CFB000000000000FF7FC5FFF300000000CFAFCDF
:10CFC0005FFF3000000001FAFC5FFF300000000747
:10CFD000FAFC2666100000000FFAFEBBBBBBBBBB11
:10CFE000BBBFB1AFFFFFFFFFFFFFFF50000000001E
:10CFF00000000000005BBBBBBBBBBBBBBA20FFFF9C
:10D00000FFFFFFFFFFFF90FC0000000000000FF794
:10D01000FC0000000000000CFAFC00000000000012
:10D0200001FAFC00000000000007FAFC000000000C
:10D0300000000FFAFEBBBBBBBBBBBBBFB1AFFFFF6A
:10D04000FFFFFFFFFF500000000000000000000095
:10D0500000000007B20000000000000ADFFA000034
:10D0600000000000A93DF5000000044002E00010AF
:10D07000000000AFF80B600000006C30FFFFFFFF06
:10D08000FFFFFFFFF4AFF9000C5000006D400550AA
:10D090000004C00000100000000000C43EE80000D2
:10D0A000000000002EEFFA000000000000004FFA20
:10D0B000000000000000000000000000000110005F
:10D0C000000007EFFFB30000AFFD8FFF2004FFFD5E
:10D0D00009FFB00AFEFD12AFF00EF55D2C0EF30F46
:10D0E000FF33129FF50FFFF307FFF60FFFE206FF76
:10D0F000F60FFE24137FF50DF57D2C0DF30AFFFDD1
:10D1000011BFF003FFFE0BFFA0007FFEBFFE10006B
:10D1100003ACDC810000003443000005667FFFF9AA
:10D120006650FFFFFFFFFFFF356666666666501CB0
:10D13000CCCCCCCCC402FFFFFFFFFF602FF3FB7F02
:10D140006DF602FF2FB7F5DF602FF2FB7F5DF60271
:10D15000FF2FB7F5DF602FF2FB7F5DF602FF2FB7E1
:10D16000F5DF602FF3FB7F6DF601FFFFFFFFFF5040
:10D1700007BCCCCCCC9000000000000001200000D7
:10D1800000000004FF500000000002FFFF500000FC
:10D19000000439FFFE00000004FF39FFA000000476
:10D1A000FFFF39B0000004FFFFFF20000004FFFF75
:10D1B000FFB0000004FFFFFFB0000004FFFFFFB05E
:10D1C000000004FFFFFFB0000000BFFFFFB0000041
:10D1D000000DFFFFB000000000FFFFB000000000E6
:10D1E00009A8600000000000000017888888888770
:10D1F000400002EFFFFFFFFFFFF4003EFFFFCFFF05
:10D20000CFFFF703EFFFF908F809FFF83EFFFFFE35
:10D2100020402EFFF8DFFFFFFFE101EFFFF89FFF47
:10D22000FFFF80008FFFF809FFFFF902C209FFF836
:10D23000009FFFFE4EFE4EFFF80009FFFFFFFFFFBD
:10D24000FFF700008FFFFFFFFFFFC100000000009D
:10D250000003EFFFFFE203FBFBCEBFA4FF1D03A112
:10D26000FAFFF1D03A1FAFFFFFFFFFFAFFFFFFFF0A
:10D27000FFAFFFFFFFFFFAFFFFFFFFFFAFFFFFFF63
:10D28000FFFAFFFFFFFFFFAFFFFFFFFFFAFFFFFF08
:10D29000FFFFADFFFFFFFFF829AAAAAAA800000020
:10D2A000000000000300000000000004F10008205E
:10D2B000000001FF100BF70000002FF10CFF944459
:10D2C0004445FF1BFFFFFFFFFFFFF18FFFFFFFFF45
:10D2D000FFFD007FF70000000000006F600000000D
:10D2E000000000300000000000000000000000000E
:10D2F000000000000000C003000000000000C003A8
:10D30000030A00000F008005050500051C00D00978
:10D310000A0A00004E00B008090F00FE9200D00B70
:10D320000C0A0000CE00A0090A0B00FF0501F00264
:10D33000030500050D01B004040E01FD2901C00420
:10D34000040E00FD4501A005060600055701200852
:10D350000807000273013003030500FE7B0160052E
:10D360000503000383013003030300008801F00478
:10D37000070EFFFFB9015009090A0000E601300558
:10D38000040A0000FA011008080A0000220200083E
:10D39000080A00004A0260090A0A00007C0210081C
:10D3A000080A0000A402A008090A0000D1026008CF
:10D3B000080A0000F9020009090A00002603A00873
:10D3C000080A00004E033003030800005A0330032C
:10D3D000030B00FD6B032008080800018B032008E5
:10D3E00008060002A303200808080001C303000880
:10D3F000080A0000EB03800E0E0D00FD4604400AF3
:10D400000C0AFF008204A00A090A0100AF04200AE6
:10D410000A0A0000E104900B0A0A010013056009E2
:10D42000080A01003B05E008080A01006305D00A6C
:10D430000A0A00009505600B090A0100C2055004A4
:10D44000020A0100CC053007070AFF00EF05100AA9
:10D450000A0A010021065008080A01004906600D69
:10D460000B0A01008006600B090A0100AD06C00B23
:10D470000C0A0000E906200A090A01001607C00B81
:10D480000C0D00FD6407300A090A01009107B0087D
:10D49000090A0000BE073008090A0000EB07100B5C
:10D4A000090A01001808F0090B0AFF004F08C00F15
:10D4B000100A00009F0870090A0A0000D10810092C
:10D4C0000B0AFF0008093009090A00003509B004F9
:10D4D000040E01FD5109F004070EFFFF8209B0049C
:10D4E000040E00FD9E09300807060102B30900077B
:10D4F000070100FFB709600805020109BC096008BF
:10D5000008080000DC099009080B0100080A00085F
:10D5100008080000280A9009090B00005A0A900820
:10D52000080800007A0AF004060B00009B0AB00904
:10D53000090B00FDCD0A9009080B0100F90AE00370
:10D54000020B0100040B0004050EFEFD270BA008D2
:10D55000080B0100530BE003020B01005E0BD00E21
:10D560000D080100920B900908080100B20BE008B9
:10D5700009080000D60B9009080B01FD020C900968
:10D58000090B00FD340CC00505080100480C00071C
:10D5900007080000640CD005060A0000820C800910
:10D5A00008080100A20CD0070908FF00C60C900C67
:10D5B0000D080000FA0CC007080800001A0DD0077B
:10D5C000090BFFFD4C0D500707080000680DF00423
:10D5D000050E00FD8B0D3004020E01FD990DF004C7
:10D5E000050E00FDBC0D200808030003C80DE00572
:10D5F00006050006D70D600404030003DD0D000ED0
:10D600000F0FFFFE4E0E000E0E0B00009B0E000EC5
:10D610000E0D00FFF60E000E0E0B0000430FA009CA
:10D620000A0B00007A0F000E0E0F00FEE30F000E33
:10D630000E0F00FE4C10C00F100D00FFB410000EB6
:10D640000E0F00FE1D11C00F100B00007511000E13
:10D650000E0F00FEDE110007070C00FF0812800A03
:10D660000B0C00FF4A12C00F100E00FEBA12000E83
:10D670000E0B00000713A0090A0F00FE5213400C06
:10D680000A0E01FE9813400C0D0F00FEFA13400C19
:10D690000D0D00FF4F14400C0D0D00FFA414400CA5
:10D6A0000A0E01FEEA14400C0E0DFFFF4515C008DE
:10D6B000090D00FF8015C008090D00FFBB15400CC7
:10D6C0000D0D00FF1016400C0D0400032A16C00FAC
:10D6D000100B000082168011120F00FE0917C00FF8
:10D6E000110FFFFE8917000E0E0D00FFE417400C0E
:10D6F0000D0800011818400C0D0800014C1880118D
:10D70000120B0000AF18000E0E0B0000FC18000EEC
:10D710000E0F00FE6519000E0F0FFFFED619400C0C
:10D720000D0D00FF2B1A400C0D0F00FE8D1A400C42
:10D730000D0D00FFE21A400C0D0C00FF301B000E17
:10D740000E0B00007D1BC0080A0FFFFEC81B400C1B
:10D750000D0F00FE2A1C400C0D0F00FE8C1CC00F8C
:10D76000100B0000E41C000E100FFFFE5C1D800A71
:10D770000B0F00FEAF1D8011120D00FF241E801143
:10D78000120A00007E1E8011120A0000D81E8011AD
:10D79000120A0000321F8011120A00008C1F801133
:10D7A000120A0000E61F8011120C00FF5220400CEC
:10D7B0000C0F00FEAC20400C0D0F00FE0E21000EE1
:10D7C0000F0FFFFE7F218011120B0000E221800A63
:10D7D0000B0F00FE3522100E0F0A00000000721F12
:10D7E00051EF58EF5BEF5CEF5DEF61EF63EF65EFDB
:10D7F00069EF6CEF71EF76EF77EF78EF8EEF93EFE5
:10D8000098EF9BEF9CEF9DEFA1EFA2EFA3EFA4EFAA
:10D81000B7EFB8EFBEEFC0EFC1EFC4EFC7EFC8EF8F
:10D82000C9EFCBEFE3EFE5EF14F015F017F019F0C7
:10D8300030F037F03AF043F06CF074F0ABF03BF1BD
:10D8400090F191F192F193F194F1D7F1E3F13DF27E
:10D8500054F2AAF412F7F2F7200000005F00010072
:10D86000000000000000000000000200B000000006
:10D87000F3F76000DCD70308000000003E0003005F
:10D88000000001020003040502060708090A090A4C
:10D890000B0C000D0E0F101112130C1414000000CD
:10D8A0001516171819161A1B1C1D1D1E1F201D1DCD
:10D8B0001621222303241E2525262728292A2B006A
:10D8C0002C002D2E2F303132332D343435302D2D88
:10D8D0002E2E36373839333A3A3B3A3C2900000984
:10D8E0003D090000000000000000000000000000F2
:10D8F0000000000000000000000000000000000028
:10D900000000000000000000000000000000000017
:10D910000000000000000000000000000000000007
:10D9200001020003040502060708090A090A0B0C94
:10D930000D0E0F10110C1213141515000000161700
:10D940001819171919191719191A1919191917194D
:10D950001719031B1C1D1D1E1F202122230024003C
:10D960002526272727002726282926262A2A272A68
:10D97000272A2B2C2D2E2E2F2E3000002309310983
:10D980000000000000000000000000000000000097
:10D990000000000000000000000000000000000087
:10D9A0000000000000000000000000000000000077
:10D9B0000000000000000000000000000001000066
:10D9C0000000000000010000020000000002000052
:10D9D0000000000000000000000000000000010046
:10D9E00000000000000000000000000000010A002C
:10D9F00006FB00000000F4F3020B0504F7020B0124
:10DA000009020700000000000000000000000D02F5
:10DA1000FE0000000000000000000000000400F90B
:10DA20000000000000FC04040000FE00FE0200FEF6
:10DA300000FEFFFC00000000FE0000FDFD0000FEF7
:10DA400000FC000000000000000000FEFE00FD00E1
:10DA5000FA00E50000FC0004070000FC02020704D5
:10DA6000FC040000F30000000000000000000000C3
:10DA7000F80000000000000000000000000000FAB4
:10DA8000FDF500F7FE00000000000900F9FEFF01AF
:10DA900000FC0000FEEF000000000000000000009D
:10DAA00000EEFE0900000000000000000000000081
:10DAB000F700000000000000000000070002000066
:10DAC000FC0000000000000000000000000000005A
:10DAD000000009020100000000000000000000003A
:10DAE0000000000000000000000000000000000036
:10DAF000000000000000000000000000F80000002E
:10DB00000000000000000000000000000000000015
:10DB100000000002040207FE000004FEF9E1020614
:10DB20000400FD00080007000700EB00FD070007E8
:10DB3000FE0402000001FE0000FC120012000700BB
:10DB400009030407000000F80000000001FE0002C5
:10DB5000FCFDFC0200FE000000F7000000000000D9
:10DB60000000000000F100000000000000000000C4
:10DB7000000000000001F400F200000000FE0016AA
:10DB8000FDFD0202FE00FD020000F40000000000A6
:10DB9000000000000000EA00020000000000000099
:10DBA0000000000000F2000D0000F8000700F1EA9C
:10DBB000F1FC070000F10003FB00FD000000000085
:10DBC000000000000000000607E500000000000063
:10DBD0000000000000000B00020000000000020234
:10DBE000FDFC00FFFFFE0000FE000000FC00FE0048
:10DBF000FBFC00FAF9F9FC00FC00FC00000000FE50
:10DC00000000020002FE000100000002FE00000011
:10DC1000FE0202FF000000FC00FF00000000000107
:10DC20000003FE00FD00FC0000FE00070000FE00F7
:10DC300000000000FF01FEFE0000FE00FE000000EC
:10DC4000000000000000FFFF00FEFD0000000000DB
:10DC5000010000FE00FEFEFE0000000000000000CB
:10DC600000FF00000000FEFD00FD00F9FEF90400C9
:10DC700000FC02040600FAFFFD00FFF502FE02F4BC
:10DC800002000001F400F4FEEDFE00F500040600C1
:10DC900003000000000000FCFD00F9000000FE0091
:10DCA0000000FE0000000000FFFF00FFFD0000007C
:10DCB00000000000FEFE00FEFDFE0000FE00000071
:10DCC0000000000000000000FEFE00FD00FE00FC61
:10DCD000020000FD010202000000000000FE000042
:10DCE000000000020000FE00FEFEFD00000000003B
:10DCF00000000200FE00000000FEFD00FC0007FE28
:10DD000001F9000006F5F4F7FC0200FEF1FC00FC4E
:10DD100000FC03FCF200FA000001FF02FE0002001A
:10DD2000F9F700F5FBFBFBF9FDFA00FCFA01000135
:10DD300000FE0000000200020000000000000000E1
:10DD4000000000FE00FF00FFFE00FCFBFBFF00F9EF
:10DD5000000000000000FE0000000001FF000000C5
:10DD60000200000000000000000B000000000000A6
:10DD700002000000FE0000000000000000000000A3
:10DD8000FC00020000000000000000000000000095
:10DD9000FE000000FC00000000F5F9000000FDF5A9
:10DDA0000000FE0200FA0000000000000000000079
:10DDB000FC0000FC0000000000000000000000006B
:10DDC0000200FC00000000030002FCFC00FEFEFD5F
:10DDD000000000000000F900FE00FDFE00FBFAF963
:10DDE000FE00FC00F900000000120000010000FD30
:10DDF000000200F60000000000EBFC0707FEF70041
:10DE000002FD00F5FFFD02F0FE030003F8FDF8F946
:10DE1000F70000F3000D0000FF000000FFFFFEFA16
:10DE2000F900EB000000000000000000010000000D
:10DE300000000000000000000000000000FE00FFE5
:10DE4000FEFD0000FC00FE000000000000000000DD
:10DE5000000000000000FF00FC000004FF0300FBC6
:10DE600002FEFFFAFE00FDFEFE00FDFC0000FEFFCC
:10DE7000FEFCFD0000FE0002FE00FB000000FC00B6
:10DE8000FC00FCFC020000000000000000FC02009E
:10DE9000FD00FEFDF9FEFEFEFFFEFDFF000000009E
:10DEA00000FEFEFE0000000003FE00FE000000FE7B
:10DEB000FDFEFEFDFE000209FF00FA00FE0400FE6A
:10DEC000F7FD030000F5FC02FC0200FEFEF900FD78
:10DED000010000FC0000000202FCFC00FCFEFDFE54
:10DEE000FE00FC01FCFC0700000000000000000038
:10DEF0000200000000000000000000000000000020
:10DF00000000000000000000FC0000000000000015
:10DF10000000000000000000000000000000000001
:10DF200000000000000000000000000000000000F1
:10DF300000000000FE0000000000000000000000E3
:10DF400000000000000000000000000000000000D1
:10DF50000000FEFE000000000000000000000000C5
:10DF6000FD0000FD0000FEFE00000000FE000000BD
:10DF700000FF0000000000FE00000000FD00FC00AB
:10DF80000000F90002FB0400FEF50000FBFE00F7B4
:10DF9000FAFA0000F6FEF7F7F500FA00020FFD00AE
:10DFA000FBFEFFFEFCFAFCF8F7FBFE0000FE0001A2
:10DFB0000000F0FE0705FBF80001F900F5FEFE0485
:10DFC000EBFD010000F1FDF4FEF00000F0000D019A
:10DFD00000FE00000000FFFEF7FE00F10000000060
:10DFE000F900FE00FFFAF50000FFFDF9FE00FE005B
:10DFF000000000F6FEF9F9FEFCFAFEFC00FCFEF95A
:10E00000FD00FDFCFEFC000100FEF9000400FC0028
:10E01000000000030002FC0900FEFEFD00000000FD
:10E020000000F900FE00FDFE00FBFAF9FE00FC0214
:10E030000900000000120000010000FD00020000C5
:10E04000000000000000000000000000FEFC0000D6
:10E05000000000FF000000FEFE0000FCFE0000FCCF
:10E060000004FF00000000000001000000000304A5
:10E0700002FE00F9FC0007F9F9FCFC090402EDFEC0
:10E0800004FE00FE02FEF800FE02FDFEF9FE0000A6
:10E09000070400FA00F4FD06FDF701FDF9F9FE0999
:10E0A0000200FD00FA000207FBF8F7FA070001F092
:10E0B000FE02FCFEFB00FBF8FDFDFE0000FBFBFE8C
:10E0C000000705FEF400F4FD00F8F3FFF9FCF9FA8F
:10E0D000060000FD00FCFE00FEFC0004F90200004A
:10E0E000F400FEFBFCFEF9FAF9FB00F9FEFBFCF97B
:10E0F000FE0000010BFC00F9FE00FEFCFBFAFAF743
:10E10000FDFC0400FD00F5FD0104F9F8FCF907FE33
:10E1100001EBFC04FBFCF800F9F7FDFEFEFEFBF949
:10E12000FF00000706FEF100F3FB05F7F1FCF8F72E
:10E13000F5F90400000000FD000002FD0402FC04EB
:10E140000000F9FF00FF000101FE000000000000D8
:10E15000FE0000000002070000FD00000000FEFEBF
:10E16000FD0000000102000000000200FE000900A6
:10E17000040101FD00040000000200000000000096
:10E180000000000000070006000000000000000082
:10E19000000000000000F300FE040007000016036A
:10E1A000FCFC0202FE01F500000BF3000000000081
:10E1B000000000000000F1091F0000000000000046
:10E1C0000000000000F3000000000000000000005C
:10E1D000000000000000000000000000000000003F
:10E1E000FC0000FCFE000000000000000000000039
:10E1F0000000000000000000FE00FA000001000026
:10E20000021DFCFE0706FA0200000202FD000000EB
:10E210000000000000000000E30600000000000015
:10E220000000000000000000000000FA000000FAFA
:10E2300000000000FBFF000000FB00FD00F50000F7
:10E24000000000000000000000F1000000000100DC
:10E250000000000000FE0000FC00FD00FA000000CD
:10E26000FC02FD0000FAFEFB0000FA00FE00F500D3
:10E27000FE0000EEFCF7FEF80000F100FAFF0000DF
:10E28000000000000000FDFCFEFC00000000FB00A0
:10E29000FB03FE0400FEFBFEFCFC00FDFFFE02FA99
:10E2A000FF000000ECFEFD00FB00FEF5FE0000FE9E
:10E2B000FE000000000200FEFCFE04000000000062
:10E2C000000000000000000000000000000000004E
:10E2D000000000000000000000000000000000003E
:10E2E00000000000000003000000000000FB00FE32
:10E2F000000000FC02000000FAFEFC0000FA00FE34
:10E3000000F500000000EA00FCF8F50000F100FE56
:10E31000FD0000000000000000FEFDFFFD01000008
:10E3200004FD00070BFEFEF9030B0405FA030903C5
:10E3300006050600000000000000000000000E0BB3
:10E34000FCFE00FE120A120000000200000800009D
:10E35000FC000000000000000000FE0000000000C3
:10E360000000000300000000EDFDFEF7F50000F1E5
:10E37000000000000000000000000000000000009D
:10E3800000FC000000000000000000FE0000000093
:10E39000000000000300000000EDFDFEF7F50000A6
:10E3A000F700000000000000000000000000000076
:10E3B00000000000FE000000FB0200FE020402F963
:10E3C0000000FE02000200000000FA00FEFEFC0059
:10E3D000FEF7000EFE00FBFE00FEFC00FEFAFCFD58
:10E3E000000000FC000000000000000000FE000033
:10E3F0000000000000000300000000EDFDFEF7F546
:10E400000000F10000000000000B00000000000010
:10E4100000000000FC00F9FDFE07FEFEF701FF0111
:10E42000FEFA000500020102FBF7FD00F7FCFAF717
:10E43000F700FCFCFDFDFEFEFDFE00FEFF030003F9
:10E44000FE0007000000000000000000000000FEC9
:10E45000FEFE0000FA00FF00FC00000000000000CB
:10E4600000000000F30000000000000000000000B9
:10E47000FEFE00FD00000000FE0000FCFE0200FCAD
:10E48000FCFE00FAFEFBFEFD00FC000000000000A8
:10E490000000000000F100070000FC00000000FD8B
:10E4A00000FE0000FF0000FE00FB000009FDF9F97E
:10E4B00002020200FA020302070207FEFA0000F756
:10E4C0000000F9FA0000FC00FDFC00FD00FD00FE6C
:10E4D0000300FEF9FE080000FE00FC000003FB0044
:10E4E00002FE020000F900FEFF00FE02FE00000036
:10E4F000F7FDFB00F90000F50008FE00FC0001003C
:10E50000FE00FEF900FE0200000000FE000002FD19
:10E51000010000FDFE00FD00000000000000000002
:10E520000000000000000000F200050000FE0000F6
:10E5300000000000FEFE00000004000500000000D6
:10E5400000F2F3010A0704F70209000800040000C2
:10E550000000000000000000000C000000000000AF
:10E56000000000000000000000000000BCD903080B
:10E5700080D803081ED903083D31000069B00308A4
:10E58000ECD2030858D803086CE5030810000228F1
:10E5900000000000B9FF010869FC0108000000004C
:10E5A000100000000300000000FF01007CE50308EC
:10E5B000000000000000000000003C027804B306E8
:10E5C000EE08280B610D990FD01106143A166C183D
:10E5D0009D1ACB1CF71E212148236C258E27AC29C0
:10E5E000C72BDF2DF32F0332103418361D381C3A99
:10E5F000183C0E3E0040ED41D443B74594476B496B
:10E600003D4B084DCE4E8E504752FA53A6554C57AF
:10E61000EB58825A135C9D5D1F5F9A600E627A63AD
:10E62000DE643A668E67DA681E6A5A6B8D6CB86D66
:10E63000DA6EF46F04710D720C730274EF74D3759B
:10E64000AE76807748780779BC79687A0B7BA37BB4
:10E65000337CB87C347DA67D0E7E6D7EC17E0C7FC2
:10E660004C7F837FB07FD37FEC7FFB7F00800010E7
:10E67000161B2023272A2D30323537393B3D4041A8
:10E68000434547494B4C4E505153545657595A5B8A
:10E690005D5E60616263656667686A6B6C6D6E7013
:10E6A0007172737475767778797A7B7C7D7E8080E1
:10E6B0008182838485868788898A8B8C8D8E8F90D2
:10E6C00090919293949596969798999A9B9B9C9DDE
:10E6D0009E9FA0A0A1A2A3A3A4A5A6A7A7A8A9AAFC
:10E6E000AAABACADADAEAFB0B0B1B2B2B3B4B5B52C
:10E6F000B6B7B7B8B9B9BABBBBBCBDBDBEBFC0C069
:10E70000C1C1C2C3C3C4C5C5C6C7C7C8C9C9CACBAE
:10E71000CBCCCCCDCECECFD0D0D1D1D2D3D3D4D4FC
:10E72000D5D6D6D7D7D8D9D9DADADBDBDCDDDDDE52
:10E73000DEDFE0E0E1E1E2E2E3E3E4E5E5E6E6E7AF
:10E74000E7E8E8E9EAEAEBEBECECEDEDEEEEEFF012
:10E75000F0F1F1F2F2F3F3F4F4F5F5F6F6F7F7F879
:10E76000F8F9F9FAFAFBFBFCFCFDFDFEFEFF36436F
:10E77000F4631EE9B0279CB73A67B5513FF3962181
:10E78000F4A903D4BC0088960050AF4C4AC38B391F
:10E79000DCCD3BEBFF07C1FF0098FF2257FF485538
:10E7A000798B7D609E9E9E5053EF7373E59A9AEF2E
:10E7B000D2CDFFEEEBFF7A40EC9262F0B18FF4D055
:10E7C000BBF8ECE4FCBC47ABC868BAD893CEE7BE54
:10E7D000E1F5E5F3C2577ECD7595DB9DB3E9C4D174
:10E7E000F6E7EDC06B5CCB8679DAA89FE9CAC5F67F
:10E7F000EAE8F5A542F6B564F9CA90FBDEBBFDF286
:10E80000E3F6B629F7C34FFAD481FCE5B3FEF5E190
:10E81000DAC626E1D04DEADE80F2EBB2FAF7E09AF2
:10E82000A626ACB64DC4CB80DBDFB2F1F2E06ABB0A
:10E830006684C781A7D6A5C9E6C8E9F5E865CC9C7A
:10E8400081D5AEA5E1C5C8EDDCE9F8F157E1D47595
:10E85000E7DC9CEEE6C3F4F0E7FBF958EEFF76F157
:10E86000FF9DF5FFC4F9FFE7FDFF28CAFF4FD5FF65
:10E8700082E0FFB3ECFFE1F8FF26A7FF4DB7FF8072
:10E88000CCFFB2E0FFE0F3FF4370FF658AFF91AB7E
:10E89000FFBCCCFFE7E9FB636E8D7F88A1A4AABC17
:10E8A000C8CCD7E9EBEF9C9078AEA490C5BEB0DCA5
:10E8B000D8CFF1EFECBDBDBDE0E0E0EEEEEEF5F55A
:10E8C000F5FAFAFA3539E52F2FD32828C61C1CB7DC
:10E8D000601BD85B18C25714AD4F0E88AA248EA2B5
:10E8E0001F7B9A1B6A8C144AB1355EA82D51A02754
:10E8F00045921B31AB49399F3F309335287E231A0F
:10E90000E5881ED27619C06515A1470DE59B03D198
:10E910008802BD77029B5701C1AC00A797008F8387
:10E92000006460007B89006B79005C6900404D00E9
:10E9300047A0433C8E38327D2E205E1B42B37C388C
:10E940009F682F8B551E693333CAC02BB4AF249DEB
:10E950009E17778235D8FD2DC0FB25A8F9177FF5C6
:10E9600000B3FF00A0FF008FFF006FFF008CFB00D3
:10E970007CF5006CEF0051E61E51F4194AE6154390
:10E98000D80C36BF414C6D37405D2E344E23273EA8
:10E990007A6E54645A454F4737383226757575611B
:10E9A0006161424242212121FFFFFF00000100007E
:10E9B000FF000000FF0000000F00000094E50308C6
:10E9C000FFFFFF1F0001000001000000000404021F
:10E9D0000404040404040400000000000606060603
:10E9E00006060400060606060000000000000000FF
:10E9F000000000050200000000000000040000000C
:10EA000000000000020002020200020002020200F6
:10EA100000000000020000000000000002000000F2
:10EA200000000000010105050501050000000010BF
:10EA300001010000001022220C0C323232000032A0
:10EA4000321000000000040404040404040404045C
:10EA50000404040404000000D1B10208F9B0020863
:10EA600071B00208EDAF020889B10208A9B002082E
:10EA7000D1B002080B200108000000004F2001085F
:10EA8000C1210108000000000522010831630008CF
:10EA900031350108A3B300081DFE000847520008E5
:10EAA000D1F3020877EE000823EE00088F0C01086E
:10EAB00039F502081199000831630008E9360108A8
:10EAC000A3B300081DFE000847520008D1F3020856
:10EAD00077EE000823EE00088F0C010839F50208D4
:10EAE000119900081D1C6A6B6D6C706E6F7978004F
:10EAF000F0AF030841C6020800000000000000005B
:10EB00000000000008F803086400002064000020F2
:10EB1000C0020000F0AF030831BC02080000000092
:10EB2000000000000000000018F8030800000000CA
:10EB30000000000000030000F0AF030871BC0208F1
:10EB400000000000000000000000000010F80308B2
:10EB5000000000000000000000030000F0AF030808
:10EB600025B402085BB6020885B602080000000062
:10EB700024F803080401000082000000450700009B
:10EB8000F0AF030811A802080000000081A80208E5
:10EB90000000000030F8030864000020640000203A
:10EBA00040030000F0AF0308C7A502080DA6020845
:10EBB00055A60208000000003CF80308FFFFFF3FD5
:10EBC000FFFFFF3F85040000F0AF03081BA402080D
:10EBD00049A4020851A402080000000048F80308F4
:10EBE000340000001E0000004403000020F503086C
:10EBF000799C0208000000000000000000000000F6
:10EC000054F80308000000000000000000000000AD
:10EC10005CEB0308C9980208000000006199020833
:10EC20000000000060F803088200000000000000FF
:10EC300081080000FCF40308E194020800000000D1
:10EC400045950208000000006CF803080000000071
:10EC500000000000450A0000F0AF0308FF90020822
:10EC60005D9102088D9102080000000078F8030809
:10EC7000000000000000000041060000F0AF0308A3
:10EC80009D8C020800000000158D020800000000A5
:10EC900094F80308FFFFFF3F820000000504000016
:10ECA000B8EF03080000000000000000F98E020821
:10ECB0000000000084F803080000000000000000CD
:10ECC00080060000F0AF0308000000000000000014
:10ECD000000000000000000020F90308040100000B
:10ECE000FFFFFF3FC0030000F0AF0308000000007B
:10ECF000000000000000000000000000E4F803082D
:10ED0000640000202B000000C0020000F0AF0308E8
:10ED100000000000000000000000000000000000F3
:10ED20000CF9030864000020FFFFFF3FC002000051
:10ED3000F0AF030800000000000000000000000029
:10ED400000000000F8F80308640000202B00000019
:10ED5000C0020000F0AF0308000000000000000047
:10ED60000000000000000000B8F80308FFFFFF3FAC
:10ED700064000020C4020000F0AF0308000000009F
:10ED8000000000000000000000000000A0F80308E0
:10ED90002B00000064000020C4020000F0AF030854
:10EDA0000000000000000000000000000000000063
:10EDB000D0F803086400002064000020C0020000B6
:10EDC000F0AF030891390208F13A02080000000090
:10EDD0000000000070F90308C300000004010000F7
:10EDE000C0060000F0AF0308F93A02082D3B020804
:10EDF00000000000000000002CF90308640000205F
:10EE0000FFFFFF3F40030000F0AF0308CD3A0208C8
:10EE100000000000000000000000000060F903088E
:10EE200064000020FFFFFF3F00000000F0AF030878
:10EE3000C13B0208000000000000000000000000CC
:10EE40003CF9030864000020FFFFFF3F00000000C2
:10EE5000F0AF030800000000000000000000000008
:10EE6000000000004CF90308FFFFFF3FFFFFFF3FDA
:10EE700000000000F0AF03080000000000000000E8
:10EE80000000000000000000000000000000000082
:10EE90000000000000000000F0AF030800000000C8
:10EEA0000000000000000000000000000000000062
:10EEB000000000000000000000000000F0AF0308A8
:10EEC0000000000000000000000000000000000042
:10EED0000000000000000000000000000000000032
:10EEE000F0AF030800000000000000000000000078
:10EEF0000000000000000000000000000000000012
:10EF000000000000F0AF0308000000000000000057
:10EF1000000000000000000088F90308C3000000A2
:10EF20000401000000000000D8F403080000000005
:10EF300000000000000000000000000078F9030855
:10EF400064000020FFFFFF3F00000000B8EF03084F
:10EF500000000000000000000000000000000000B1
:10EF600090F9030864000020FFFFFF3F000000004D
:10EF7000F0AF0308D131020800000000E9310208B7
:10EF800000000000A0F90308FFFFFF3FFFFFFF3F65
:10EF900080030000F0AF0308392F020800000000D2
:10EFA000592F020800000000A8F903081A00000009
:10EFB0001A00000000030000F0AF03087D210208E2
:10EFC000ED2102080522020800000000B0F9030844
:10EFD000FFFFFF3FFFFFFF3F80060000B4F4030880
:10EFE0009D1E02080000000000000000000000005C
:10EFF000BCF9030864000020320000200105000075
:10F00000D0F9030824FA03083CFA0308F8F90308C6
:10F0100028FA030830FA030844FA030834FA03080C
:10F0200004FA03081CFA030820FA030858FA030834
:10F03000C8F90308E4F903088CF603082CFA03085E
:10F04000F4F90308FCF9030800FA030850F8030870
:10F0500008FA03080CFA030810FA030860FA030818
:10F06000C8F90308E8F90308D8F9030848FA0308BF
:10F0700040FA0308F0F9030838FA0308ECF903082A
:10F0800018FA030814FA0308DCF90308D4F9030892
:10F09000E0F90308C8F903085CFA030850FA03080A
:10F0A000CCF9030854FA03084CFA030808F60308DD
:10F0B00025030404040404040404040404040404F0
:10F0C00004040404040407012603030403040304E2
:10F0D00003040304030403040304030407010105F8
:10F0E00001050104010401040104010401040104F7
:10F0F00001050105010522030201060002012203A8
:10F10000D0F90308A4FA0308BCFA030874FA030848
:10F11000A8FA0308B0FA0308C4FA0308B4FA03080B
:10F1200084FA03089CFA0308A0FA030858FA0308B3
:10F13000C8F90308CCFA030864FA0308ACFA030818
:10F1400070FA030878FA03087CFA030880FA0308C7
:10F1500088FA03088CFA030890FA030860FA030897
:10F16000C8F90308E8F90308D8F90308C8FA03083E
:10F17000C0FA03086CFA0308B8FA030868FA03082F
:10F1800098FA030894FA0308DCF90308D4F9030891
:10F19000E0F90308C8F90308D0FA030850FA030895
:10F1A000CCF9030854FA03084CFA030808F60308DC
:10F1B00025030404040404040404040404040404EF
:10F1C00004040404040407012603030403040304E1
:10F1D00003040304030403040304030407010105F7
:10F1E00001050104010401040104010401040104F6
:10F1F00001050105010522030201060002012203A7
:10F2000008FB03080CFB030810FB030814FB0308AE
:10F2100018FB03081CFB030820FB030824FB03085E
:10F2200028FB030804FB030858FA0308C8F903087D
:10F23000CCFA0308FCFA0308E8FA030800FB030809
:10F24000F8FA030834FB0308E4FA0308D4FA0308C5
:10F250003CFB0308DCFA030830FB030838FB030817
:10F26000C8F9030848FB030840FB0308E0FA030859
:10F27000F0FA0308F4FA030850FB030854FB0308F0
:10F2800044FB03084CFB03082CFB0308D8FA0308D3
:10F29000ECFA0308C8F903085CFA030850FA0308FB
:10F2A000CCF9030854FA03084CFA030808F60308DB
:10F2B0000104010401040104010401040104010426
:10F2C00001040104020122030104010401040104F8
:10F2D0000104010401040104010401040104010406
:10F2E00001040104010401040104010401040104F6
:10F2F00001040104010422030201060002012203A9
:10F3000008FB03080CFB030810FB03085CFA030866
:10F31000C8F9030814FB030818FB03081CFB0308C7
:10F320004CFA0308C8F9030820FB030824FB030870
:10F3300028FB030858FA0308C8F9030858FB030818
:10F3400004FB0308DCF9030850FA030854FA030825
:10F3500008F603080100010001002203010001007A
:10F360000100220301000100010002000100010070
:10F370000100010001000000F0AF0308010A0208CB
:10F38000010D0208290D0208000000005CFB0308C3
:10F39000FFFFFF3FFFFFFF3FC0050000F0AF030886
:10F3A000F1F2010891F30108B5F301080000000033
:10F3B00068FB030882000000FFFFFF3F0505000017
:10F3C000F0AF030849F901087BF9010889F5010844
:10F3D0000000000074FB03080000000000000000B3
:10F3E00000030000F0AF03088D800108CD80010804
:10F3F000B98201080000000088FB0308FFFFFF3FFF
:10F40000FFFFFF3F44030000F0AF0308517C0108F9
:10F41000A57C0108157D01080000000094FB03088D
:10F42000640000200401000080070000F0AF030822
:10F43000E579010800000000000000000000000065
:10F44000B4FB0308C3000000C3000000C446000072
:10F45000F0AF030801C9020800000000000000002E
:10F460000000000014FC0308640000202B000000D2
:10F4700000000000F0AF0308E1C90208000000002E
:10F480000000000000000000E4FE0308640000200B
:10F49000FFFFFF3F0000000000FF030808FF030814
:10F4A00010FF0308C8F9030818FF030820FF03082A
:10F4B00008F60308F0AF0308D171010811720108C2
:10F4C000297201080000000028FF03080401000061
:10F4D0008200000085040000F0AF030849710108B4
:10F4E00000000000000000000000000038FF0308DA
:10F4F000FFFFFF3FFFFFFF3FC4020000F0AF030824
:10F5000079690108D3690108F16901080000000068
:10F5100044FF0308040100000D0000004007000044
:10F52000F0AF0308B958010800000000515A010863
:10F53000000000004CFF0308000000000000000075
:10F5400001060000040000080000000000000002A6
:10F55000000100001000000002400000000000A0B8
:10F560000000000005400000000000C8000000008E
:10F570000C4000000000409C00000000194000000A
:10F580000020BCBE0000000034400000BFC91B8E3C
:10F5900000000004B5400000504BCFD06607E2CF1A
:10F5A000010000006C4100003E8251AADFEEA7344A
:10F5B00001000000D9420000DCB5A0E23A301F97FC
:10F5C000FFFFFFFFB4450000FD25A0C8E9A3C14F20
:10F5D000FFFFFFFFFF3F0000000000800000000071
:10F5E000FF3F00000000008000000000576564003D
:10F5F00054756500467269004D6F6E0053756E005C
:10F6000053617400546875000000000047455420A1
:10F610002F646174612F322E352F776561746865B0
:10F62000723F713D25732661707069643D257326B4
:10F63000756E6974733D6D657472696320485454C6
:10F64000502F312E310D0A486F73743A2061706962
:10F650002E6F70656E776561746865726D61702E6E
:10F660006F72670D0A436F6E6E656374696F6E3AF1
:10F6700020636C6F73650D0A0D0A00004368616EAC
:10F6800067736861000000004C68617361000000EE
:10F690004E616E6368616E67000000005368696ABE
:10F6A00069617A6875616E67000000004775697965
:10F6B000616E67005368656E79616E6700000000D7
:10F6C0004265696A696E67004E616E6A696E6700BD
:10F6D0004B756E6D696E670058696E696E670000E4
:10F6E0004E616E6E696E670043686F6E6771696E1A
:10F6F000670000005368616E676861690000000080
:10F7000048656665690000005572756D7169000095
:10F71000586927616E000000577568616E0000002F
:10F7200044616C69616E00004A696E616E000000A0
:10F7300059696E636875616E0000000054616979F3
:10F7400075616E005368656E7A68656E0000000032
:10F750005869616D656E000048617262696E0000F3
:10F760005469616E6A696E004368616E67636875AB
:10F770006E00000051696E6764616F00486F6868D1
:10F780006F7400004368656E6764750048616E675A
:10F790007A686F75000000004775616E677A686F60
:10F7A000750000005A68656E677A686F7500000022
:10F7B00047616E7A686F75004C616E7A686F75008C
:10F7C00046757A686F75000053757A686F7500002A
:10F7D0004665620044656300417567004A756C00C8
:10F7E0004A616E004A756E00536570004D6172008B
:10F7F000417072004F6374004E6F76004D61790066
:10F800006C765F6F626A00006C765F77696E0000ED
:10F810006C765F74696C65006C765F74696C657694
:10F82000696577006C765F746578746172656100F4
:10F830006C765F7461627669657700006C765F74E0
:10F8400061626C65000000006C765F7377697463B9
:10F85000680000006C765F7370696E6E6572000000
:10F860006C765F7370696E626F7800006C765F73A0
:10F870006C696465720000006C765F7363616C652F
:10F88000000000006C765F726F6C6C65725F6C617B
:10F8900062656C006C765F726F6C6C657200000064
:10F8A0006C765F6D7367626F785F686561646572BF
:10F8B0005F627574746F6E006C765F6D7367626FF4
:10F8C000785F666F6F7465725F627574746F6E00D7
:10F8D0006C765F6D7367626F785F6261636B647291
:10F8E0006F7000006C765F6D7367626F785F68653C
:10F8F00061646572000000006C765F6D7367626F13
:10F90000785F666F6F746572000000006C765F6DE3
:10F910007367626F785F636F6E74656E740000006A
:10F920006C765F6D7367626F780000006C765F6D58
:10F93000656E755F70616765000000006C765F6DD5
:10F94000656E755F73656374696F6E006C765F6D6D
:10F95000656E755F736570617261746F720000002F
:10F960006C765F6D656E755F636F6E74000000008E
:10F970006C765F6D656E75006C765F6C6973745F35
:10F98000627574746F6E00006C765F6C69737400DE
:10F990006C765F6C6973745F746578740000000046
:10F9A0006C765F6C696E65006C765F6C65640000F8
:10F9B0006C765F6C6162656C000000006C765F6B5A
:10F9C0006579626F617264000A0000002000000027
:10F9D000312300002C0000002D0000002E0000004C
:10F9E0003A000000414243005F0000006200000056
:10F9F0006300000064000000650000006600000075
:10FA000067000000690000006A0000006B00000051
:10FA10006C0000006D0000006E0000006F00000030
:10FA20007000000071000000720000007300000010
:10FA300074000000750000007600000077000000F0
:10FA400078000000790000007A000000EF808C0050
:10FA5000EF819300EF819400EF959A00EF849C0072
:10FA6000EFA2A2004100000042000000430000009D
:10FA70004400000045000000460000004700000070
:10FA800048000000490000004A0000004B00000050
:10FA90004C0000004D0000004E0000004F00000030
:10FAA0005000000051000000520000005300000010
:10FAB00054000000550000005600000057000000F0
:10FAC00058000000590000005A0000006162630005
:10FAD000EF808D00210000002200000023000000C4
:10FAE0002400000025000000260000002700000080
:10FAF00028000000290000002A0000002B00000060
:10FB00002F00000030000000310000003200000033
:10FB10003300000034000000350000003600000013
:10FB20003700000038000000390000003B000000F2
:10FB30003C0000003D0000003E0000003F000000CF
:10FB4000400000005B0000005C0000005D00000061
:10FB50007B0000007D0000002B2F2D006C765F697C
:10FB60006D616765000000006C765F64726F7064A1
:10FB70006F776E006C765F64726F70646F776E2D56
:10FB80006C697374000000006C765F636865636B7A
:10FB9000626F78006C765F636861727400000000C9
:10FBA0005361000057650000546800004D6F00006D
:10FBB000467200006C765F63616C656E6461720012
:10FBC00053750000547500004A756E650000000012
:10FBD0004D61726368000000417072696C00000042
:10FBE000446563656D626572000000005365707462
:10FBF000656D6265720000004E6F76656D626572BC
:10FC0000000000004F63746F626572004175677594
:10FC1000737400006C765F63616C656E6461725F23
:10FC20006865616465725F6172726F7700000000E1
:10FC30004A756C79000000004A616E756172790046
:10FC400046656272756172790000000032303235AB
:10FC50000A323032340A323032330A323032320A27
:10FC6000323032310A323032300A323031390A32EF
:10FC70003031380A323031370A323031360A3230D8
:10FC800031350A323031340A323031330A323031D0
:10FC9000320A323031310A323031300A32303039C2
:10FCA0000A323030380A323030370A323030360AD1
:10FCB000323030350A323030340A323030330A32A2
:10FCC0003030320A323030310A323030300A313995
:10FCD00039390A313939380A313939370A3139393C
:10FCE000360A313939350A313939340A313939333B
:10FCF0000A313939320A313939310A313939300A60
:10FD0000313938390A313938380A313938370A3116
:10FD10003938360A313938350A313938340A313907
:10FD200038330A313938320A313938310A31393801
:10FD3000300A313937390A313937380A31393737EA
:10FD40000A313937360A313937350A313937340A09
:10FD5000313937330A313937320A313937310A31DB
:10FD60003937300A313936390A313936380A3139BA
:10FD700036370A313936360A313936350A313936AD
:10FD8000340A313936330A313936320A31393631AB
:10FD90000A313936300A313935390A313935380ABC
:10FDA000313935370A313935360A313935350A3185
:10FDB0003935340A313935330A313935320A313976
:10FDC00035310A313935300A313934390A3139346B
:10FDD000380A313934370A313934360A3139343551
:10FDE0000A313934340A313934330A313934320A78
:10FDF000313934310A313934300A313933390A3141
:10FE00003933380A313933370A313933360A31391F
:10FE100033350A313933340A313933330A3139331E
:10FE2000320A313933310A313933300A3139323912
:10FE30000A313932380A313932370A313932360A21
:10FE4000313932350A313932340A313932330A31F3
:10FE50003932320A313932310A313932300A3139E4
:10FE600031390A313931380A313931370A313931CA
:10FE7000360A313931350A313931340A31393133C1
:10FE80000A313931320A313931310A313931300AE6
:10FE9000313930390A313930380A313930370A319D
:10FEA0003930360A313930350A313930340A31398E
:10FEB00030330A313930320A313930310000000034
:10FEC00030310A30320A30330A30340A30350A30E1
:10FED000360A30370A30380A30390A31300A3131BF
:10FEE0000A3132006C765F63616C656E6461725FCB
:10FEF0006865616465725F64726F70646F776E00CD
:10FF000042746E310000000042746E320000000046
:10FF100042746E330000000042746E340000000032
:10FF200042746E35000000006C765F627574746F09
:10FF30006E6D6174726978006C765F627574746F4F
:10FF40006E0000006C765F62617200006C765F612B
:10FF500072630000D0000408000000204CBE0000C6
:10FF6000C40100087C030408000000102000000009
:10FF7000200200087C0304084CBE0020D4C400000A
:10FF80003C0200089C0304082000001000780000D8
:10FF90003C020008000000000000F07FFFFFFFFFB0
:10FFA000FFFFEF7F1001000043000000F8FFFFFF9C
:10FFB000004040404040404040404141414141407C
:10FFC0004040404040404040404040404040404031
:10FFD00040050202020202020202020202020202C0
:10FFE00002202020202020202020200202020202C5
:10FFF000020290909090909010101010101010101D
:020000040804EE
:100000001010101010101010101010100202020228
:10001000020288888888888808080808080808086C
:100020000808080808080808080808080202020268
:100030004000000000000000000000000000000080
:1000400000000000000000000000000000000000B0
:1000500000000000000000000000000000000000A0
:100060000000000000000000000000000000000090
:100070000000000000000000000000000000000080
:100080000000000000000000000000000000000070
:100090000000000000000000000000000000000060
:1000A0000000000000000000000000000000000050
:1000B000000000001C00000043000000F8FFFFFFEC
:1000C0000C0000000E0000000F0000002E000000D9
:1000D0004132018210035524F41AAA0101581EE08E
:1000E000F70308D0041AEC041AF0041AFC041AE40A
:1000F000041ADC041AD8041AE8041AF4041AF804DE
:100100002AD4081AF52819041AEC041B04F61C1941
:10011000081119081AFC0802410104132B2B2B2883
:100120000941542B5253540D0A094C474D5209684A
:100130001E43574A41503D22482D30332D312D3238
:1001400047222C226A69616E673230313922235F7F
:100150004D4F44453D310E180D49505354415254B2
:100160003D225443502E1E31352E323304780A324C
:10017000322E3639222C383027E9367C454E440D54
:100180001E434C4F53450E811201244001F0C2F82A
:1001900013B903140817041B0865045114F003086D
:1001A0001AF1041AF2041AF3042910A904711AB0FE
:1001B0000C1AB0281AB0281A542839109904811E34
:1001C000C0FB0308AC041AC4041AA4041AA8041A35
:1001D000B0041AA0041E38FC030840041AD00C1AFC
:1001E000D8041EFCF70308C8081A30141A0C041AA5
:1001F000EC0C1A04081AF8081AE0041EC0FE0308E2
:100200004C1001FF01FF01FF01FF01FF01FF01FF92
:1002100001FF01FF01FF01FF01FF01FF01FF01FFDE
:1002200001FF01FF01FF01FF01FF01FF01FF01FFCE
:1002300001FF01FF01FF01FF01FF01FF01FF01FFBE
:1002400001FF01FF01FF01FF01FF01FF01FF01FFAE
:1002500001FF01FF01FF01FF01FF01FF01FF01FF9E
:1002600001FF01FF01FF01FF01FF01FF01FF01FF8E
:1002700001FF01FF01FF01FF01FF01FF01FF01FF7E
:1002800001FF01FF01FF01FF01FF01FF01FF01FF6E
:1002900001FF01FF01FF01FF01FF01FF01FF01FF5E
:1002A00001FF01FF01FF01FF01FF01FF01FF01FF4E
:1002B00001FF01FF01FF01FF01FF01FF01FF01FF3E
:1002C00001FF01FF01FF01FF01FF01FF01FF01FF2E
:1002D00001FF01FF01FF01FF01FF01FF01FF01FF1E
:1002E00001FF01FF01FF01FF01FF01FF01FF01FF0E
:1002F00001FF01FF01FF01FF01FF01FF01FF01FFFE
:1003000001FF01FF01FF01FF01FF01FF01FF01FFED
:1003100001FF01FF01FF01FF01FF01FF01FF01FFDD
:1003200001FF01FF01FF01FF01FF01FF01FF01FFCD
:1003300001FF01FF01FF01FF01FF01FF01FF01FFBD
:1003400001FF01FF01FF01FF01FF01FF01FF01FFAD
:1003500001FF01FF01FF01FF01FF01FF01FF01FF9D
:1003600001FF01FF01FF01FF01FF01FF01FF01FF8D
:1003700001FF01FF01FF01FF01FF013C0000000040
:10038000000000000000000000000000000000006D
:0C03900000000000000000000000000061
:040000050800018965
:00000001FF
